gene,in_variance_set,in_centrality_set,in_kegg_set,n_sources,variance,variance_rank,in_degree,centrality_rank,kegg_pathway
A2M,True,False,False,1,20.15328182179736,181,,,
A2ML1,False,True,False,1,,,281,4352,
A4GALT,True,False,False,1,12.683076056541235,1146,,,
AAMP,True,True,False,2,8.937867475536132,3948,309,3673,
AAR2,False,True,False,1,,,432,1978,
AASDH,False,True,False,1,,,273,4580,
ABAT,True,False,False,1,9.35921486662768,3388,,,
ABCA10,False,True,False,1,,,308,3698,
ABCA2,True,True,False,2,13.600965258497776,892,295,4011,
ABCA3,True,False,False,1,11.426998460159531,1720,,,
ABCA6,True,False,False,1,11.196364997880158,1874,,,
ABCA7,True,False,False,1,9.104560970656356,3712,,,
ABCA8,True,False,False,1,12.46923370224186,1215,,,
ABCA9,True,False,False,1,9.725373138818869,3000,,,
ABCB1,True,False,False,1,10.593145517659613,2267,,,
ABCB4,True,False,False,1,11.159635516713893,1899,,,
ABCB8,True,True,False,2,9.154806131045904,3651,524,1291,
ABCC1,True,False,False,1,12.509128349659363,1206,,,
ABCC3,True,False,False,1,10.163063312470973,2601,,,
ABCC5,False,True,False,1,,,271,4641,
ABCC8,False,True,False,1,,,663,766,
ABCC9,True,False,False,1,10.627844336564642,2242,,,
ABCD1,True,False,False,1,10.356063151429808,2432,,,
ABCD2,True,False,False,1,10.127355580396172,2624,,,
ABCD3,False,True,False,1,,,298,3933,
ABCE1,False,True,False,1,,,313,3607,
ABCF2-H2BK1,True,False,False,1,12.622689459980826,1163,,,
ABCF3,False,True,False,1,,,814,486,
ABCG1,True,False,False,1,9.744346113471796,2988,,,
ABCG5,False,True,False,1,,,338,3137,
ABCG8,False,True,False,1,,,494,1482,
ABHD16A,True,False,False,1,8.303417906881634,4898,,,
ABHD18,False,True,False,1,,,289,4152,
ABHD8,True,True,False,2,9.099328994428182,3725,266,4776,
ABI3,True,False,False,1,13.123334694000611,1018,,,
ABI3BP,True,False,False,1,13.481069611258304,919,,,
ABL1,True,True,False,2,10.045597544592992,2695,459,1727,
ABLIM1,True,False,False,1,10.846668388605847,2092,,,
ABLIM3,True,False,False,1,11.981486578657693,1418,,,
ABR,True,False,False,1,11.889312618097078,1474,,,
ABRA,True,False,False,1,11.51929402253895,1656,,,
ABRAXAS2,False,True,False,1,,,292,4090,
ABTB1,True,False,False,1,10.968614671393912,2014,,,
ABTB2,True,False,False,1,10.628594746809148,2240,,,
ACAA1,True,False,False,1,10.866455713800605,2080,,,
ACACA,True,False,False,1,8.679047924535316,4295,,,
ACACB,True,True,False,2,11.659669571738538,1577,592,976,
ACAD10,False,True,False,1,,,413,2171,
ACAD9,False,True,False,1,,,657,782,
ACADS,True,False,False,1,10.189202226319834,2574,,,
ACADVL,True,False,False,1,10.412519386928471,2400,,,
ACAP1,False,True,False,1,,,268,4710,
ACAP3,True,True,False,2,11.141555401006087,1908,295,4014,
ACBD4,False,True,False,1,,,278,4450,
ACE,True,False,True,2,10.786874449379,2128,,,hsa05410
ACE2,True,False,False,1,8.875601710650713,4032,,,
ACKR1,True,False,False,1,10.610415606076478,2251,,,
ACKR3,True,False,False,1,10.514022238831442,2325,,,
ACLY,True,True,False,2,9.221306143356896,3555,301,3857,
ACMSD,False,True,False,1,,,295,4018,
ACOT1,True,False,False,1,10.07392629722328,2664,,,
ACOT11,True,True,False,2,8.378730095855849,4761,280,4384,
ACOT7,True,False,False,1,9.709640734661631,3014,,,
ACOX2,True,False,False,1,9.304916390174968,3448,,,
ACP2,True,False,False,1,9.631546428542077,3099,,,
ACSL1,True,False,False,1,9.096974834707463,3728,,,
ACSL5,True,True,False,2,10.357108233246926,2430,317,3520,
ACSM2A,False,True,False,1,,,447,1843,
ACSM2B,False,True,False,1,,,334,3196,
ACSM5,True,False,False,1,10.285902676438582,2487,,,
ACSS1,True,False,False,1,12.638490622235416,1161,,,
ACSS2,True,True,False,2,9.747303181789114,2984,279,4408,
ACSS3,True,False,False,1,10.271599953504492,2505,,,
ACTA1,True,False,False,1,31.3194401553505,30,,,
ACTA2,True,False,False,1,14.932021994505607,607,,,
ACTA2-AS1,True,False,False,1,12.980520238481706,1064,,,
ACTB,False,False,True,1,,,,,both
ACTBP11,False,True,False,1,,,297,3968,
ACTBP2,False,True,False,1,,,314,3585,
ACTBP9,False,True,False,1,,,293,4081,
ACTC1,True,True,True,3,51.6227207372153,2,266,4780,both
ACTG1,False,False,True,1,,,,,both
ACTG2,True,False,False,1,12.107975171747457,1365,,,
ACTL6B,False,True,False,1,,,464,1687,
ACTN2,True,True,False,2,30.47976750890796,32,369,2675,
ACTN4,True,False,False,1,16.000608551632244,443,,,
ACTR1B,False,True,False,1,,,353,2909,
ACTR8,False,True,False,1,,,279,4404,
ACVRL1,True,False,False,1,15.140836159758257,573,,,
ADA2,True,False,False,1,8.544309020632763,4503,,,
ADAD1,False,True,False,1,,,428,2028,
ADAM11,True,True,False,2,13.420691206808398,936,506,1415,
ADAM12,True,False,False,1,12.44413205977534,1226,,,
ADAM15,True,False,False,1,15.521980090106169,516,,,
ADAM19,True,False,False,1,10.323035679094623,2461,,,
ADAM23,True,False,False,1,11.657459346339593,1578,,,
ADAM28,True,False,False,1,8.665895919901871,4316,,,
ADAM33,True,False,False,1,12.314691138380237,1284,,,
ADAM7,False,True,False,1,,,460,1716,
ADAM8,True,False,False,1,8.84394731560973,4071,,,
ADAM9,True,False,False,1,14.08508665945781,779,,,
ADAMTS1,True,False,False,1,10.024742670074486,2713,,,
ADAMTS10,True,False,False,1,9.5900708318159,3155,,,
ADAMTS12,True,False,False,1,15.993091815351203,444,,,
ADAMTS13,False,True,False,1,,,465,1685,
ADAMTS14,True,False,False,1,13.487453202733484,918,,,
ADAMTS15,True,False,False,1,16.672716845922032,361,,,
ADAMTS18,True,False,False,1,11.37894807007168,1753,,,
ADAMTS19,True,False,False,1,11.42489502821684,1723,,,
ADAMTS2,True,True,False,2,13.271814466784935,978,306,3736,
ADAMTS20,False,True,False,1,,,315,3563,
ADAMTS5,True,False,False,1,10.349866771762889,2441,,,
ADAMTS7,True,False,False,1,12.811556439642,1105,,,
ADAMTS8,True,False,False,1,12.580013330476534,1177,,,
ADAMTS9,True,False,False,1,13.916151515655717,824,,,
ADAMTSL1,True,False,False,1,14.486886776129484,697,,,
ADAMTSL2,True,False,False,1,10.379411944142424,2421,,,
ADAMTSL4,True,False,False,1,12.432697790710996,1231,,,
ADAMTSL5,True,False,False,1,10.11536637363366,2632,,,
ADAP1,True,False,False,1,8.778065277913244,4157,,,
ADAP2,False,True,False,1,,,262,4910,
ADARB1,True,False,False,1,8.509700752696807,4560,,,
ADARB2-AS1,False,True,False,1,,,487,1531,
ADAT1,False,True,False,1,,,271,4638,
ADCK2,True,False,False,1,8.542785256022066,4506,,,
ADCK5,False,True,False,1,,,276,4503,
ADCY1,True,True,True,3,9.814306247457443,2905,328,3310,hsa05414
ADCY10P1,False,True,False,1,,,264,4842,
ADCY2,False,False,True,1,,,,,hsa05414
ADCY3,True,False,True,2,9.56874510773518,3173,,,hsa05414
ADCY4,True,False,True,2,12.314609626760568,1285,,,hsa05414
ADCY5,True,True,True,3,22.569582791311618,115,705,659,hsa05414
ADCY6,True,True,True,3,13.32147461292,960,377,2575,hsa05414
ADCY7,True,False,True,2,9.058747109213591,3776,,,hsa05414
ADCY8,False,True,True,2,,,284,4284,hsa05414
ADCY9,True,False,True,2,8.567605954720412,4469,,,hsa05414
ADCYAP1R1,True,False,False,1,8.719833389299705,4238,,,
ADD1,False,True,False,1,,,447,1838,
ADD2,True,False,False,1,13.008943245251638,1058,,,
ADGRA1-AS1,False,True,False,1,,,360,2797,
ADGRA2,True,False,False,1,15.926658614012682,455,,,
ADGRA3,True,False,False,1,8.364849083275143,4791,,,
ADGRB2,True,False,False,1,15.110910185362808,577,,,
ADGRB3,True,False,False,1,9.220154958554366,3556,,,
ADGRD1,True,False,False,1,12.14427241746168,1349,,,
ADGRE1,False,True,False,1,,,281,4355,
ADGRE2,False,True,False,1,,,398,2324,
ADGRE3,False,True,False,1,,,540,1211,
ADGRE5,True,False,False,1,10.439861654961916,2376,,,
ADGRF5,True,False,False,1,17.000018610427365,330,,,
ADGRG1,True,False,False,1,11.645510351965088,1581,,,
ADGRG6,True,False,False,1,11.792364385443994,1513,,,
ADGRL1,True,False,False,1,10.687579474816976,2187,,,
ADGRL3,True,False,False,1,15.2728742494438,553,,,
ADGRL4,True,False,False,1,14.25887242937218,736,,,
ADGRV1,False,True,False,1,,,694,692,
ADH1B,True,False,False,1,20.20724188804703,178,,,
ADH1C,True,False,False,1,8.42611608291439,4688,,,
ADIPOQ,True,False,False,1,8.604627173902335,4402,,,
ADIRF,True,False,False,1,19.087695080258584,221,,,
ADM2,True,False,False,1,8.82296954154142,4091,,,
ADORA1,True,False,False,1,13.724032464520356,865,,,
ADORA2A,True,False,False,1,9.504564176947316,3250,,,
ADPGK,False,True,False,1,,,307,3721,
ADPRHL1,True,True,False,2,18.076561956120074,260,567,1088,
ADRA1A,True,True,False,2,9.4991226010263,3252,293,4064,
ADRA2B,True,False,False,1,9.069340254854358,3767,,,
ADRB1,True,False,True,2,9.022491528219424,3825,,,hsa05414
ADRM1,True,False,False,1,8.498149398241953,4580,,,
ADSS1,True,True,False,2,9.683013636962036,3048,279,4421,
AEBP1,True,False,False,1,14.69197576569958,652,,,
AFAP1,True,False,False,1,9.524877003004644,3225,,,
AFAP1L1,True,False,False,1,10.59598515040166,2261,,,
AFAP1L2,True,False,False,1,10.614586067284296,2246,,,
AFDN,True,False,False,1,9.16653841207894,3633,,,
AFF2,True,False,False,1,8.308294709230365,4887,,,
AFF4,False,True,False,1,,,586,995,
AFG3L1P,False,True,False,1,,,355,2880,
AFM,False,True,False,1,,,355,2869,
AFP,True,False,False,1,12.148991435553391,1346,,,
AFTPH,False,True,False,1,,,299,3904,
AGAP2,True,False,False,1,10.355850057751782,2433,,,
AGAP2-AS1,True,False,False,1,11.23721591392258,1850,,,
AGAP3,True,True,False,2,10.011579086917866,2725,742,583,
AGAP5,False,True,False,1,,,268,4718,
AGFG1,False,True,False,1,,,555,1150,
AGO3,False,True,False,1,,,594,968,
AGPAT1,True,False,False,1,18.895942492837516,228,,,
AGPAT2,True,False,False,1,10.676326185387705,2196,,,
AGPS,False,True,False,1,,,398,2321,
AGRN,True,False,False,1,17.57751899071697,290,,,
AGT,True,False,True,2,11.621925447122154,1602,,,both
AGTR1,True,False,False,1,9.330972307731344,3420,,,
AGXT2,False,True,False,1,,,341,3084,
AHCTF1,False,True,False,1,,,269,4691,
AHCY,True,False,False,1,8.375401318725755,4768,,,
AHI1-DT,False,True,False,1,,,1999,30,
AHNAK,True,False,False,1,12.151724567119611,1345,,,
AHNAK2,True,False,False,1,14.446898159541345,704,,,
AHR,True,False,False,1,8.775916047103602,4163,,,
AHRR,True,False,False,1,8.965686341154674,3914,,,
AHSG,True,False,False,1,9.016510524952968,3837,,,
AIDAP1,False,True,False,1,,,371,2651,
AIF1,True,True,False,2,12.527181813153971,1203,445,1862,
AIF1L,True,False,False,1,16.517180635024836,377,,,
AIG1P1,False,True,False,1,,,927,366,
AIMP1,False,True,False,1,,,438,1926,
AJM1,True,False,False,1,8.993999711964046,3867,,,
AJUBA,True,False,False,1,9.63044512652338,3106,,,
AK5,True,False,False,1,8.882034119603874,4024,,,
AKAP1,True,False,False,1,8.735152034205347,4219,,,
AKAP10,False,True,False,1,,,279,4403,
AKAP12,True,False,False,1,9.360260163003524,3387,,,
AKAP6,True,True,False,2,15.803703378733234,472,462,1702,
AKAP8P1,False,True,False,1,,,534,1237,
AKR1C1,True,False,False,1,10.0495604749251,2690,,,
AKR1C2,True,False,False,1,9.134922838134052,3670,,,
AKR1C3,True,False,False,1,9.824294061341249,2894,,,
AKR1C4,False,True,False,1,,,307,3725,
AKR7L,False,True,False,1,,,373,2622,
AKT1,True,True,False,2,10.364902363144957,2425,496,1471,
AKT1S1,True,True,False,2,9.689064517404043,3045,346,3018,
AKT3,True,False,False,1,13.626434630744876,886,,,
AKT3-IT1,False,True,False,1,,,620,882,
ALAS2,True,False,False,1,11.096150308653304,1936,,,
ALB,True,False,False,1,13.37285905414476,951,,,
ALCAM,True,False,False,1,9.595174158248543,3150,,,
ALDH18A1,True,False,False,1,8.304343566590259,4896,,,
ALDH1A1,True,False,False,1,15.411670252934275,537,,,
ALDH1A2,True,False,False,1,10.931017524882902,2034,,,
ALDH1A3,True,False,False,1,16.33005679094619,400,,,
ALDH1L1,True,False,False,1,11.420749114186474,1726,,,
ALDH1L1-AS2,False,True,False,1,,,319,3487,
ALDH1L2,True,True,False,2,10.429080308861282,2389,325,3372,
ALDH4A1,True,False,False,1,13.528500319997974,904,,,
ALDH5A1,True,False,False,1,8.316837779528013,4876,,,
ALDH8A1,False,True,False,1,,,293,4063,
ALDOA,True,False,False,1,8.766631691687632,4178,,,
ALDOB,False,True,False,1,,,357,2844,
ALDOC,True,False,False,1,12.099176087644176,1375,,,
ALG12,True,False,False,1,9.762272441573788,2966,,,
ALG9,False,True,False,1,,,422,2082,
ALMS1,False,True,False,1,,,313,3601,
ALOX12P2,False,True,False,1,,,299,3927,
ALOX15P2,False,True,False,1,,,833,459,
ALOX5,True,True,False,2,11.138252827012076,1910,289,4165,
ALOX5AP,True,False,False,1,10.79826805597398,2123,,,
ALPK1,False,True,False,1,,,325,3369,
ALPK2,True,False,False,1,22.359846339203447,120,,,
ALPK3,True,False,False,1,18.96062501885913,225,,,
ALPL,True,False,False,1,12.166723308492758,1339,,,
ALS2,False,True,False,1,,,532,1242,
ALS2CL,True,False,False,1,9.925805496637407,2804,,,
ALYREF,True,False,False,1,9.291208410923732,3467,,,
AMBP,True,False,False,1,8.908822456933699,3992,,,
AMBRA1,True,True,False,2,9.26603998837238,3500,447,1839,
AMDHD2,True,False,False,1,8.967662282939411,3911,,,
AMER1,True,False,False,1,8.356698992544125,4805,,,
AMER2,False,True,False,1,,,537,1226,
AMHR2,True,False,False,1,9.02203948425958,3826,,,
AMIGO2,True,False,False,1,8.393719244371276,4735,,,
AMMECR1L,False,True,False,1,,,526,1273,
AMOT,True,False,False,1,9.106567724644362,3708,,,
AMOTL1,True,False,False,1,8.346971624156973,4830,,,
AMOTL2,True,False,False,1,11.25707807100192,1840,,,
AMPD2,True,False,False,1,8.91118304242046,3988,,,
AMT,True,True,False,2,8.654473210985008,4330,388,2444,
AMY2B,True,True,False,2,8.55434523964812,4490,394,2378,
ANAPC1,False,True,False,1,,,428,2026,
ANAPC1P2,True,False,False,1,9.099919346264636,3724,,,
ANAPC2,True,True,False,2,13.052072940050175,1044,670,741,
ANAPC4,False,True,False,1,,,282,4321,
ANAPC7,False,True,False,1,,,267,4744,
ANGEL2,False,True,False,1,,,570,1070,
ANGPT1,True,False,False,1,8.712800545457096,4242,,,
ANGPT2,True,False,False,1,9.722928648162682,3004,,,
ANGPTL1,True,False,False,1,11.026985357849457,1969,,,
ANGPTL2,True,False,False,1,10.628046678522187,2241,,,
ANGPTL4,True,False,False,1,11.729369411759572,1544,,,
ANK1,True,False,False,1,10.74190163711796,2156,,,
ANK2,True,True,False,2,11.45055939484056,1704,284,4280,
ANKIB1,False,True,False,1,,,515,1337,
ANKLE2,False,True,False,1,,,297,3965,
ANKMY1,False,True,False,1,,,398,2326,
ANKRD1,True,False,False,1,26.67493487867181,58,,,
ANKRD13B,True,False,False,1,8.762453353942588,4183,,,
ANKRD18A,True,False,False,1,9.833538607346236,2888,,,
ANKRD2,True,False,False,1,11.5429750715387,1650,,,
ANKRD20A19P,False,True,False,1,,,264,4848,
ANKRD44-IT1,False,True,False,1,,,302,3845,
ANKRD52,True,True,False,2,10.75817332358932,2149,342,3072,
ANKRD61,False,True,False,1,,,529,1256,
ANKRD63,True,True,False,2,11.373955085233964,1756,309,3684,
ANLN,True,False,False,1,14.105032653385631,770,,,
ANO1,True,False,False,1,13.795008474142122,850,,,
ANO2,True,False,False,1,9.021550057929703,3828,,,
ANO4,True,False,False,1,9.990434247805116,2746,,,
ANO5,True,True,False,2,14.995785701346469,596,303,3810,
ANO8,True,True,False,2,9.17117741967746,3621,273,4570,
ANOS1,True,False,False,1,11.903736175192874,1463,,,
ANPEP,True,False,False,1,21.547947243985465,133,,,
ANTXR1,True,False,False,1,10.578103875503476,2277,,,
ANTXRLP1,False,True,False,1,,,330,3283,
ANXA1,True,False,False,1,13.336825195344618,956,,,
ANXA10,True,False,False,1,8.419793259943317,4699,,,
ANXA2,True,False,False,1,9.33990805362742,3409,,,
ANXA3,True,False,False,1,9.119418670017142,3696,,,
ANXA6,True,False,False,1,8.43559302226917,4673,,,
AOAH,True,True,False,2,11.604214559082749,1614,860,434,
AOAH-IT1,False,True,False,1,,,686,712,
AOC3,True,False,False,1,12.438208118810682,1228,,,
AOX1,True,False,False,1,13.993201157460929,804,,,
AP1B1,True,False,False,1,9.039909070572604,3799,,,
AP1G1,False,True,False,1,,,719,628,
AP1G2,True,False,False,1,8.582204834539345,4439,,,
AP1G2-AS1,True,False,False,1,8.540969905091178,4511,,,
AP1S1,True,False,False,1,11.132503485121308,1911,,,
AP2A1,True,True,False,2,11.268378152135751,1834,566,1092,
AP2A2,True,False,False,1,9.536025909738102,3204,,,
AP3B1,False,True,False,1,,,384,2491,
AP3B2,False,True,False,1,,,572,1059,
AP3D1,False,True,False,1,,,312,3614,
AP3M1,False,True,False,1,,,320,3470,
AP4S1,False,True,False,1,,,291,4106,
APBA1,True,False,False,1,10.609561182575009,2253,,,
APBA2,True,False,False,1,9.238637873008452,3536,,,
APBB1,True,False,False,1,9.558545931914264,3186,,,
APBB1IP,True,False,False,1,12.24179784745238,1311,,,
APBB2,True,False,False,1,8.306343675819155,4890,,,
APCDD1,True,False,False,1,15.681522456809205,490,,,
APCDD1L,True,False,False,1,12.010446714097348,1410,,,
APH1A,True,True,False,2,10.676012719102562,2199,277,4469,
API5,False,True,False,1,,,382,2518,
APLN,True,False,False,1,15.680620867397444,492,,,
APLNR,True,False,False,1,16.632160199316733,363,,,
APLP1,True,False,False,1,10.285313568699898,2488,,,
APOA1,True,False,False,1,17.42230191113638,303,,,
APOA2,True,False,False,1,10.589941255729933,2270,,,
APOA5,False,True,False,1,,,348,2983,
APOB,True,False,False,1,17.1894793105122,316,,,
APOBEC2,True,True,False,2,22.475196137192317,118,331,3250,
APOBR,True,True,False,2,9.2887063718228,3471,556,1146,
APOC1,True,False,False,1,9.45481258896435,3296,,,
APOC4,False,True,False,1,,,299,3929,
APOD,True,False,False,1,16.14521769821336,425,,,
APOE,True,False,False,1,16.524780319972646,376,,,
APOF,False,True,False,1,,,391,2408,
APOH,False,True,False,1,,,310,3653,
APOL1,True,False,False,1,10.493272392601584,2344,,,
APOL3,True,False,False,1,14.738033358487488,644,,,
APOL6,False,True,False,1,,,281,4362,
APP,True,False,False,1,10.466572159060588,2364,,,
APPBP2,False,True,False,1,,,279,4401,
APRG1,False,True,False,1,,,1486,91,
APTR,False,True,False,1,,,309,3681,
APTX,False,True,False,1,,,289,4151,
AQP1,True,False,False,1,19.76215549866316,195,,,
AQP3,True,False,False,1,8.374517504862542,4770,,,
AQP4,True,False,False,1,9.221922810221512,3554,,,
AQP4-AS1,False,True,False,1,,,285,4269,
AQP7,True,True,False,2,13.273263425583048,976,267,4740,
AQP7B,True,False,False,1,8.32459319578819,4863,,,
AQP9,True,True,False,2,13.00615894115123,1059,331,3246,
AQR,False,True,False,1,,,638,827,
AR,True,False,False,1,8.447866125092768,4662,,,
ARAP1,True,False,False,1,13.426612059824986,932,,,
ARAP2,True,False,False,1,10.892538651096505,2065,,,
ARAP3,True,False,False,1,10.731354820976613,2164,,,
ARCN1,False,True,False,1,,,291,4105,
AREG,True,False,False,1,8.859497079123084,4054,,,
AREL1,False,True,False,1,,,492,1494,
ARF5,True,False,False,1,10.383480927759228,2417,,,
ARFGAP1,True,True,False,2,10.962464308483838,2018,741,586,
ARFGAP2,False,True,False,1,,,424,2064,
ARFGAP3,False,True,False,1,,,338,3146,
ARFGEF1,False,True,False,1,,,727,606,
ARFGEF2,False,True,False,1,,,463,1694,
ARFGEF3,True,False,False,1,8.534744760692966,4522,,,
ARFIP2,False,True,False,1,,,312,3617,
ARGFX,False,True,False,1,,,1406,108,
ARGFXP2,False,True,False,1,,,354,2906,
ARHGAP11A,True,False,False,1,10.968873179917695,2012,,,
ARHGAP15,True,True,False,2,10.905484002320774,2053,486,1537,
ARHGAP15-AS1,False,True,False,1,,,580,1025,
ARHGAP22,True,True,False,2,8.4535654009439,4655,345,3032,
ARHGAP23,True,False,False,1,14.98353759741896,599,,,
ARHGAP25,True,False,False,1,10.036262777452077,2702,,,
ARHGAP26-AS1,False,True,False,1,,,635,838,
ARHGAP26-IT1,False,True,False,1,,,436,1946,
ARHGAP27,True,False,False,1,9.18562620103085,3603,,,
ARHGAP30,True,True,False,2,10.5627342742037,2291,341,3091,
ARHGAP31,True,False,False,1,9.318171852606312,3436,,,
ARHGAP33,True,True,False,2,10.42438773217076,2390,447,1837,
ARHGAP35,False,True,False,1,,,338,3141,
ARHGAP39,True,False,False,1,8.286673462792077,4918,,,
ARHGAP4,True,False,False,1,11.340142226014926,1772,,,
ARHGAP42,True,False,False,1,9.21255091212037,3570,,,
ARHGAP44,False,True,False,1,,,405,2246,
ARHGAP45,True,False,False,1,10.335030018083057,2454,,,
ARHGAP8,False,True,False,1,,,374,2611,
ARHGAP9,True,False,False,1,9.952990217940355,2783,,,
ARHGDIA,True,True,False,2,13.33446513012309,957,278,4446,
ARHGDIB,True,False,False,1,12.740587172122837,1125,,,
ARHGEF1,True,True,False,2,10.431544929610196,2384,337,3151,
ARHGEF10L,True,False,False,1,12.386329586322349,1247,,,
ARHGEF11,True,False,False,1,9.601767220333462,3138,,,
ARHGEF15,True,False,False,1,15.110511324098454,578,,,
ARHGEF17,True,False,False,1,10.413439441237434,2399,,,
ARHGEF18,True,True,False,2,8.973309497156077,3902,405,2247,
ARHGEF25,True,False,False,1,13.470608532097046,922,,,
ARHGEF26-AS1,False,True,False,1,,,480,1591,
ARHGEF28,True,True,False,2,11.006863234474933,1984,350,2955,
ARHGEF37,True,False,False,1,8.998196223073982,3859,,,
ARHGEF5,True,False,False,1,10.19832579409477,2564,,,
ARHGEF6,True,False,False,1,8.366306149570852,4786,,,
ARHGEF7-IT1,False,True,False,1,,,599,954,
ARHGEF9,False,True,False,1,,,509,1394,
ARHGEF9-IT1,False,True,False,1,,,441,1904,
ARID5A,True,False,False,1,9.806235952465734,2920,,,
ARIH1,False,True,False,1,,,528,1262,
ARL8A,True,False,False,1,8.543369060389848,4504,,,
ARMC1,False,True,False,1,,,272,4601,
ARMC10,True,False,False,1,9.27256631665736,3495,,,
ARMC6,True,True,False,2,8.643972953477997,4344,443,1873,
ARMCX1,True,False,False,1,8.338215817053069,4844,,,
ARMCX2,True,False,False,1,10.47405031314649,2357,,,
ARMCX6,True,False,False,1,9.30652144141927,3446,,,
ARMCX7P,True,False,False,1,9.38467276219212,3363,,,
ARNT2,True,False,False,1,10.929079846651923,2036,,,
ARPIN-AP3S2,True,False,False,1,9.68831726323195,3046,,,
ARRB1,True,False,False,1,8.878764931528044,4026,,,
ARRB2,True,False,False,1,8.484585727843905,4594,,,
ARRDC1,False,True,False,1,,,318,3499,
ARRDC1-AS1,False,True,False,1,,,286,4240,
ARRDC2,True,True,False,2,10.256102856507091,2516,308,3691,
ARRDC3-AS1,False,True,False,1,,,552,1171,
ARSI,True,False,False,1,8.590614741540946,4424,,,
ARSJ,True,False,False,1,10.92235825997941,2044,,,
ART3,True,True,False,2,10.497644718777508,2343,266,4778,
ART4,True,False,False,1,9.199316925671187,3588,,,
ARVCF,True,False,False,1,12.348813628423208,1269,,,
AS3MT,True,False,False,1,9.629371312021448,3109,,,
ASAP2,True,False,False,1,9.492527924746623,3260,,,
ASAP3,True,True,False,2,11.272130881748682,1830,361,2773,
ASB1,True,False,False,1,8.778166126243105,4156,,,
ASB10,True,False,False,1,8.781112259727616,4149,,,
ASB11,True,False,False,1,15.011424396014249,593,,,
ASB15,True,False,False,1,12.16153300114283,1342,,,
ASB18,False,True,False,1,,,311,3645,
ASB2,True,True,False,2,21.324611789936277,140,276,4519,
ASB4,False,True,False,1,,,344,3041,
ASB6,False,True,False,1,,,272,4606,
ASB7,False,True,False,1,,,335,3183,
ASCC2,False,True,False,1,,,274,4548,
ASF1B,True,False,False,1,8.944402064980956,3939,,,
ASIC1,True,False,False,1,8.291519303156026,4915,,,
ASIC3,False,True,False,1,,,383,2506,
ASMTL-AS1,False,True,False,1,,,285,4268,
ASNSD1,False,True,False,1,,,392,2395,
ASPG,True,False,False,1,14.412871940958723,707,,,
ASPHD1,True,False,False,1,8.482251692878883,4604,,,
ASPM,True,False,False,1,11.72444287300264,1548,,,
ASPN,True,False,False,1,16.375158106756572,386,,,
ASPSCR1,False,True,False,1,,,318,3496,
ASS1,True,False,False,1,11.418112388848913,1728,,,
ASTN1,True,False,False,1,11.616392726008185,1607,,,
ASTN2-AS1,False,True,False,1,,,1222,170,
ASXL1,False,True,False,1,,,339,3120,
ASXL2,False,True,False,1,,,330,3269,
ASXL3,True,False,False,1,9.940700124996969,2791,,,
ATAD1,True,False,False,1,8.306246982751796,4893,,,
ATAD3A,True,True,False,2,11.557897171559786,1642,429,2014,
ATE1,False,True,False,1,,,273,4573,
ATF3,True,False,False,1,8.490695997675743,4588,,,
ATF6B,True,False,False,1,12.088503245425118,1380,,,
ATG10-AS1,False,True,False,1,,,1439,101,
ATG101,True,False,False,1,10.612345063373738,2247,,,
ATG12,False,True,False,1,,,319,3480,
ATG13,False,True,False,1,,,273,4583,
ATG16L1,False,True,False,1,,,792,509,
ATG16L2,True,False,False,1,8.603507381377938,4403,,,
ATG2A,True,True,False,2,10.58821150914149,2272,518,1323,
ATG2B,False,True,False,1,,,607,923,
ATG4B,False,True,False,1,,,459,1732,
ATG5,False,True,False,1,,,578,1033,
ATG9A,True,False,False,1,15.462617792620104,524,,,
ATL3,False,True,False,1,,,359,2813,
ATM,False,True,False,1,,,310,3658,
ATMIN,False,True,False,1,,,286,4235,
ATN1,True,False,False,1,14.274152326179545,733,,,
ATOH8,True,False,False,1,9.609106758710093,3130,,,
ATP10A,True,False,False,1,9.556430096125975,3187,,,
ATP11A,True,False,False,1,8.805651533798272,4110,,,
ATP11B,False,True,False,1,,,467,1663,
ATP12A,False,True,False,1,,,297,3952,
ATP13A1,True,True,False,2,11.545148438254916,1647,648,800,
ATP13A2,True,False,False,1,11.825322676917912,1497,,,
ATP13A3,True,False,False,1,8.995500572467487,3863,,,
ATP1A1,True,False,False,1,11.12443188013264,1920,,,
ATP1A2,True,False,False,1,22.915626646036444,108,,,
ATP1A3,True,False,False,1,17.183070719957286,317,,,
ATP1B2,True,False,False,1,13.996542792474632,803,,,
ATP23,False,True,False,1,,,322,3433,
ATP2A1,False,False,True,1,,,,,both
ATP2A2,True,False,True,2,11.14500182412476,1905,,,both
ATP2A3,True,False,True,2,10.943832571202002,2027,,,both
ATP2C1,False,True,False,1,,,289,4144,
ATP5F1B,True,False,False,1,8.505740252449886,4564,,,
ATP5F1D,True,False,False,1,8.295190115264043,4908,,,
ATP5MC2P3,False,True,False,1,,,705,660,
ATP5MF-PTCD1,True,False,False,1,9.330056349054855,3423,,,
ATP5MKP1,False,True,False,1,,,301,3864,
ATP5PBP1,False,True,False,1,,,419,2121,
ATP6V0C,True,False,False,1,8.622031796292553,4379,,,
ATP6V0E1P1,False,True,False,1,,,525,1284,
ATP6V0E2,True,False,False,1,8.96245361487604,3916,,,
ATP8A1,True,False,False,1,10.790166337675966,2125,,,
ATP8A2P2,False,True,False,1,,,657,783,
ATP8B1,True,True,False,2,9.823699487081782,2896,377,2571,
ATP8B2,True,False,False,1,9.38420721084252,3366,,,
ATP8B4,True,False,False,1,9.615096981181368,3127,,,
ATR,False,True,False,1,,,474,1626,
ATRN,True,True,False,2,9.427950393663666,3327,384,2487,
ATRNL1,True,False,False,1,11.276221468507009,1828,,,
ATXN1L,False,True,False,1,,,573,1058,
ATXN2L,True,True,False,2,11.740568529933531,1536,272,4612,
ATXN7,False,True,False,1,,,396,2347,
ATXN7L3,True,True,False,2,10.487570016779566,2349,583,1010,
AUP1,False,True,False,1,,,359,2806,
AURKB,True,False,False,1,10.57584993777184,2280,,,
AUTS2,True,False,False,1,9.622219579900998,3114,,,
AVL9,False,True,False,1,,,520,1316,
AVPR1A,True,False,False,1,9.035559720185136,3804,,,
AXIN1,True,True,False,2,8.81441936065521,4100,462,1701,
AZGP1,True,False,False,1,14.647540689819476,662,,,
B2M,True,False,False,1,11.940286869571583,1440,,,
B3GALNT1P1,False,True,False,1,,,281,4363,
B3GALT2,True,False,False,1,11.622229413934315,1601,,,
B3GALT5,False,True,False,1,,,454,1783,
B3GALT5-AS1,False,True,False,1,,,348,2987,
B3GAT3,True,True,False,2,8.471430643033223,4631,295,4016,
B4GALNT1,True,False,False,1,9.527163834051455,3222,,,
B4GALNT2,False,True,False,1,,,531,1247,
B4GALNT3,True,True,False,2,21.34090600037772,139,506,1417,
B4GALNT4,True,False,False,1,10.85751418381059,2084,,,
B4GALT2,True,True,False,2,10.967599757867257,2015,321,3448,
B4GALT5,True,False,False,1,8.72955125603806,4230,,,
BAAT,False,True,False,1,,,472,1639,
BABAM1,False,True,False,1,,,357,2841,
BACE2,True,False,False,1,9.275465535698782,3490,,,
BAG3,True,False,False,1,8.760369353030546,4186,,,
BAG5,False,True,False,1,,,380,2539,
BAG6,True,False,False,1,14.189546748262208,756,,,
BAGE2,False,True,False,1,,,404,2263,
BAHCC1,True,False,False,1,9.35339772807114,3397,,,
BAHD1,True,True,False,2,8.645220321244393,4342,336,3163,
BAK1,True,False,False,1,10.523685343831277,2314,,,
BAMBI,True,False,False,1,9.390776290766594,3356,,,
BANCR,True,False,False,1,16.863172737974928,344,,,
BAP1,True,True,False,2,9.223151021633152,3551,288,4183,
BASP1,True,False,False,1,10.565279111187497,2287,,,
BASP1-AS1,False,True,False,1,,,816,483,
BAX,True,False,False,1,9.776223087620982,2952,,,
BAZ1B,False,True,False,1,,,304,3779,
BBC3,True,False,False,1,9.823674713779976,2897,,,
BBS7-DT,False,True,False,1,,,1578,71,
BCAM,True,False,False,1,14.534629158762598,689,,,
BCAP29,True,False,False,1,11.18067855992758,1880,,,
BCAR1,True,False,False,1,12.492093539043855,1212,,,
BCAS2,False,True,False,1,,,279,4405,
BCAT1,True,False,False,1,9.888106942752628,2829,,,
BCDIN3D-AS1,False,True,False,1,,,304,3796,
BCHE,True,False,False,1,10.842204203338936,2094,,,
BCL10-AS1,False,True,False,1,,,264,4851,
BCL11B,True,False,False,1,8.476950686571696,4620,,,
BCL2,True,False,False,1,8.530739430281333,4528,,,
BCL2A1,True,False,False,1,9.89764440656478,2819,,,
BCL2L1,True,False,False,1,10.76985236419444,2141,,,
BCL2L13,False,True,False,1,,,428,2021,
BCL2L15,False,True,False,1,,,390,2420,
BCL2L2-PABPN1,True,False,False,1,9.125585553517444,3685,,,
BCL3,True,False,False,1,9.87384178940958,2843,,,
BCL6,True,False,False,1,8.559041909498482,4486,,,
BCL6B,True,False,False,1,17.564864295287595,291,,,
BCL9L,True,False,False,1,11.240447357942422,1846,,,
BCLAF1,False,True,False,1,,,292,4084,
BCO2,True,True,False,2,10.548756429906057,2297,406,2241,
BCR,True,False,False,1,9.313278523692052,3440,,,
BCYRN1,True,False,False,1,18.023424172590516,265,,,
BDKRB2,True,False,False,1,10.770629081040578,2140,,,
BDNF,True,False,False,1,9.081349139626694,3751,,,
BET1L,False,True,False,1,,,274,4560,
BEX1,True,False,False,1,11.40312964251275,1735,,,
BGN,True,False,False,1,20.443096785344245,166,,,
BHLHE41,True,False,False,1,9.167503216444317,3630,,,
BHMT2,True,False,False,1,8.363658481278346,4794,,,
BICC1,True,False,False,1,9.11575170410632,3698,,,
BIN1,True,False,False,1,9.07155065633484,3763,,,
BIN2,True,True,False,2,13.373675815226656,950,529,1254,
BIRC3,True,False,False,1,8.840123638072917,4075,,,
BIRC5,True,False,False,1,11.166608721267592,1892,,,
BIRC6,False,True,False,1,,,408,2216,
BIRC6-AS2,False,True,False,1,,,817,482,
BIVM,False,True,False,1,,,269,4689,
BIVM-ERCC5,True,False,False,1,8.683509542820705,4289,,,
BLNK,False,True,False,1,,,338,3131,
BLOC1S5-TXNDC5,True,False,False,1,12.01547110994576,1407,,,
BMF,True,False,False,1,10.219533118103405,2546,,,
BMP1,True,True,False,2,11.240054462369656,1847,276,4502,
BMP10,True,False,False,1,10.876382179747267,2075,,,
BMP2,True,False,False,1,11.396733003503169,1741,,,
BMP2KL,False,True,False,1,,,2206,17,
BMP4,True,False,False,1,10.211986183414004,2552,,,
BMP5,True,False,False,1,23.34534409020057,101,,,
BMP6,True,False,False,1,11.070654492751812,1947,,,
BMP7,True,True,False,2,20.396051008257057,170,407,2226,
BMPER,True,False,False,1,11.662307749761714,1576,,,
BMS1P1,False,True,False,1,,,349,2971,
BMX,True,False,False,1,15.672584407397933,493,,,
BNC1,True,False,False,1,12.957383938904965,1068,,,
BNIP3P25,False,True,False,1,,,592,982,
BOC,True,False,False,1,9.616054558155644,3122,,,
BOK,True,False,False,1,13.157484498035586,1006,,,
BOLA2,True,False,False,1,11.040826132588595,1965,,,
BOP1,True,False,False,1,8.912356619397531,3983,,,
BORCS7-ASMT,True,False,False,1,8.728078560915066,4232,,,
BPIFA2,False,True,False,1,,,467,1664,
BPIFA3,False,True,False,1,,,988,313,
BPIFC,False,True,False,1,,,415,2157,
BPNT2,False,True,False,1,,,276,4497,
BRAF,False,True,False,1,,,350,2953,
BRD1,False,True,False,1,,,272,4599,
BRD2,True,False,False,1,11.753862245745964,1532,,,
BRD7P1,False,True,False,1,,,360,2798,
BRD7P3,False,True,False,1,,,521,1310,
BRD7P4,False,True,False,1,,,726,610,
BRF1,False,True,False,1,,,706,656,
BRINP3,True,False,False,1,13.51347990824324,910,,,
BRPF3,True,True,False,2,9.048371269995856,3785,375,2593,
BRSK1,True,True,False,2,11.094451512871144,1937,262,4903,
BRWD1,False,True,False,1,,,402,2284,
BSG,True,False,False,1,9.54184930753193,3197,,,
BSN,False,True,False,1,,,521,1309,
BSND,False,True,False,1,,,342,3074,
BST1,True,False,False,1,8.357353808866023,4802,,,
BST2,True,False,False,1,12.366880284290922,1259,,,
BTAF1,False,True,False,1,,,285,4253,
BTBD1,True,False,False,1,8.686489547547115,4278,,,
BTBD18,False,True,False,1,,,476,1616,
BTBD2,True,True,False,2,11.569310622110594,1634,490,1509,
BTF3,False,True,False,1,,,273,4579,
BTG2,True,False,False,1,9.174923102115228,3616,,,
BTN3A3,True,True,False,2,8.57148375984618,4458,281,4341,
BTNL9,True,True,False,2,11.17809695107706,1884,443,1879,
BTRC,False,True,False,1,,,416,2146,
BUB1,True,False,False,1,10.207478424376523,2559,,,
BUB1B,True,False,False,1,10.986115591654269,1998,,,
BUD23,False,True,False,1,,,371,2639,
BVES,True,True,False,2,13.052386919148624,1043,268,4713,
BVES-AS1,False,True,False,1,,,336,3168,
BZW1P2,True,False,False,1,12.01749792729374,1406,,,
C10ORF71,True,True,False,2,20.83064069308802,153,351,2940,
C10ORF95-AS1,False,True,False,1,,,269,4707,
C11ORF21,True,False,False,1,14.268566600238817,734,,,
C11ORF68,True,False,False,1,8.571251741857276,4459,,,
C11ORF96,True,False,False,1,10.274135125568533,2500,,,
C12ORF40,False,True,False,1,,,1044,269,
C12ORF50,False,True,False,1,,,671,740,
C12ORF75,True,False,False,1,8.373275810028346,4773,,,
C14ORF180,True,True,False,2,17.25303530555903,312,334,3202,
C15ORF39,True,False,False,1,8.962097963566658,3917,,,
C15ORF62,False,True,False,1,,,515,1344,
C16ORF54,False,True,False,1,,,295,4024,
C16ORF72,False,True,False,1,,,288,4187,
C16ORF96,False,True,False,1,,,466,1671,
C19ORF33,True,False,False,1,8.339699628684333,4841,,,
C1ORF105,True,False,False,1,10.875421928002662,2076,,,
C1ORF115,True,False,False,1,12.572153005358237,1182,,,
C1ORF162,True,False,False,1,8.900534293086011,4002,,,
C1ORF198,True,False,False,1,8.550937438842732,4494,,,
C1ORF216,True,False,False,1,9.00380078865239,3849,,,
C1ORF220,False,True,False,1,,,434,1963,
C1ORF226,True,False,False,1,9.137122339367446,3665,,,
C1ORF43,False,True,False,1,,,288,4180,
C1QA,True,True,False,2,18.052265007590528,261,336,3165,
C1QB,True,True,False,2,18.249515140545657,250,302,3841,
C1QC,True,False,False,1,17.224011109463795,314,,,
C1QTNF1,True,False,False,1,14.243444289727485,746,,,
C1QTNF5,True,False,False,1,12.301665176452834,1291,,,
C1QTNF7,True,False,False,1,8.361051054764822,4797,,,
C1QTNF9,False,True,False,1,,,281,4367,
C1R,True,False,False,1,14.282483899172652,730,,,
C1S,True,False,False,1,15.223146016245252,565,,,
C20ORF27,True,False,False,1,8.823008492308318,4090,,,
C21ORF62-AS1,False,True,False,1,,,1100,239,
C2ORF49,False,True,False,1,,,688,706,
C2ORF50,False,True,False,1,,,1702,57,
C2ORF72,True,False,False,1,8.426511457432985,4686,,,
C2ORF78,False,True,False,1,,,405,2251,
C2ORF88,True,False,False,1,8.537342603859328,4517,,,
C2ORF92,False,True,False,1,,,585,1003,
C3,True,False,False,1,18.719048251081688,234,,,
C3AR1,True,False,False,1,10.178335283206907,2582,,,
C3ORF18,False,True,False,1,,,278,4439,
C3ORF85,False,True,False,1,,,312,3629,
C3P1,False,True,False,1,,,451,1802,
C4A,True,False,False,1,19.010289676691876,224,,,
C4B,True,False,False,1,13.173446766795047,1005,,,
C4BPA,False,True,False,1,,,265,4806,
C4BPAP1,False,True,False,1,,,577,1041,
C4BPAP2,False,True,False,1,,,444,1868,
C4B_2,True,False,False,1,12.875083310292329,1089,,,
C4ORF46P2,False,True,False,1,,,354,2902,
C4ORF48,True,False,False,1,8.653664042120733,4332,,,
C4ORF50,False,True,False,1,,,308,3703,
C5AR1,True,False,False,1,8.583424459008896,4436,,,
C5ORF46,True,False,False,1,11.682195808802131,1567,,,
C5ORF64,False,True,False,1,,,2063,25,
C6,True,False,False,1,16.071131526961228,433,,,
C6ORF47,True,False,False,1,10.890949728427742,2067,,,
C6ORF89,False,True,False,1,,,262,4911,
C7,True,False,False,1,20.20783421154306,177,,,
C8A,False,True,False,1,,,434,1961,
C8B,False,True,False,1,,,315,3550,
C8ORF34-AS1,False,True,False,1,,,653,791,
C9ORF131,False,True,False,1,,,715,636,
CA12,True,False,False,1,12.873387221382004,1090,,,
CA2,True,False,False,1,12.980392890001038,1065,,,
CA3,True,False,False,1,9.836560205486984,2881,,,
CA4,True,False,False,1,10.395979451717508,2408,,,
CA8,True,False,False,1,8.994118700179014,3865,,,
CACFD1,True,False,False,1,8.450960957557768,4657,,,
CACHD1,True,False,False,1,9.3230457287653,3432,,,
CACNA1B,True,True,False,2,8.773765586456884,4165,433,1967,
CACNA1C,True,False,True,2,17.73408865517952,281,,,both
CACNA1C-IT3,False,True,False,1,,,389,2437,
CACNA1D,True,False,True,2,9.091435928919251,3736,,,both
CACNA1F,False,False,True,1,,,,,both
CACNA1G,True,True,False,2,12.454411923518984,1219,392,2394,
CACNA1H,True,False,False,1,14.449736671581247,703,,,
CACNA1S,False,False,True,1,,,,,both
CACNA2D1,True,False,True,2,11.454786805371969,1697,,,both
CACNA2D1-AS1,False,True,False,1,,,1382,114,
CACNA2D2,True,True,True,3,9.54571287456328,3192,315,3548,both
CACNA2D3,True,False,True,2,9.92110270806078,2809,,,both
CACNA2D3-AS1,False,True,False,1,,,705,661,
CACNA2D4,False,False,True,1,,,,,both
CACNB1,False,False,True,1,,,,,both
CACNB2,True,True,True,3,10.73097799995965,2165,590,985,both
CACNB3,False,False,True,1,,,,,both
CACNB4,False,False,True,1,,,,,both
CACNG1,False,False,True,1,,,,,both
CACNG2,False,False,True,1,,,,,both
CACNG3,False,True,True,2,,,516,1332,both
CACNG4,False,True,True,2,,,330,3265,both
CACNG5,False,True,True,2,,,534,1235,both
CACNG6,True,False,True,2,9.2060888405931,3580,,,both
CACNG7,True,False,True,2,12.715167909797598,1137,,,both
CACNG8,False,False,True,1,,,,,both
CACTIN,True,True,False,2,8.51255219692176,4557,579,1028,
CAD,True,True,False,2,8.454682469561195,4652,287,4207,
CADM1,True,False,False,1,10.334940155641284,2455,,,
CADM2-AS1,False,True,False,1,,,1378,115,
CADM2-AS2,False,True,False,1,,,1435,102,
CADM3,True,False,False,1,12.227135658549118,1319,,,
CADM4,True,True,False,2,10.902383588154596,2059,389,2427,
CADPS,True,False,False,1,14.094392859828783,774,,,
CADPS2,True,False,False,1,9.544919626962162,3193,,,
CALCRL,True,False,False,1,11.442040895569226,1711,,,
CALD1,True,False,False,1,8.560738397364478,4482,,,
CALHM2,True,False,False,1,8.646383101701675,4338,,,
CALHM5,True,False,False,1,9.41444331205878,3339,,,
CALR,True,False,False,1,9.454687102745908,3297,,,
CAMK2A,True,True,False,2,12.409871646446486,1239,327,3333,
CAMK2B,True,False,False,1,13.316320536398072,964,,,
CAMK2N1,True,False,False,1,8.95184800879718,3928,,,
CAMKK1,True,False,False,1,8.378794570129964,4760,,,
CAMKV,False,True,False,1,,,386,2467,
CAMSAP1,False,True,False,1,,,411,2189,
CAMSAP3,True,True,False,2,9.615537879142169,3126,348,2979,
CAMTA1-AS2,False,True,False,1,,,262,4917,
CAMTA2,True,False,False,1,10.016802490237852,2717,,,
CAND1,False,True,False,1,,,423,2074,
CAND2,True,True,False,2,12.330340046972388,1275,341,3087,
CANT1,True,True,False,2,9.526868997403268,3223,389,2432,
CANX,True,False,False,1,11.075174933128336,1943,,,
CAP2,True,False,False,1,11.45944513135229,1694,,,
CAPG,True,False,False,1,9.960933733317717,2775,,,
CAPN1,True,False,False,1,11.35943132144811,1764,,,
CAPN10,True,True,False,2,8.49811656815693,4581,384,2492,
CAPN13,False,True,False,1,,,406,2240,
CAPN15,True,True,False,2,11.05370361323633,1956,430,1995,
CAPN5,True,False,False,1,8.860509469912941,4052,,,
CAPN7,False,True,False,1,,,484,1548,
CAPRIN1,False,True,False,1,,,556,1143,
CAPS2,False,True,False,1,,,380,2541,
CARD10,True,False,False,1,11.400254996523651,1738,,,
CARD11,True,False,False,1,11.722255633149988,1549,,,
CARD16,True,False,False,1,8.960409785256273,3919,,,
CARD6,True,True,False,2,9.506669034274932,3244,307,3717,
CARM1,True,False,False,1,9.222075182493086,3553,,,
CARMIL3,False,True,False,1,,,328,3314,
CARMN,True,False,False,1,9.643333202649783,3089,,,
CARNS1,True,False,False,1,9.760065558598216,2970,,,
CARS1,True,False,False,1,8.935627196729184,3950,,,
CASC17,False,True,False,1,,,426,2052,
CASC19,False,True,False,1,,,365,2729,
CASC9,False,True,False,1,,,355,2881,
CASKIN1,True,False,False,1,8.993783538144024,3868,,,
CASKIN2,True,False,False,1,10.350172934973754,2440,,,
CASP1,True,False,False,1,9.523659296308496,3228,,,
CASP10,False,True,False,1,,,334,3195,
CASP4,True,False,False,1,9.816506184575651,2899,,,
CASP8,False,True,False,1,,,307,3712,
CASQ1,True,True,False,2,17.09184738386855,323,415,2151,
CASQ2,True,False,False,1,35.31175155995938,21,,,
CASR,False,True,False,1,,,341,3081,
CASZ1,True,False,False,1,14.15903340396855,761,,,
CATSPER2,False,True,False,1,,,541,1207,
CATSPERG,False,True,False,1,,,303,3803,
CAV1,True,False,False,1,15.26432513614376,554,,,
CAV3,True,False,True,2,11.191954620375084,1876,,,both
CAVIN1,True,False,False,1,13.903841586014693,829,,,
CAVIN2,True,False,False,1,11.841143777813606,1492,,,
CAVIN3,True,False,False,1,9.658353258657526,3075,,,
CAVIN4,True,False,False,1,11.993910751082405,1415,,,
CBARP,True,False,False,1,8.657432542632561,4324,,,
CBFA2T2,False,True,False,1,,,463,1691,
CBFA2T3,True,False,False,1,10.467315101340612,2362,,,
CBR3,True,False,False,1,10.358258576012986,2428,,,
CBS,True,False,False,1,10.345681796834413,2444,,,
CBX2,True,False,False,1,9.522199406831051,3230,,,
CBX3P3,False,True,False,1,,,509,1398,
CBX5P1,False,True,False,1,,,466,1672,
CBX7,True,False,False,1,9.841197498913427,2877,,,
CC2D1B,False,True,False,1,,,458,1738,
CC2D2B,False,True,False,1,,,285,4262,
CCAR2,True,True,False,2,8.644373857715221,4343,812,488,
CCDC106,True,False,False,1,9.238948855028989,3534,,,
CCDC141,True,False,False,1,14.027080380556503,790,,,
CCDC183-AS1,False,True,False,1,,,339,3124,
CCDC22,False,True,False,1,,,314,3574,
CCDC26,False,True,False,1,,,639,825,
CCDC3,True,False,False,1,12.772167149588237,1113,,,
CCDC30,False,True,False,1,,,719,629,
CCDC33,False,True,False,1,,,366,2718,
CCDC40,False,True,False,1,,,334,3199,
CCDC57,False,True,False,1,,,489,1515,
CCDC69,True,False,False,1,10.532514395374792,2308,,,
CCDC71,True,True,False,2,10.634225744442274,2235,270,4672,
CCDC78,False,True,False,1,,,271,4646,
CCDC8,True,True,False,2,11.263870817161845,1838,284,4286,
CCDC80,True,False,False,1,12.573686199839456,1181,,,
CCDC85A,True,False,False,1,10.214085090301204,2550,,,
CCDC85B,True,False,False,1,11.360499129543902,1763,,,
CCDC85C,True,True,False,2,9.904705838667171,2815,324,3399,
CCDC86,True,False,False,1,8.335095842937895,4849,,,
CCDC88B,False,True,False,1,,,353,2915,
CCDC88C,True,False,False,1,11.167252500087525,1891,,,
CCDC9,True,False,False,1,8.685051537817985,4281,,,
CCDC92,True,False,False,1,8.624645126035842,4374,,,
CCDC9B,True,False,False,1,12.53111315971813,1200,,,
CCHCR1,True,False,False,1,8.628910319804431,4367,,,
CCKBR,False,True,False,1,,,361,2776,
CCL11,True,False,False,1,8.380093899490364,4757,,,
CCL14,True,False,False,1,13.951929666249104,813,,,
CCL2,True,False,False,1,15.95137314405676,448,,,
CCL21,True,False,False,1,11.73623448007025,1540,,,
CCL5,True,False,False,1,10.51361550122479,2327,,,
CCM2,False,True,False,1,,,291,4110,
CCM2L,True,False,False,1,11.251532460427336,1841,,,
CCN1,True,False,False,1,14.7663568397896,640,,,
CCN2,True,False,False,1,18.35300206647388,243,,,
CCN3,True,False,False,1,10.56464518548422,2288,,,
CCN4,True,False,False,1,11.390280751385555,1745,,,
CCN5,True,False,False,1,9.421326796731556,3334,,,
CCNA1,True,False,False,1,9.529511445834771,3217,,,
CCNB1,True,False,False,1,8.699774239925942,4262,,,
CCNB2,True,False,False,1,8.825791151006046,4085,,,
CCNB2P1,False,True,False,1,,,841,454,
CCNB3P1,False,True,False,1,,,292,4098,
CCND1,True,False,False,1,11.072594558887342,1945,,,
CCND2,True,False,False,1,9.242076337294735,3530,,,
CCND3,True,False,False,1,8.711705899852035,4245,,,
CCNF,False,True,False,1,,,316,3533,
CCNT2,False,True,False,1,,,298,3931,
CCNY-AS1,False,True,False,1,,,325,3386,
CCR1,True,True,False,2,11.408965933742577,1733,504,1428,
CCR2,True,True,False,2,8.722792251258337,4235,632,843,
CCR5,False,True,False,1,,,575,1049,
CCSER1,False,True,False,1,,,289,4156,
CCT4,False,True,False,1,,,327,3336,
CCT6A,False,True,False,1,,,415,2152,
CCT8,False,True,False,1,,,392,2396,
CD109,True,False,False,1,9.465485531414156,3287,,,
CD14,True,False,False,1,14.616480258950244,669,,,
CD151,True,False,False,1,11.510205576073428,1664,,,
CD163,True,True,False,2,18.66917062249208,235,380,2540,
CD180,False,True,False,1,,,263,4875,
CD1C,False,True,False,1,,,302,3839,
CD2,True,True,False,2,8.36452689253831,4792,563,1108,
CD209,True,False,False,1,8.38069265570288,4755,,,
CD24,True,False,False,1,12.589879872458097,1172,,,
CD247,False,True,False,1,,,355,2878,
CD248,True,False,False,1,16.62476037329425,365,,,
CD274,True,False,False,1,9.896748114506185,2820,,,
CD276,True,True,False,2,13.664120422090084,877,264,4838,
CD2BP2,False,True,False,1,,,299,3914,
CD300A,True,True,False,2,10.9329022940076,2033,517,1328,
CD300E,True,False,False,1,9.14059934821534,3662,,,
CD300LB,False,True,False,1,,,645,811,
CD300LF,False,True,False,1,,,743,581,
CD300LG,True,True,False,2,8.973824753653854,3901,374,2607,
CD33,False,True,False,1,,,374,2604,
CD34,True,False,False,1,14.803403539408045,634,,,
CD36,True,False,False,1,17.6673494431933,284,,,
CD3E,True,True,False,2,8.769234506726484,4174,487,1530,
CD4,True,False,False,1,11.215347728803094,1864,,,
CD40LG,False,True,False,1,,,320,3459,
CD44,True,False,False,1,13.465146218436828,925,,,
CD48,True,True,False,2,11.175880498433262,1887,564,1103,
CD5,False,True,False,1,,,304,3783,
CD52,True,True,False,2,11.423755860885253,1724,323,3410,
CD53,True,True,False,2,15.495296560634324,520,627,858,
CD6,False,True,False,1,,,288,4172,
CD68,True,False,False,1,14.484187301870152,698,,,
CD74,True,True,False,2,17.879295314163397,273,323,3405,
CD81,True,False,False,1,8.67674721026965,4300,,,
CD84,True,True,False,2,10.071157180842842,2667,395,2356,
CD86,True,True,False,2,10.228408081459785,2538,592,977,
CD9,True,False,False,1,9.76613139859054,2962,,,
CD93,True,False,False,1,23.611207326210124,92,,,
CD99L2,True,False,False,1,11.308633930190512,1802,,,
CDA,True,False,False,1,8.642840946580165,4347,,,
CDAN1,False,True,False,1,,,713,640,
CDC20,True,False,False,1,13.33090557881342,958,,,
CDC25A,True,False,False,1,8.63568664428737,4357,,,
CDC25B,True,False,False,1,9.376043156476245,3376,,,
CDC25C,True,False,False,1,8.421292531413396,4696,,,
CDC27P3,False,True,False,1,,,294,4054,
CDC34,True,False,False,1,9.381840767627928,3369,,,
CDC37,True,True,False,2,8.39312702657469,4737,267,4731,
CDC40,False,True,False,1,,,273,4582,
CDC42BPB,True,False,False,1,9.126065852304428,3683,,,
CDC42EP1,True,False,False,1,12.54309773551796,1192,,,
CDC42EP2,True,False,False,1,9.417808815330329,3337,,,
CDC42EP4,True,False,False,1,9.980540547285807,2755,,,
CDC42EP5,True,False,False,1,11.821392217572562,1500,,,
CDC45,True,False,False,1,9.485741147617018,3268,,,
CDCA2,True,False,False,1,9.24593269531263,3523,,,
CDCA5,True,False,False,1,9.87599276152279,2840,,,
CDCA8,True,False,False,1,9.441652503632596,3310,,,
CDCP1,True,False,False,1,10.737643335456156,2162,,,
CDH1,True,False,False,1,9.780296314462944,2946,,,
CDH11,True,False,False,1,14.05859400515716,785,,,
CDH13,True,False,False,1,10.520316141655384,2318,,,
CDH19,True,False,False,1,13.771434774333756,857,,,
CDH2,True,False,False,1,13.056369520937295,1039,,,
CDH23,True,True,False,2,10.602267103260688,2257,379,2548,
CDH24,True,False,False,1,10.280095322264756,2494,,,
CDH3,True,True,False,2,14.527484100012895,690,342,3067,
CDH3-AS1,True,True,False,2,8.833332805521984,4078,444,1871,
CDH4,True,False,False,1,8.731961592889911,4225,,,
CDH5,True,False,False,1,23.8669549453387,85,,,
CDH6,True,False,False,1,9.365020196005108,3383,,,
CDH8,True,False,False,1,10.081089689564877,2656,,,
CDIP1,True,False,False,1,9.512098059530524,3239,,,
CDK1,True,False,False,1,10.361960304375003,2427,,,
CDK12,False,True,False,1,,,295,4022,
CDK13,False,True,False,1,,,588,989,
CDK16,True,False,False,1,9.103173206141395,3714,,,
CDK18,True,True,False,2,15.264176147066982,555,322,3429,
CDK20,False,True,False,1,,,291,4112,
CDK4P1,False,True,False,1,,,329,3295,
CDK9,False,True,False,1,,,449,1818,
CDKN1A,True,False,False,1,13.38128904621706,947,,,
CDKN1C,True,False,False,1,10.224241609283975,2542,,,
CDKN2A,True,False,False,1,11.581385850339627,1629,,,
CDKN2B,True,False,False,1,8.973889097217794,3900,,,
CDO1,True,False,False,1,8.349245106533731,4827,,,
CDPF1P1,False,True,False,1,,,330,3277,
CDR2L,True,False,False,1,9.389521513534792,3357,,,
CDS1,True,False,False,1,8.951928654224877,3927,,,
CDYL2,True,False,False,1,8.759230339972138,4188,,,
CEACAM3,False,True,False,1,,,470,1649,
CEACAM4,False,True,False,1,,,333,3225,
CEBPA,True,False,False,1,11.6453408145718,1582,,,
CEBPB-AS1,False,True,False,1,,,880,413,
CEBPD,True,False,False,1,8.732059883341215,4223,,,
CECR2,True,False,False,1,9.330289676346256,3422,,,
CELF2-AS1,True,False,False,1,8.376354394908944,4764,,,
CELF2-DT,False,True,False,1,,,885,408,
CELF3,False,True,False,1,,,376,2583,
CELSR1,True,False,False,1,12.575889287201871,1179,,,
CELSR2,True,False,False,1,10.256267212265431,2515,,,
CELSR3,True,True,False,2,8.717727650126088,4240,362,2757,
CEMIP,True,False,False,1,16.690327668659293,360,,,
CEMIP2,True,False,False,1,9.325298819907104,3429,,,
CENPB,True,False,False,1,11.12080280140136,1923,,,
CENPE,True,False,False,1,8.868436702599912,4040,,,
CENPF,True,False,False,1,10.665857650680383,2211,,,
CENPT,True,False,False,1,8.95154397551427,3929,,,
CENPUP2,False,True,False,1,,,562,1113,
CEP131,True,False,False,1,8.614744696229698,4391,,,
CEP170,True,False,False,1,9.674651602421262,3062,,,
CEP170B,True,False,False,1,14.049485806476868,787,,,
CEP55,True,False,False,1,11.605777260184368,1611,,,
CEP57L1,False,True,False,1,,,269,4696,
CEP95,False,True,False,1,,,283,4315,
CERCAM,True,False,False,1,12.014102462574112,1409,,,
CERS2,True,False,False,1,8.484137250796639,4596,,,
CERS4,True,True,False,2,9.756490183867289,2974,274,4547,
CERS6,True,False,False,1,9.475034326538822,3278,,,
CES1,True,False,False,1,14.776191221714598,638,,,
CES3,False,True,False,1,,,274,4558,
CFAP221,False,True,False,1,,,321,3452,
CFAP61,True,True,False,2,8.82372121929032,4089,348,2980,
CFAP65,False,True,False,1,,,375,2597,
CFAP69,False,True,False,1,,,324,3390,
CFAP70,False,True,False,1,,,279,4415,
CFAP92,False,True,False,1,,,423,2075,
CFB,True,False,False,1,11.48482455046114,1680,,,
CFC1,True,False,False,1,10.607855286904549,2255,,,
CFD,True,False,False,1,11.020962270125043,1974,,,
CFH,True,False,False,1,15.3321490929724,541,,,
CFHR2,False,True,False,1,,,302,3834,
CFHR4,False,True,False,1,,,376,2582,
CFHR5,False,True,False,1,,,372,2631,
CFI,True,False,False,1,10.563168353850685,2290,,,
CFP,False,True,False,1,,,393,2382,
CGGBP1,False,True,False,1,,,267,4739,
CGN,True,False,False,1,9.177914662794905,3611,,,
CGNL1,True,False,False,1,13.346949738278887,955,,,
CHAC1,True,False,False,1,9.219217382121515,3559,,,
CHCHD10,True,False,False,1,10.894080224301744,2064,,,
CHCHD2,True,False,False,1,15.261684917142924,560,,,
CHCHD4P5,False,True,False,1,,,1571,72,
CHD1-DT,False,True,False,1,,,522,1304,
CHD3,True,False,False,1,8.7959637596203,4125,,,
CHDH,True,True,False,2,9.10821742536881,3707,357,2838,
CHERP,True,False,False,1,10.57482701604911,2281,,,
CHI3L1,True,False,False,1,11.163106000078082,1896,,,
CHI3L2,True,False,False,1,8.790431343689477,4135,,,
CHKB,True,False,False,1,9.112499421297448,3703,,,
CHL1,True,False,False,1,11.73519174773982,1542,,,
CHM,False,True,False,1,,,432,1982,
CHMP1A,False,True,False,1,,,357,2843,
CHMP1B-AS1,True,False,False,1,9.69747151174256,3034,,,
CHMP7,False,True,False,1,,,535,1233,
CHN2,True,False,False,1,8.514054838115129,4554,,,
CHP1P1,False,True,False,1,,,385,2484,
CHP2,False,True,False,1,,,397,2336,
CHPF,True,False,False,1,16.307175088024405,401,,,
CHPF2,True,True,False,2,11.391969661374649,1744,343,3055,
CHRD,True,False,False,1,9.025969195236994,3817,,,
CHRDL1,True,False,False,1,11.300380396042687,1805,,,
CHRM2,True,False,False,1,21.23305571903289,143,,,
CHST10,True,False,False,1,8.540561584678343,4512,,,
CHST15,True,False,False,1,10.52374440764059,2313,,,
CHST2,True,False,False,1,8.593181551940628,4422,,,
CHST3,True,False,False,1,10.128463799583171,2623,,,
CHSY3,True,False,False,1,8.414393626284188,4708,,,
CHTF18,True,False,False,1,9.018337752394125,3833,,,
CHTF8,True,False,False,1,11.432986408244894,1718,,,
CHUK,False,True,False,1,,,270,4675,
CIAO1,False,True,False,1,,,459,1729,
CIAO2B,False,True,False,1,,,281,4353,
CIAO3,False,True,False,1,,,280,4377,
CIB2,True,False,False,1,10.124003410701915,2628,,,
CIC,True,True,False,2,12.357398851007966,1264,438,1923,
CILP,True,False,False,1,13.068141283086089,1035,,,
CIRBP-AS1,False,True,False,1,,,338,3147,
CISH,True,False,False,1,9.052958048858049,3780,,,
CITED4,True,False,False,1,8.70707032948257,4253,,,
CIZ1,True,True,False,2,9.560732052279176,3181,378,2561,
CKAP2L,True,False,False,1,8.989762656832514,3877,,,
CKAP4,True,False,False,1,9.128146501905562,3681,,,
CKB,True,False,False,1,12.851949642030188,1095,,,
CKM,True,True,False,2,36.28504221910977,18,272,4602,
CKMT2,True,True,False,2,21.5742783655231,131,489,1514,
CLASP1,False,True,False,1,,,532,1243,
CLASP2,False,True,False,1,,,339,3119,
CLASRP,True,True,False,2,9.751506116352932,2976,524,1289,
CLCC1,False,True,False,1,,,296,3988,
CLCN2,False,True,False,1,,,301,3854,
CLCN6,True,False,False,1,8.678436695314925,4296,,,
CLCN7,True,False,False,1,9.90257036943769,2816,,,
CLCNKA,False,True,False,1,,,292,4094,
CLCNKB,False,True,False,1,,,356,2863,
CLDN1,True,False,False,1,10.283119444074163,2490,,,
CLDN11,True,False,False,1,11.836223550624371,1494,,,
CLDN20,False,True,False,1,,,427,2038,
CLDN5,True,False,False,1,17.951028356507933,271,,,
CLDN6,True,True,False,2,15.451583136378646,527,297,3967,
CLEC10A,True,False,False,1,9.085538449488084,3745,,,
CLEC11A,True,False,False,1,9.991288043638376,2744,,,
CLEC12A,True,True,False,2,8.986407630052575,3880,442,1891,
CLEC12A-AS1,False,True,False,1,,,318,3501,
CLEC14A,True,False,False,1,20.720081735232643,154,,,
CLEC16A,False,True,False,1,,,413,2169,
CLEC2B,True,False,False,1,9.590302103944452,3154,,,
CLEC3B,True,False,False,1,14.684269120167684,654,,,
CLEC5A,False,True,False,1,,,331,3261,
CLEC7A,True,True,False,2,8.830229924516047,4082,532,1244,
CLGN,True,False,False,1,15.31456239817883,542,,,
CLIC1,True,False,False,1,12.893514189933876,1086,,,
CLIC4,True,False,False,1,9.103092101045156,3715,,,
CLIC5,True,True,False,2,25.54116868004811,68,421,2096,
CLIC6,True,False,False,1,9.175884980059468,3615,,,
CLIP2,True,False,False,1,10.391711962474725,2410,,,
CLIP3,True,False,False,1,10.57695929717814,2279,,,
CLK2P1,False,True,False,1,,,264,4854,
CLMP,True,False,False,1,10.68664524499948,2189,,,
CLN5,False,True,False,1,,,287,4208,
CLN8,True,False,False,1,9.76114069041239,2968,,,
CLPTM1,True,True,False,2,12.734900448765076,1127,289,4146,
CLPTM1L,True,False,False,1,9.098500262685487,3726,,,
CLPX,False,True,False,1,,,436,1945,
CLSTN1,True,False,False,1,8.392443116412652,4740,,,
CLSTN2,True,False,False,1,12.13372776821625,1354,,,
CLSTN3,True,False,False,1,10.48617492269164,2351,,,
CLTA,False,True,False,1,,,263,4873,
CLTB,True,False,False,1,8.58078226221288,4442,,,
CLTC,False,True,False,1,,,306,3743,
CLU,True,False,False,1,10.00160740025278,2737,,,
CLUH,True,False,False,1,13.518840473818212,907,,,
CMIP,True,False,False,1,8.445801901688721,4664,,,
CMKLR1,True,False,False,1,12.185362928081476,1332,,,
CMKLR2,True,False,False,1,9.666159609081523,3072,,,
CMPK2,True,False,False,1,9.409552113774104,3342,,,
CMTM5,True,False,False,1,14.379884473223523,714,,,
CMTR1,True,True,False,2,9.574739014970842,3168,682,722,
CMYA5,True,True,False,2,28.30696771999807,46,438,1927,
CNIH3-AS2,False,True,False,1,,,414,2165,
CNKSR1,True,False,False,1,8.35149276496803,4819,,,
CNN1,True,False,False,1,17.72429801169967,282,,,
CNN3,True,False,False,1,8.949481982594678,3932,,,
CNOT1,False,True,False,1,,,306,3741,
CNOT10,False,True,False,1,,,269,4695,
CNOT11,True,False,False,1,8.459470881390427,4647,,,
CNOT3,True,False,False,1,9.929593018545432,2800,,,
CNOT6,False,True,False,1,,,303,3804,
CNOT8,False,True,False,1,,,347,2994,
CNR1,True,False,False,1,8.80804540516372,4108,,,
CNRIP1,True,False,False,1,9.049432741451922,3782,,,
CNTFR,True,False,False,1,13.39704002292492,942,,,
CNTN1,True,False,False,1,13.175621918876375,1004,,,
CNTN2,False,True,False,1,,,405,2250,
CNTN3,True,False,False,1,9.528008757269845,3219,,,
CNTN4,True,False,False,1,11.806537905720996,1505,,,
CNTN4-AS2,False,True,False,1,,,347,3004,
CNTN5,True,False,False,1,9.509867748047512,3240,,,
CNTNAP1,True,False,False,1,11.620047810867488,1604,,,
CNTNAP2,True,True,False,2,9.691519331726443,3042,315,3564,
CNTNAP3B,True,False,False,1,9.285606131824672,3478,,,
CNTNAP3C,True,False,False,1,9.128163764200243,3680,,,
CNTROB,False,True,False,1,,,422,2084,
COASY,False,True,False,1,,,296,3981,
COBL,True,True,False,2,19.357334750643812,210,486,1539,
COG3,False,True,False,1,,,423,2077,
COG4,False,True,False,1,,,341,3083,
COL11A1,True,False,False,1,16.153890444723014,423,,,
COL11A2,True,False,False,1,12.317766434280092,1282,,,
COL12A1,True,False,False,1,17.74247294945207,280,,,
COL13A1,True,False,False,1,10.90165388728108,2060,,,
COL14A1,True,False,False,1,16.823932660994824,347,,,
COL15A1,True,False,False,1,16.83317745780849,346,,,
COL16A1,True,False,False,1,16.01973429893692,440,,,
COL18A1,True,False,False,1,18.145466042347955,256,,,
COL19A1,True,False,False,1,8.634955665599364,4358,,,
COL1A1,True,False,False,1,27.364597192788747,53,,,
COL1A2,True,False,False,1,22.63787192994314,113,,,
COL21A1,True,False,False,1,16.5427067214373,374,,,
COL22A1,True,False,False,1,11.703315126592864,1560,,,
COL23A1,True,True,False,2,12.954607265741483,1070,297,3950,
COL25A1-DT,False,True,False,1,,,268,4722,
COL26A1,True,True,False,2,9.675526109842522,3058,305,3762,
COL27A1,True,False,False,1,8.483290338702114,4600,,,
COL28A1,False,True,False,1,,,361,2780,
COL2A1,True,True,False,2,20.56903451433723,162,281,4347,
COL3A1,True,False,False,1,28.702959209947267,40,,,
COL4A1,True,False,False,1,15.24308766004312,562,,,
COL4A2,True,False,False,1,14.458972792976311,700,,,
COL4A4,True,False,False,1,11.317301891985412,1797,,,
COL4A5,True,False,False,1,11.493419543678444,1674,,,
COL4A6,True,False,False,1,14.559522917845824,682,,,
COL5A1,True,False,False,1,16.48741301126533,379,,,
COL5A2,True,False,False,1,15.297720478350282,546,,,
COL5A3,True,False,False,1,15.877726825054651,461,,,
COL6A1,True,False,False,1,16.19120466505951,418,,,
COL6A2,True,False,False,1,21.511917653351464,134,,,
COL6A3,True,False,False,1,20.971592659509135,147,,,
COL6A6,True,False,False,1,10.850852753647848,2089,,,
COL7A1,True,False,False,1,15.402812145421064,538,,,
COL8A1,True,False,False,1,13.204979790715964,998,,,
COL8A2,True,False,False,1,8.8204006328782,4093,,,
COL9A1,True,True,False,2,9.919801416679595,2811,328,3308,
COL9A2,True,False,False,1,8.684468334980942,4284,,,
COL9A3,True,False,False,1,9.83883553469757,2879,,,
COLEC12,True,False,False,1,8.669688496124168,4313,,,
COLGALT1,True,True,False,2,8.991321669955166,3874,317,3515,
COLGALT2,True,False,False,1,10.475457169467663,2356,,,
COLQ,True,True,False,2,9.260485104147818,3504,542,1204,
COMMD3-BMI1,True,False,False,1,8.340584716627086,4838,,,
COMP,True,False,False,1,11.048768503215417,1961,,,
COPA,False,True,False,1,,,266,4775,
COPB1,False,True,False,1,,,393,2383,
COPB2,False,True,False,1,,,457,1754,
COPB2-DT,False,True,False,1,,,279,4432,
COPG1,True,False,False,1,9.128005263316076,3682,,,
COPG2IT1,True,False,False,1,9.626996827405591,3111,,,
COPS2,False,True,False,1,,,358,2827,
COPS5,False,True,False,1,,,355,2876,
COPS7A,False,True,False,1,,,262,4898,
COPS8-DT,False,True,False,1,,,453,1791,
COPZ1,False,True,False,1,,,288,4176,
COPZ2,True,False,False,1,9.224610933102014,3549,,,
COQ8A,True,False,False,1,10.3031137053966,2475,,,
COQ8B,False,True,False,1,,,376,2580,
COQ9,False,True,False,1,,,274,4546,
CORIN,True,True,False,2,15.293552960836683,548,359,2811,
CORO1A,True,True,False,2,11.605662959428953,1612,264,4837,
CORO1B,True,False,False,1,9.42697517712852,3329,,,
CORO2B,True,False,False,1,9.757031177930806,2973,,,
CORO6,True,False,False,1,15.030485240149146,590,,,
COTL1,True,False,False,1,11.359191145301216,1765,,,
COX10-DT,False,True,False,1,,,451,1804,
COX11,False,True,False,1,,,272,4611,
COX5BP3,False,True,False,1,,,1171,202,
COX6A2,True,False,False,1,20.869532964680666,150,,,
COX7A1,True,False,False,1,14.491356252955844,695,,,
COX7A2L,False,True,False,1,,,306,3740,
CP,True,False,False,1,11.18785200035718,1877,,,
CPA3,True,False,False,1,8.703717431763593,4259,,,
CPA4,True,False,False,1,11.42301386557683,1725,,,
CPB2,False,True,False,1,,,474,1622,
CPB2-AS1,False,True,False,1,,,276,4510,
CPE,True,False,False,1,13.58931324028107,895,,,
CPEB2-DT,False,True,False,1,,,273,4590,
CPED1,True,False,False,1,10.437858938871868,2379,,,
CPLANE1,False,True,False,1,,,293,4071,
CPLX2,False,True,False,1,,,523,1293,
CPNE4,True,False,False,1,9.445591029834215,3304,,,
CPNE5,True,False,False,1,15.897999612979335,459,,,
CPNE6,False,True,False,1,,,450,1814,
CPNE7,True,False,False,1,11.675479849149012,1572,,,
CPSF1,True,True,False,2,10.209408321436262,2555,782,521,
CPSF2,False,True,False,1,,,496,1472,
CPSF3,False,True,False,1,,,279,4406,
CPSF7,False,True,False,1,,,329,3293,
CPT1B,True,False,False,1,14.493462436740051,693,,,
CPTP,True,False,False,1,9.97375344690628,2764,,,
CPVL,True,False,False,1,18.81420355845624,229,,,
CPXM1,True,False,False,1,13.216053563012013,996,,,
CPXM2,True,False,False,1,13.754199952442644,859,,,
CPZ,True,False,False,1,10.66460053771718,2213,,,
CR1,True,True,False,2,10.429379069156465,2388,665,761,
CRABP2,True,False,False,1,16.16717043675727,422,,,
CRACDL,True,False,False,1,9.595415281886568,3148,,,
CRAMP1,False,True,False,1,,,522,1300,
CRB2,True,True,False,2,13.063157565191966,1038,543,1199,
CREB1,False,True,False,1,,,262,4899,
CREB3L1,True,False,False,1,11.380954801203416,1751,,,
CRHBP,True,False,False,1,8.754308341317783,4196,,,
CRHR1,False,True,False,1,,,272,4603,
CRIM1,True,False,False,1,10.5920990050279,2268,,,
CRIP1,True,False,False,1,9.48332987367496,3269,,,
CRIP2,True,False,False,1,11.50716977820589,1666,,,
CRISPLD1,True,False,False,1,10.53374745123065,2307,,,
CRISPLD2,True,False,False,1,9.248644057770989,3517,,,
CRLF1,True,False,False,1,10.236623222179656,2528,,,
CRMA,True,True,False,2,16.350975900698273,397,362,2764,
CRMP1,True,False,False,1,10.500253743258584,2341,,,
CRNKL1,False,True,False,1,,,413,2170,
CROCC,True,False,False,1,8.309304825887681,4886,,,
CROCCP3,False,True,False,1,,,797,504,
CRTAC1,True,False,False,1,10.839307864193074,2098,,,
CRTC1,False,True,False,1,,,299,3900,
CRTC2,True,False,False,1,9.83836172502484,2880,,,
CRY2,True,True,False,2,9.439336554572408,3313,473,1630,
CRYAB,True,False,False,1,25.5539843384576,67,,,
CRYBG1,True,False,False,1,9.38430926848944,3365,,,
CRYM,True,False,False,1,13.610518201520872,888,,,
CRYZP1,False,True,False,1,,,349,2975,
CSDC2,True,False,False,1,16.210287943302216,410,,,
CSF1,True,False,False,1,11.143949742425978,1906,,,
CSF1R,True,True,False,2,13.493849861747906,916,431,1991,
CSF2RB,True,False,False,1,17.056952321939285,326,,,
CSF3,True,False,False,1,12.458349477790067,1218,,,
CSF3R,True,True,False,2,11.178813979568666,1882,432,1977,
CSGALNACT1,True,False,False,1,9.799234258454645,2929,,,
CSK,True,False,False,1,10.405806836691106,2402,,,
CSMD2-AS1,False,True,False,1,,,383,2508,
CSNK1A1L,False,True,False,1,,,292,4092,
CSNK1D,False,True,False,1,,,309,3674,
CSNK1G2,True,True,False,2,8.356364554772206,4807,263,4874,
CSNK1G2P1,False,True,False,1,,,372,2635,
CSNK2A1,False,True,False,1,,,403,2273,
CSNK2B,True,False,False,1,11.29827201123086,1810,,,
CSNKA2IP,False,True,False,1,,,515,1349,
CSPG4,True,False,False,1,15.870059693815104,464,,,
CSPG4P10,True,False,False,1,8.535286540490873,4520,,,
CSPG4P11,True,True,False,2,8.63377755584197,4359,267,4756,
CSPG4P12,False,True,False,1,,,319,3489,
CSPG5,True,True,False,2,8.776899036903355,4159,289,4147,
CSRNP1,True,False,False,1,9.21128395368974,3575,,,
CSRNP3,True,False,False,1,10.750361254552985,2153,,,
CSRP1,True,False,False,1,10.743247704922,2155,,,
CSRP3,True,False,False,1,39.28040711480367,11,,,
CST3,True,False,False,1,9.945777645067476,2789,,,
CST7,True,True,False,2,8.363742066578551,4793,515,1340,
CSTA,True,False,False,1,10.08777351227377,2648,,,
CSTF1,False,True,False,1,,,311,3639,
CT45A5,False,True,False,1,,,377,2578,
CTBP1-AS,False,True,False,1,,,431,1993,
CTBP2P2,False,True,False,1,,,267,4751,
CTCFL,False,True,False,1,,,769,543,
CTDP1,True,False,False,1,9.01759508733246,3834,,,
CTDSP1,True,True,False,2,9.761149750702955,2967,291,4111,
CTHRC1,True,False,False,1,11.299086914053214,1808,,,
CTIF,True,False,False,1,8.569066837085295,4465,,,
CTNNA2,False,True,False,1,,,441,1897,
CTNNA3,True,True,False,2,21.674426046428145,129,579,1030,
CTNND2,True,True,False,2,15.636121138906976,499,267,4741,
CTSD,True,False,False,1,12.20562061741275,1328,,,
CTSF,True,False,False,1,12.05274026171566,1390,,,
CTSO,True,False,False,1,15.830043502170966,467,,,
CTSS,True,False,False,1,10.183449528550764,2578,,,
CTSV,True,False,False,1,9.091899619787856,3734,,,
CTTNBP2,True,False,False,1,11.544577586874038,1648,,,
CTU2,False,True,False,1,,,410,2203,
CTXN1,True,False,False,1,12.919613447854706,1080,,,
CTXND1,False,True,False,1,,,360,2799,
CUEDC1,True,False,False,1,8.494480280443021,4583,,,
CUEDC2,False,True,False,1,,,267,4732,
CUL1,False,True,False,1,,,473,1629,
CUL2,False,True,False,1,,,405,2248,
CUL3,False,True,False,1,,,412,2178,
CUL4A,False,True,False,1,,,330,3268,
CUL5,False,True,False,1,,,275,4532,
CUL7,True,True,False,2,9.883327742762726,2832,549,1181,
CUX2,True,True,False,2,14.33227447646984,719,349,2963,
CX3CL1,True,False,False,1,10.433161903755863,2381,,,
CX3CR1,True,False,False,1,10.174093657659157,2590,,,
CXADR,True,False,False,1,11.510667622797394,1663,,,
CXCL1,True,False,False,1,21.78329221642355,125,,,
CXCL12,True,False,False,1,15.95682469059662,447,,,
CXCL14,True,False,False,1,10.303726645774264,2474,,,
CXCL2,True,False,False,1,14.489980681650655,696,,,
CXCL3,True,False,False,1,11.636107993116685,1587,,,
CXCL5,True,False,False,1,13.271056435641476,979,,,
CXCL6,True,False,False,1,19.202828669588637,217,,,
CXCL8,True,False,False,1,23.610149601575916,93,,,
CXCR1,False,True,False,1,,,281,4351,
CXCR2,True,False,False,1,8.586842432672086,4430,,,
CXCR4,True,False,False,1,13.535452681460326,902,,,
CXORF38,False,True,False,1,,,267,4743,
CXXC1,False,True,False,1,,,272,4607,
CXXC4,True,False,False,1,11.821460070864166,1499,,,
CYBA,True,False,False,1,11.099227227539672,1934,,,
CYBB,True,True,False,2,15.946399744155055,451,429,2012,
CYBRD1,True,True,False,2,10.935383928206562,2030,310,3652,
CYC1,True,False,False,1,8.450364770302789,4660,,,
CYFIP1,True,False,False,1,20.26653627225954,175,,,
CYFIP2,True,False,False,1,8.430726090444717,4678,,,
CYGB,True,False,False,1,12.710502213621275,1139,,,
CYP11B1,False,True,False,1,,,404,2260,
CYP1A1,True,False,False,1,9.812222827000584,2907,,,
CYP1A2,False,True,False,1,,,280,4381,
CYP1B1,True,False,False,1,12.876966743516308,1088,,,
CYP26B1,True,False,False,1,11.30376052965609,1804,,,
CYP27A1,True,False,False,1,9.71641224600581,3007,,,
CYP2A6,False,True,False,1,,,303,3822,
CYP2C18,False,True,False,1,,,427,2035,
CYP2C9,False,True,False,1,,,406,2238,
CYP2D7,False,True,False,1,,,286,4247,
CYP2J2,True,False,False,1,20.58104948635021,161,,,
CYP2S1,True,False,False,1,8.679481356612959,4293,,,
CYP2U1-AS1,False,True,False,1,,,368,2693,
CYP39A1,True,False,False,1,8.930103916922855,3959,,,
CYP3A4,False,True,False,1,,,514,1355,
CYP46A1,False,True,False,1,,,385,2475,
CYP4A11,False,True,False,1,,,363,2750,
CYP4A22,False,True,False,1,,,384,2493,
CYP4F12,False,True,False,1,,,349,2970,
CYP4F2,False,True,False,1,,,353,2917,
CYP4F8,False,True,False,1,,,264,4846,
CYP4X1,True,False,False,1,8.79705975268048,4122,,,
CYP7B1,True,False,False,1,9.35658607971424,3391,,,
CYRIA,True,False,False,1,8.73424920444715,4220,,,
CYSLTR2,True,False,False,1,9.7806943365487,2945,,,
CYTH1,True,True,False,2,8.708064645050742,4251,265,4803,
CYTH3,True,False,False,1,8.60118759939367,4409,,,
CYTH4,True,True,False,2,11.900200314121118,1464,612,904,
CYTIP,True,True,False,2,10.66120523524661,2215,354,2892,
CYTL1,True,False,False,1,11.737341143082745,1538,,,
CYYR1,True,False,False,1,14.00313472617948,794,,,
CYYR1-AS1,False,True,False,1,,,1687,60,
CZIB-DT,False,True,False,1,,,1456,96,
DAAM2,True,False,False,1,11.164536094191146,1895,,,
DAB1,True,False,False,1,14.130259086042946,767,,,
DAB2IP,True,False,False,1,11.401769014785083,1737,,,
DACT1,True,False,False,1,12.840646848619448,1097,,,
DAG1,True,True,True,3,10.067610037305856,2672,296,3994,both
DAGLA,True,False,False,1,9.59351286741878,3152,,,
DANT1,True,False,False,1,8.42967938431353,4679,,,
DAO,False,True,False,1,,,274,4550,
DAP,True,False,False,1,8.504468631097161,4567,,,
DAPK1,True,False,False,1,11.068398881008886,1949,,,
DAPK3,True,False,False,1,11.11012496052199,1931,,,
DAPP1,True,False,False,1,9.217160520022205,3563,,,
DAXX,True,False,False,1,10.338416483030851,2451,,,
DBN1,True,False,False,1,9.836254850295468,2882,,,
DBNDD1,True,False,False,1,9.799257477665549,2928,,,
DBNDD2,True,False,False,1,8.620991537426203,4380,,,
DBT,False,True,False,1,,,346,3016,
DCAF15,True,False,False,1,11.06058221979964,1952,,,
DCAF16,False,True,False,1,,,349,2968,
DCAF17,False,True,False,1,,,428,2023,
DCAF8,False,True,False,1,,,441,1899,
DCBLD1,False,True,False,1,,,298,3935,
DCBLD2,True,False,False,1,9.413325271096824,3341,,,
DCDC2B,False,True,False,1,,,566,1094,
DCHS1,True,False,False,1,16.0672775535593,435,,,
DCHS2,False,True,False,1,,,443,1880,
DCLK1,True,False,False,1,8.924968697639894,3963,,,
DCLK2,True,False,False,1,10.028555958963686,2708,,,
DCLRE1C,False,True,False,1,,,281,4349,
DCN,True,False,False,1,23.794819840083353,86,,,
DCTD,False,True,False,1,,,349,2964,
DCTN1,True,False,False,1,8.309908193462958,4884,,,
DCTN4,False,True,False,1,,,683,716,
DCTN5,False,True,False,1,,,491,1505,
DCUN1D2,False,True,False,1,,,415,2153,
DCUN1D4,False,True,False,1,,,314,3575,
DDAH1,True,False,False,1,10.5404488425687,2302,,,
DDAH2,True,False,False,1,10.39660119017451,2407,,,
DDHD1,False,True,False,1,,,263,4865,
DDHD2,False,True,False,1,,,481,1575,
DDIT4,True,False,False,1,8.744308636429869,4206,,,
DDO,True,False,False,1,9.070824145655925,3765,,,
DDR1,True,False,False,1,16.659513976861554,362,,,
DDR2,True,False,False,1,11.761534261512608,1522,,,
DDTL,True,False,False,1,9.69416053120074,3040,,,
DDX18,False,True,False,1,,,324,3389,
DDX18P5,False,True,False,1,,,1152,211,
DDX19A,False,True,False,1,,,309,3676,
DDX23,False,True,False,1,,,325,3375,
DDX25,False,True,False,1,,,274,4549,
DDX39B,True,False,False,1,10.7963613421844,2124,,,
DDX3ILA1,False,True,False,1,,,346,3023,
DDX3P1,False,True,False,1,,,314,3588,
DDX3Y,True,False,False,1,22.829539302831627,110,,,
DDX41,False,True,False,1,,,290,4135,
DDX42,False,True,False,1,,,740,590,
DDX56,False,True,False,1,,,380,2538,
DEF6,False,True,False,1,,,413,2168,
DEFB108B,False,True,False,1,,,529,1259,
DEFB122,False,True,False,1,,,277,4480,
DELEC1,False,True,False,1,,,1055,260,
DENND11,True,False,False,1,9.080281014768874,3753,,,
DENND1C,True,False,False,1,9.242613428901327,3528,,,
DENND2A,True,False,False,1,8.598362884180746,4415,,,
DENND3,True,False,False,1,9.20996126110771,3577,,,
DENND4B,True,True,False,2,9.51468395718575,3235,421,2101,
DENND5B,False,True,False,1,,,371,2646,
DENND6A,False,True,False,1,,,368,2690,
DENR,False,True,False,1,,,368,2688,
DEPDC1,True,False,False,1,11.332583701596642,1778,,,
DEPDC1P1,False,True,False,1,,,742,584,
DEPDC5,False,True,False,1,,,339,3115,
DEPP1,True,False,False,1,10.165962173486394,2596,,,
DEPTOR,True,False,False,1,9.405633132488989,3346,,,
DERL1,False,True,False,1,,,277,4474,
DERPC,True,False,False,1,9.403380535103896,3350,,,
DES,True,False,True,2,41.8102688277144,8,,,both
DESI2,False,True,False,1,,,281,4345,
DGAT2,True,False,False,1,8.435784085915103,4672,,,
DGCR2,True,True,False,2,9.879312419734111,2836,458,1735,
DGCR5,False,True,False,1,,,458,1743,
DGCR8,False,True,False,1,,,269,4685,
DGKD,True,False,False,1,8.816506318483839,4097,,,
DGKG,True,False,False,1,10.011201852094418,2726,,,
DGKI,True,False,False,1,11.97416416335132,1424,,,
DGKQ,True,True,False,2,9.488910665443566,3264,527,1269,
DGKZ,True,False,False,1,10.442340205097464,2375,,,
DHCR24,True,False,False,1,12.400834130662776,1241,,,
DHCR7,True,False,False,1,9.574827997772996,3167,,,
DHFRP2,False,True,False,1,,,1502,86,
DHPS,False,True,False,1,,,267,4730,
DHRS13,True,False,False,1,8.46468240811675,4642,,,
DHRS7C,True,False,False,1,8.571083047951598,4460,,,
DHRS9,True,False,False,1,9.74947120028533,2978,,,
DHX15,False,True,False,1,,,382,2514,
DHX16,True,False,False,1,9.60048555888231,3140,,,
DHX29,False,True,False,1,,,329,3288,
DHX30,False,True,False,1,,,267,4736,
DHX34,True,True,False,2,8.679080886219706,4294,278,4443,
DHX37,True,True,False,2,8.541275468589856,4510,360,2792,
DHX38,False,True,False,1,,,292,4089,
DHX57,False,True,False,1,,,620,881,
DHX58,True,True,False,2,9.580114234983498,3160,286,4231,
DHX8,False,True,False,1,,,329,3289,
DHX9,False,True,False,1,,,287,4213,
DIAPH1-AS1,False,True,False,1,,,608,921,
DIAPH3,True,False,False,1,8.876205022748163,4029,,,
DICER1-AS1,False,True,False,1,,,663,768,
DIDO1,False,True,False,1,,,850,446,
DIO1,False,True,False,1,,,285,4263,
DIO2,True,False,False,1,11.180733173020322,1879,,,
DIP2A,False,True,False,1,,,403,2275,
DIP2B,False,True,False,1,,,287,4205,
DIPK1B,True,False,False,1,10.60843071441751,2254,,,
DIPK1C,False,True,False,1,,,282,4326,
DIPK2B,True,True,False,2,11.68135759505138,1569,265,4811,
DIRAS1,True,False,False,1,14.2840527814563,729,,,
DIS3,False,True,False,1,,,820,480,
DIS3L2,False,True,False,1,,,275,4529,
DISC1-IT1,False,True,False,1,,,936,358,
DISP3,False,True,False,1,,,309,3679,
DKK1,True,False,False,1,15.533847239305292,513,,,
DKK2,True,False,False,1,8.853538973457164,4059,,,
DKK3,True,False,False,1,13.647428757218558,883,,,
DLEU7,False,True,False,1,,,727,607,
DLG2,False,True,False,1,,,623,869,
DLG2-AS2,False,True,False,1,,,485,1544,
DLG5,True,False,False,1,11.80955476808472,1504,,,
DLGAP1-AS3,False,True,False,1,,,416,2147,
DLGAP1-AS5,False,True,False,1,,,537,1228,
DLGAP2,False,True,False,1,,,365,2726,
DLGAP4-AS1,False,True,False,1,,,328,3322,
DLGAP5,True,False,False,1,13.12403626972233,1017,,,
DLK1,True,False,False,1,19.62913918380398,199,,,
DLL1,True,False,False,1,9.85793223227806,2857,,,
DLL4,True,False,False,1,12.17083194061581,1337,,,
DLST,True,True,False,2,10.906100286182133,2051,283,4303,
DMAC2,False,True,False,1,,,261,4923,
DMBT1L1,False,True,False,1,,,665,759,
DMD,True,False,True,2,9.995058238928824,2742,,,both
DMKN,True,False,False,1,10.390952848519357,2411,,,
DMPK,True,True,False,2,12.004022126255482,1413,322,3425,
DMTF1,False,True,False,1,,,388,2443,
DMTN,True,False,False,1,12.727374423170357,1132,,,
DMXL1,False,True,False,1,,,480,1583,
DNAAF3,True,False,False,1,8.9346332384501,3951,,,
DNAH1,True,True,False,2,9.700633859833914,3028,507,1409,
DNAH17,False,True,False,1,,,373,2618,
DNAH6,False,True,False,1,,,322,3428,
DNAH9,False,True,False,1,,,322,3421,
DNAJA2-DT,False,True,False,1,,,353,2922,
DNAJA3,False,True,False,1,,,288,4174,
DNAJA4,True,False,False,1,11.376353978040806,1754,,,
DNAJB2,True,True,False,2,9.878449050705193,2837,270,4668,
DNAJB5,True,False,False,1,8.976611582306303,3895,,,
DNAJB6P7,False,True,False,1,,,1197,187,
DNAJC10,False,True,False,1,,,300,3872,
DNAJC11,False,True,False,1,,,324,3388,
DNAJC13,False,True,False,1,,,576,1042,
DNAJC14,True,False,False,1,8.511273306586165,4559,,,
DNAJC27,False,True,False,1,,,275,4525,
DNAJC5,True,True,False,2,9.322821521268615,3434,417,2138,
DNAJC6,True,False,False,1,8.559020924150058,4487,,,
DNAJC7,False,True,False,1,,,426,2048,
DNASE1L1,True,False,False,1,12.334984746605905,1274,,,
DNER,True,False,False,1,9.100303492807328,3721,,,
DNHD1,False,True,False,1,,,556,1145,
DNM1,True,False,False,1,8.993708900579053,3869,,,
DNM1P47,True,False,False,1,10.271078103122962,2506,,,
DNM1P51,True,True,False,2,8.470054142735695,4633,484,1555,
DNM2,True,True,False,2,9.005780577271377,3846,692,698,
DNM3OS,True,False,False,1,11.006187139841243,1985,,,
DNMBP,True,False,False,1,8.501230300222108,4571,,,
DOC2B,True,False,False,1,8.341894958497981,4836,,,
DOCK10,True,False,False,1,12.368586335263092,1258,,,
DOCK2,True,False,False,1,11.047495212297346,1962,,,
DOCK3,True,False,False,1,8.606867340791563,4400,,,
DOCK4,True,False,False,1,9.84826625608986,2868,,,
DOCK4-AS1,False,True,False,1,,,325,3381,
DOCK6,True,False,False,1,10.890274151611116,2068,,,
DOCK8,True,True,False,2,8.585501117108025,4434,420,2106,
DOCK8-AS2,False,True,False,1,,,288,4192,
DOHH,True,False,False,1,9.200197971326045,3586,,,
DOK1,True,False,False,1,8.347091755252096,4829,,,
DOK2,True,True,False,2,10.82244427035356,2106,337,3154,
DOK4,True,False,False,1,10.984476940612556,2000,,,
DOK5,True,False,False,1,8.897022850624186,4010,,,
DOK6,True,False,False,1,10.264934798274831,2509,,,
DOK7,True,True,False,2,14.170305627105302,759,487,1529,
DOP1A,False,True,False,1,,,432,1975,
DOT1L,True,False,False,1,8.512575817738355,4556,,,
DPEP2,True,True,False,2,9.008384862578414,3844,462,1703,
DPF3,True,False,False,1,10.13204562780048,2619,,,
DPH3,False,True,False,1,,,304,3790,
DPP10,False,True,False,1,,,439,1916,
DPP3,True,True,False,2,8.525624404416652,4536,303,3821,
DPP4,True,False,False,1,11.588908492907024,1625,,,
DPP7,True,False,False,1,10.519326783408564,2320,,,
DPP8,False,True,False,1,,,614,895,
DPRXP1,False,True,False,1,,,406,2243,
DPT,True,False,False,1,19.922338698267417,186,,,
DPY19L2,True,True,False,2,10.094849505168575,2643,347,2998,
DPY19L2P1,True,True,False,2,10.69320187748938,2183,393,2386,
DPY19L2P3,False,True,False,1,,,295,4027,
DPY19L4,False,True,False,1,,,281,4350,
DPY19L4P1,False,True,False,1,,,314,3586,
DPYD,True,True,False,2,9.519534548558552,3234,286,4239,
DPYSL3,True,False,False,1,14.518506069414276,691,,,
DPYSL4,True,False,False,1,11.61666324812528,1606,,,
DPYSL5,True,True,False,2,8.924658115682819,3964,396,2345,
DRAIC,False,True,False,1,,,371,2655,
DRAM1,False,True,False,1,,,394,2372,
DRAP1,True,False,False,1,8.751936175991569,4199,,,
DRC3,False,True,False,1,,,492,1497,
DRD1,True,False,False,1,9.023230211042655,3823,,,
DRD3,False,True,False,1,,,324,3395,
DRD5P2,False,True,False,1,,,569,1078,
DRG1,False,True,False,1,,,263,4882,
DRG2,False,True,False,1,,,320,3461,
DROSHA,False,True,False,1,,,292,4087,
DRP2,True,False,False,1,11.23834723615755,1848,,,
DSC2,True,False,False,1,17.1751780674421,318,,,
DSC3,True,False,False,1,10.453090597987376,2372,,,
DSCAML1,False,True,False,1,,,299,3915,
DSCR4,False,True,False,1,,,780,525,
DSEL,True,False,False,1,14.71075714535126,647,,,
DSG2,True,False,False,1,15.964588504948376,446,,,
DSP,True,False,False,1,18.907207623436165,227,,,
DSP-AS1,True,False,False,1,9.444167020196168,3306,,,
DST,True,False,False,1,8.372407761915213,4775,,,
DSTNP1,False,True,False,1,,,349,2974,
DTD1-AS1,False,True,False,1,,,526,1279,
DTHD1,False,True,False,1,,,334,3204,
DTL,True,False,False,1,9.695590202354172,3037,,,
DTNA,True,False,True,2,9.598267651478055,3143,,,both
DTX2P1-UPK3BP1-PMS2P11,False,True,False,1,,,264,4859,
DTX3,True,False,False,1,8.848615718614969,4066,,,
DTX4,True,False,False,1,8.350471347434835,4823,,,
DUOX1,False,True,False,1,,,263,4876,
DUSP1,True,False,False,1,11.05259141306106,1957,,,
DUSP14,True,False,False,1,12.109277944651756,1363,,,
DUSP26,True,True,False,2,19.14013762275652,220,420,2109,
DUSP4,True,False,False,1,8.781024944232886,4151,,,
DUSP5,True,False,False,1,10.699035016593884,2179,,,
DUSP6,True,False,False,1,9.421974459416832,3333,,,
DUSP7,True,False,False,1,8.352029828634144,4816,,,
DUSP8,True,False,False,1,10.272650357238064,2502,,,
DUSP8P5,False,True,False,1,,,266,4795,
DUTP7,False,True,False,1,,,403,2279,
DUX4L17,False,True,False,1,,,582,1018,
DUX4L19,False,True,False,1,,,432,1986,
DUX4L34,False,True,False,1,,,314,3595,
DVL1,True,False,False,1,11.27133431010439,1831,,,
DVL2,True,True,False,2,8.6291297206171,4365,364,2731,
DVL3,True,True,False,2,8.541607602636716,4508,364,2734,
DYM,False,True,False,1,,,308,3697,
DYNAP,False,True,False,1,,,404,2262,
DYNC1LI1,False,True,False,1,,,265,4810,
DYNC2I2,True,False,False,1,9.058912870667529,3775,,,
DYNLL2,True,False,False,1,8.61769509064269,4383,,,
DYRK1B,True,False,False,1,8.89900589768467,4005,,,
DYSF,True,False,False,1,14.678662697830436,655,,,
E2F1,True,False,False,1,9.178755279218237,3610,,,
E2F3P1,False,True,False,1,,,281,4372,
E2F4,False,True,False,1,,,459,1733,
E2F7,True,False,False,1,11.63096044872728,1594,,,
E2F8,True,False,False,1,9.436985730690653,3318,,,
E4F1,True,True,False,2,9.19523840791734,3592,601,944,
EBF1,True,False,False,1,8.356848991375236,4804,,,
EBF2,True,False,False,1,11.13242317727292,1912,,,
EBF3,True,False,False,1,8.987022988303462,3878,,,
EBF4,True,False,False,1,8.577894584116942,4445,,,
ECE1,True,False,False,1,11.755444723251644,1530,,,
ECHDC1,False,True,False,1,,,513,1361,
ECHDC3,True,False,False,1,10.429576663352966,2387,,,
ECM1,True,False,False,1,11.759997718397658,1523,,,
ECM2,True,False,False,1,13.245336723792168,988,,,
ECPAS,False,True,False,1,,,482,1568,
ECSCR,True,False,False,1,16.281628411754088,404,,,
ECT2L,False,True,False,1,,,282,4327,
EDA,True,False,False,1,9.442558926617243,3309,,,
EDC3,False,True,False,1,,,327,3346,
EDC4,True,True,False,2,14.0411990961041,789,613,901,
EDDM3CP,False,True,False,1,,,692,700,
EDEM3,False,True,False,1,,,345,3031,
EDF1,False,True,False,1,,,308,3693,
EDIL3,True,False,False,1,14.649347556770095,661,,,
EDN1,True,False,True,2,12.638962982680315,1160,,,hsa05410
EDNRA,True,False,False,1,15.13337774281598,574,,,
EDNRB,True,False,False,1,11.510744514837516,1662,,,
EDRF1,False,True,False,1,,,436,1943,
EEF1A1P1,False,True,False,1,,,329,3294,
EEF1A1P12,False,True,False,1,,,299,3919,
EEF1A1P16,False,True,False,1,,,286,4243,
EEF1A1P17,False,True,False,1,,,272,4629,
EEF1A1P24,False,True,False,1,,,307,3728,
EEF1A1P28,False,True,False,1,,,279,4429,
EEF1A1P29,False,True,False,1,,,275,4538,
EEF1A1P38,False,True,False,1,,,328,3327,
EEF1A1P5,True,False,False,1,9.064873991179796,3771,,,
EEF1A1P7,False,True,False,1,,,439,1920,
EEF1A1P8,False,True,False,1,,,460,1723,
EEF1A1P9,False,True,False,1,,,287,4225,
EEF1A2,True,False,False,1,23.75051680449154,87,,,
EEF2,True,False,False,1,10.82605109948349,2103,,,
EEF2K,True,False,False,1,8.31600680919801,4878,,,
EEFSEC,True,False,False,1,8.788624397045515,4136,,,
EFCAB12,False,True,False,1,,,455,1770,
EFCAB6,False,True,False,1,,,279,4422,
EFCAB6-AS1,False,True,False,1,,,829,467,
EFEMP1,True,False,False,1,23.461230509988912,98,,,
EFEMP2,True,False,False,1,9.619566355683348,3118,,,
EFHC2,True,False,False,1,8.567533083485229,4471,,,
EFHD1,True,False,False,1,11.7747266193051,1518,,,
EFHD2,True,False,False,1,10.339434238882568,2447,,,
EFNA1,True,False,False,1,11.969972566078528,1426,,,
EFNB1,True,False,False,1,10.58764936699134,2273,,,
EFNB2,True,False,False,1,10.431124738008522,2386,,,
EFNB3,True,False,False,1,14.29791636235078,726,,,
EFS,True,False,False,1,12.677779633146098,1149,,,
EFTUD2,False,True,False,1,,,323,3406,
EGF,True,False,False,1,11.94469025007828,1437,,,
EGFL7,True,False,False,1,12.475617861391846,1214,,,
EGFLAM,True,False,False,1,9.390949505924247,3355,,,
EGFR,True,False,False,1,11.964327827026748,1430,,,
EGLN2,True,True,False,2,8.32878809868905,4860,560,1124,
EGLN3,True,False,False,1,13.285687913047306,971,,,
EGR1,True,False,False,1,9.155712302228542,3649,,,
EGR3,True,False,False,1,8.580942133337281,4441,,,
EHBP1L1,True,False,False,1,11.599703954839043,1616,,,
EHD2,True,False,False,1,13.234042216967763,991,,,
EHD3,True,False,False,1,9.15729331883353,3645,,,
EHD4,True,False,False,1,10.7857757464477,2130,,,
EHMT1,False,True,False,1,,,276,4505,
EHMT2,True,False,False,1,10.0148488574166,2719,,,
EIF1AY,True,False,False,1,15.18568888061316,570,,,
EIF1B-AS1,False,True,False,1,,,903,389,
EIF2A,False,True,False,1,,,522,1301,
EIF2AK4,False,True,False,1,,,456,1760,
EIF2B4,False,True,False,1,,,365,2721,
EIF2B5,False,True,False,1,,,316,3532,
EIF2S1,False,True,False,1,,,396,2343,
EIF2S2P5,False,True,False,1,,,335,3187,
EIF3B,False,True,False,1,,,404,2258,
EIF3CL,True,False,False,1,8.923038611396167,3967,,,
EIF3FP3,True,True,False,2,11.639902105525891,1585,281,4365,
EIF3G,False,True,False,1,,,277,4471,
EIF3H,False,True,False,1,,,277,4476,
EIF3I,False,True,False,1,,,279,4402,
EIF3M,False,True,False,1,,,313,3605,
EIF4A1P4,False,True,False,1,,,274,4565,
EIF4BP5,False,True,False,1,,,282,4335,
EIF4BP7,False,True,False,1,,,361,2782,
EIF4E2,False,True,False,1,,,289,4150,
EIF4ENIF1,False,True,False,1,,,540,1212,
EIF4G1,True,True,False,2,9.522974924607638,3229,377,2572,
EIF4H,False,True,False,1,,,481,1576,
EIF5A,True,False,False,1,9.212338318676435,3571,,,
ELF3,True,False,False,1,8.785832834206042,4139,,,
ELF4,True,False,False,1,8.492921450939345,4587,,,
ELFN1,True,False,False,1,8.874410265322991,4033,,,
ELK1,True,True,False,2,8.791089365631938,4134,332,3228,
ELMO1,True,False,False,1,10.951920912262072,2023,,,
ELMO3,False,True,False,1,,,268,4712,
ELMOD3,False,True,False,1,,,326,3359,
ELN,True,False,False,1,14.185469875617985,757,,,
ELOA,False,True,False,1,,,296,3979,
ELOVL1,True,False,False,1,9.974490367385222,2762,,,
ELOVL2,True,False,False,1,9.023324145766246,3822,,,
ELP1,False,True,False,1,,,904,388,
ELP2,False,True,False,1,,,515,1342,
ELP3,False,True,False,1,,,585,1001,
ELP6,False,True,False,1,,,347,2996,
EMB,True,False,False,1,11.49193886217141,1676,,,
EMC10,True,False,False,1,10.20995236885462,2554,,,
EMCN,True,False,False,1,12.897845609801434,1085,,,
EMD,False,False,True,1,,,,,both
EMID1,True,False,False,1,8.493719822449085,4585,,,
EMILIN1,True,False,False,1,15.7560072997325,479,,,
EMILIN2,True,False,False,1,10.289240251674617,2482,,,
EMILIN3,True,False,False,1,8.325486219120059,4861,,,
EML2,True,False,False,1,8.928440927782125,3961,,,
EML3,True,True,False,2,11.172381277525783,1889,322,3430,
EML6-AS1,False,True,False,1,,,441,1903,
EMP1,True,False,False,1,15.153155164093782,572,,,
EMP3,True,False,False,1,8.582642073135185,4438,,,
ENAM,True,False,False,1,8.626590202296487,4371,,,
ENC1,True,False,False,1,9.884601028973144,2830,,,
ENDOG,True,False,False,1,9.11162708897521,3705,,,
ENG,True,False,False,1,16.22116220880112,409,,,
ENGASE,True,True,False,2,10.22933059910448,2535,424,2065,
ENO3,True,True,False,2,18.31941003989601,244,262,4897,
ENPEP,True,False,False,1,9.93381050988131,2797,,,
ENPP2,True,False,False,1,11.285385488145415,1821,,,
ENPP5,True,False,False,1,9.245269047979807,3524,,,
ENPP7,False,True,False,1,,,345,3034,
ENPP7P8,False,True,False,1,,,433,1970,
ENTPD1-AS1,False,True,False,1,,,548,1185,
ENTPD4,False,True,False,1,,,305,3765,
ENTPD6,True,False,False,1,9.002064274449523,3851,,,
EOLA1-DT,False,True,False,1,,,276,4513,
EOLA2-DT,False,True,False,1,,,683,717,
EP400P1,False,True,False,1,,,279,4438,
EPAS1,True,False,False,1,13.958187871545135,812,,,
EPB41L1,True,False,False,1,8.917511973982117,3978,,,
EPB41L3,True,False,False,1,11.754152693674502,1531,,,
EPB41L4A,True,False,False,1,9.427694256639096,3328,,,
EPB41L4B,True,False,False,1,8.7271507612412,4233,,,
EPC1-AS1,False,True,False,1,,,575,1051,
EPCAM,True,False,False,1,10.164471705215844,2599,,,
EPDR1,True,False,False,1,11.235754444031508,1853,,,
EPG5,False,True,False,1,,,274,4555,
EPHA2,True,False,False,1,14.78025436140622,636,,,
EPHA3,True,False,False,1,13.386355947015296,946,,,
EPHA4,True,False,False,1,9.977885857300894,2758,,,
EPHA5,True,False,False,1,9.841732435355135,2876,,,
EPHA7,True,False,False,1,11.632733928661205,1592,,,
EPHB2,True,False,False,1,11.563552587371491,1637,,,
EPHB3,True,True,False,2,14.613503247189287,671,300,3887,
EPHB4,True,False,False,1,11.456768519944733,1696,,,
EPHX1,True,False,False,1,12.807056210822148,1107,,,
EPHX2,True,True,False,2,11.23822917757475,1849,281,4344,
EPIC1,False,True,False,1,,,1980,33,
EPM2A,False,True,False,1,,,600,949,
EPM2A-DT,False,True,False,1,,,508,1402,
EPN3,True,False,False,1,9.73749896846066,2993,,,
EPPK1,True,False,False,1,11.910916641219982,1456,,,
EPS8L2,True,False,False,1,11.041752240637752,1963,,,
ERAP2,True,False,False,1,9.853085064350925,2864,,,
ERBB2,True,True,False,2,10.596022057392853,2260,429,2009,
ERBB4,True,False,False,1,15.680772710882612,491,,,
ERC2,True,False,False,1,9.238715373474555,3535,,,
ERCC1,False,True,False,1,,,356,2857,
ERCC2,False,True,False,1,,,284,4274,
ERCC3,False,True,False,1,,,510,1384,
ERCC6L2,False,True,False,1,,,428,2029,
ERCC8,False,True,False,1,,,354,2890,
ERF,True,True,False,2,13.386829531118924,945,387,2452,
ERG,True,False,False,1,15.12899807260543,576,,,
ERI3,True,False,False,1,8.468666079710413,4636,,,
ERICH2-DT,False,True,False,1,,,543,1202,
ERICH5,True,False,False,1,8.912310776622764,3985,,,
ERLEC1,False,True,False,1,,,277,4466,
ERRFI1,True,False,False,1,10.640098447238488,2228,,,
ERVH48-1,False,True,False,1,,,422,2087,
ERVK13-1,False,True,False,1,,,699,678,
ERVK9-11,False,True,False,1,,,412,2186,
ERVW-1,False,True,False,1,,,1825,38,
ESAM,True,False,False,1,16.794027994827207,350,,,
ESD,False,True,False,1,,,271,4645,
ESM1,True,False,False,1,18.00306282500894,267,,,
ESPL1,True,False,False,1,8.971657901663107,3905,,,
ESRP1,True,False,False,1,8.911093843964327,3989,,,
ESRRA,True,False,False,1,11.5236221662274,1655,,,
ESRRB,True,True,False,2,9.188143716005223,3599,277,4470,
ESRRG,True,True,False,2,17.03837203115308,327,360,2795,
ESYT1,True,False,False,1,8.351896640380554,4817,,,
ESYT3,False,True,False,1,,,378,2562,
ETF1,False,True,False,1,,,544,1196,
ETNK2,True,False,False,1,9.084192991541364,3746,,,
ETNPPL,True,False,False,1,8.529502417448178,4531,,,
ETS1,True,False,False,1,8.425674152128131,4689,,,
ETV1,True,False,False,1,10.513847617683274,2326,,,
ETV4,True,False,False,1,9.19320752904165,3594,,,
ETV5,True,False,False,1,8.475950678583448,4622,,,
EVA1A,True,False,False,1,11.11133811482344,1928,,,
EVA1B,True,False,False,1,10.947694283976848,2026,,,
EVA1C,True,False,False,1,8.819365411580309,4095,,,
EVC,True,False,False,1,11.269233328695128,1832,,,
EVI2A,True,False,False,1,9.405721959393825,3345,,,
EVI2B,True,False,False,1,12.193812141292517,1330,,,
EVI5L,True,True,False,2,9.8717354139194,2844,315,3558,
EXO1,True,False,False,1,8.417908978947802,4701,,,
EXOC1,False,True,False,1,,,596,959,
EXOC2,False,True,False,1,,,555,1149,
EXOC4,False,True,False,1,,,278,4442,
EXOC5,False,True,False,1,,,553,1162,
EXOC6B,True,True,False,2,8.36650318558527,4784,279,4413,
EXOC7,False,True,False,1,,,457,1753,
EXOC8,False,True,False,1,,,295,4012,
EXT2,False,True,False,1,,,428,2025,
EXTL1,True,False,False,1,13.023262415122602,1054,,,
EYA1,True,False,False,1,10.38216958367306,2418,,,
EYA4,True,False,False,1,11.242660876200263,1844,,,
F10,True,False,False,1,9.531569715860549,3212,,,
F11,False,True,False,1,,,486,1538,
F13A1,True,False,False,1,23.02307509482645,105,,,
F13B,False,True,False,1,,,293,4069,
F2R,True,False,False,1,10.063565785220137,2679,,,
F2RL1,True,False,False,1,10.67228440616499,2206,,,
F3,True,False,False,1,9.762924053241187,2964,,,
F5,True,False,False,1,10.90401764158881,2056,,,
F8,False,True,False,1,,,278,4451,
F8A2,True,False,False,1,8.984938469530583,3881,,,
F8A3,True,False,False,1,8.984938469530583,3882,,,
F9,False,True,False,1,,,355,2872,
FAAH,True,True,False,2,8.868096128094688,4041,443,1875,
FAAP100,True,True,False,2,10.73900314544492,2161,645,812,
FABP3,True,False,False,1,20.554134510633354,163,,,
FABP4,True,False,False,1,18.78439321128772,231,,,
FABP5P7,True,False,False,1,10.265019471320652,2508,,,
FABP6-AS1,False,True,False,1,,,264,4857,
FABP7P1,False,True,False,1,,,538,1223,
FADD,True,False,False,1,9.698868850680674,3033,,,
FADS2,True,False,False,1,12.211937553468251,1327,,,
FADS3,True,False,False,1,9.009203573825294,3843,,,
FAF2,False,True,False,1,,,335,3176,
FAIM2,True,False,False,1,10.047066650930551,2694,,,
FAM107A,True,False,False,1,13.926881897974637,819,,,
FAM110C,True,False,False,1,9.794824039758495,2933,,,
FAM124B,True,True,False,2,10.476360209158472,2355,299,3905,
FAM135B,False,True,False,1,,,654,787,
FAM136CP,False,True,False,1,,,488,1524,
FAM13A-AS1,False,True,False,1,,,461,1713,
FAM13C,True,False,False,1,9.87771725194508,2838,,,
FAM149B1,False,True,False,1,,,378,2560,
FAM153CP,False,True,False,1,,,543,1201,
FAM156B,True,False,False,1,9.59926351785608,3142,,,
FAM157A,True,False,False,1,11.357913339143396,1766,,,
FAM167A,True,False,False,1,8.99256959502798,3873,,,
FAM168B,True,True,False,2,8.677964845564057,4297,817,481,
FAM169A,True,False,False,1,9.026696868559096,3815,,,
FAM171A1,True,False,False,1,9.07548845258293,3755,,,
FAM171A2,True,False,False,1,11.644230191534463,1583,,,
FAM180A,True,False,False,1,11.17583770443496,1888,,,
FAM184A,True,True,False,2,8.334298184960238,4851,304,3785,
FAM186B,False,True,False,1,,,407,2227,
FAM189A2,True,False,False,1,14.871387049708352,629,,,
FAM193B,True,True,False,2,8.403765446067217,4724,418,2132,
FAM199X,False,True,False,1,,,450,1810,
FAM20A,True,False,False,1,10.157661373217008,2603,,,
FAM20B,False,True,False,1,,,365,2722,
FAM20C,True,False,False,1,8.981512859427493,3885,,,
FAM219A,True,False,False,1,9.37234167423416,3379,,,
FAM219B,True,True,False,2,10.387414348175964,2414,407,2229,
FAM222A,True,False,False,1,9.252508637603883,3512,,,
FAM227A,False,True,False,1,,,321,3453,
FAM238C,False,True,False,1,,,289,4166,
FAM242A,False,True,False,1,,,1330,129,
FAM30A,False,True,False,1,,,262,4916,
FAM3A,False,True,False,1,,,368,2684,
FAM3C2P,True,False,False,1,12.274973774457468,1299,,,
FAM3D-AS1,False,True,False,1,,,369,2680,
FAM43A,True,False,False,1,11.235898832173977,1852,,,
FAM47C,False,True,False,1,,,280,4389,
FAM47E,False,True,False,1,,,805,496,
FAM53B,True,False,False,1,9.306309832781093,3447,,,
FAM78A,True,False,False,1,12.03159237928818,1401,,,
FAM83D,True,False,False,1,9.906369066639847,2814,,,
FAM83G,True,False,False,1,10.013505355615386,2720,,,
FAM83H,True,False,False,1,13.920431416415523,823,,,
FAM86B3P,False,True,False,1,,,369,2683,
FAM91A1,False,True,False,1,,,340,3105,
FAN1,True,True,False,2,10.241693994578672,2526,585,1002,
FANCI,False,True,False,1,,,307,3718,
FANCL,False,True,False,1,,,281,4343,
FAP,True,False,False,1,18.37808341161445,240,,,
FAR2P2,True,False,False,1,8.753258197909286,4197,,,
FARSA,False,True,False,1,,,335,3181,
FASN,True,False,False,1,15.684971031630193,488,,,
FASTK,True,True,False,2,10.60189124418525,2258,407,2228,
FAT1,True,False,False,1,14.14636844206515,765,,,
FAT3,True,False,False,1,13.494299619931098,915,,,
FAT4,True,False,False,1,9.292544229669303,3464,,,
FBH1,True,False,False,1,9.409028855682164,3343,,,
FBLIM1,True,False,False,1,11.156141516106183,1900,,,
FBLN1,True,False,False,1,13.606151363160802,891,,,
FBLN2,True,False,False,1,16.019818043203006,439,,,
FBLN5,True,False,False,1,13.747222565049611,861,,,
FBN1,True,True,False,2,14.62483483739825,667,269,4693,
FBN2,True,False,False,1,17.867753858055423,276,,,
FBN3,True,True,False,2,9.12303590496318,3689,477,1605,
FBP1,True,False,False,1,9.310758809405906,3443,,,
FBRS,True,True,False,2,10.676037721531182,2197,420,2110,
FBRSL1,True,False,False,1,8.786941454749245,4138,,,
FBXL19,True,True,False,2,11.75182374134057,1534,302,3835,
FBXL22,True,False,False,1,10.1302909132262,2620,,,
FBXL6,False,True,False,1,,,349,2969,
FBXL7,True,False,False,1,12.049049388224804,1393,,,
FBXO10,True,False,False,1,8.769053960962395,4175,,,
FBXO11,False,True,False,1,,,389,2429,
FBXO15,False,True,False,1,,,1047,267,
FBXO32,True,False,False,1,9.021555222803752,3827,,,
FBXO38,False,True,False,1,,,385,2480,
FBXO38-DT,False,True,False,1,,,424,2070,
FBXO40,True,True,False,2,20.63878818670481,158,362,2762,
FBXW11,False,True,False,1,,,419,2118,
FBXW2,False,True,False,1,,,457,1750,
FBXW4,False,True,False,1,,,286,4230,
FBXW5,True,False,False,1,9.123784287622222,3686,,,
FCAMR,False,True,False,1,,,299,3911,
FCER1G,True,True,False,2,12.032787833594252,1400,382,2517,
FCF1P5,False,True,False,1,,,401,2292,
FCGBP,True,False,False,1,9.829308798488553,2889,,,
FCGR1A,True,False,False,1,8.426831492253065,4685,,,
FCGR2A,True,False,False,1,15.214443145213956,566,,,
FCGR2B,True,True,False,2,12.320837765477558,1280,606,926,
FCGR2C,True,True,False,2,11.59353002455675,1618,463,1698,
FCGR3A,True,True,False,2,18.1888363044397,254,533,1239,
FCGR3B,True,True,False,2,11.548766603906234,1646,333,3217,
FCN1,True,True,False,2,10.2073755708338,2560,309,3670,
FCN2,False,True,False,1,,,265,4813,
FCRL1,False,True,False,1,,,371,2644,
FCRL4,False,True,False,1,,,606,927,
FCRL5,False,True,False,1,,,445,1859,
FCRL6,False,True,False,1,,,266,4786,
FCSK,False,True,False,1,,,435,1953,
FDFT1,True,False,False,1,15.878867907404256,460,,,
FDXR,True,False,False,1,8.427105274349625,4683,,,
FER1L5,False,True,False,1,,,493,1493,
FERMT2,True,False,False,1,9.133999878087955,3672,,,
FES,True,True,False,2,10.27888573578422,2495,262,4909,
FGA,True,False,False,1,10.6500983894869,2220,,,
FGB,True,False,False,1,11.443100340142584,1710,,,
FGD1,True,False,False,1,12.321175141497648,1279,,,
FGD2,True,True,False,2,9.026500043461994,3816,521,1308,
FGD3,True,True,False,2,12.102680838412107,1371,448,1828,
FGD5,True,False,False,1,14.10455295393987,771,,,
FGF1,True,False,False,1,14.223568045080084,749,,,
FGF10,True,False,False,1,10.431978908809551,2383,,,
FGF12,True,False,False,1,17.010483594892595,329,,,
FGF13,True,True,False,2,9.097884936198094,3727,479,1596,
FGF13-AS1,False,True,False,1,,,279,4426,
FGF14,True,False,False,1,8.843231963076285,4072,,,
FGF14-AS1,False,True,False,1,,,775,532,
FGF14-IT1,False,True,False,1,,,951,346,
FGF18,True,False,False,1,12.486278982358844,1213,,,
FGF2,True,False,False,1,9.68567812584401,3047,,,
FGF23,True,False,False,1,13.228401407847146,993,,,
FGF5,True,False,False,1,11.711565142821764,1555,,,
FGF7,True,False,False,1,10.572844305652373,2282,,,
FGF9,True,False,False,1,9.825153770499137,2892,,,
FGFBP2,True,False,False,1,8.444128952889333,4667,,,
FGFR2,True,True,False,2,12.098294356332593,1377,395,2357,
FGFR3,True,False,False,1,9.803023987342558,2924,,,
FGFRL1,True,False,False,1,10.809504359879249,2118,,,
FGG,True,False,False,1,9.08763761577635,3743,,,
FGL1,False,True,False,1,,,263,4867,
FGL2,True,False,False,1,13.607252468892698,890,,,
FGR,True,True,False,2,13.772742446527117,854,487,1527,
FHIP1A,True,True,False,2,10.878688898228091,2073,269,4692,
FHIP1B,False,True,False,1,,,353,2908,
FHIP2A,False,True,False,1,,,312,3620,
FHIP2B,False,True,False,1,,,494,1483,
FHL1,True,False,False,1,11.948700914792324,1435,,,
FHL2,True,False,False,1,10.61029914218726,2252,,,
FHL5,True,True,False,2,11.494437472682378,1672,297,3956,
FHOD3,True,False,False,1,20.432017189361805,168,,,
FIBIN,True,False,False,1,13.610427173266846,889,,,
FILIP1,True,False,False,1,14.302955670994695,724,,,
FILIP1L,True,False,False,1,8.405761382011422,4721,,,
FITM1,True,False,False,1,20.608480830978568,159,,,
FITM2,True,False,False,1,8.400024762015727,4730,,,
FJX1,True,False,False,1,10.07076022002117,2668,,,
FKBP10,True,False,False,1,19.074582948047492,222,,,
FKBP15,False,True,False,1,,,359,2807,
FKBP1AP2,False,True,False,1,,,278,4460,
FKBP5,True,False,False,1,8.49888404931531,4575,,,
FKBP8,True,False,False,1,14.739316999455331,643,,,
FKBP9,True,True,False,2,8.702411414505017,4260,287,4212,
FLG,True,False,False,1,9.216954420637125,3564,,,
FLI1,True,False,False,1,12.371208711209851,1256,,,
FLII,True,True,False,2,9.083237741528851,3748,328,3330,
FLNA,True,False,False,1,15.820808431325029,469,,,
FLNB,True,False,False,1,11.531220223412095,1653,,,
FLNC,True,False,False,1,23.69034468955461,90,,,
FLOT1,True,False,False,1,14.673059745879147,656,,,
FLOT2,True,False,False,1,10.492930193380268,2346,,,
FLRT2,True,False,False,1,8.808645191926667,4107,,,
FLRT3,True,False,False,1,12.750424283376969,1121,,,
FLT1,True,False,False,1,12.731863907416132,1131,,,
FLT4,True,False,False,1,10.687031329498444,2188,,,
FMC1-LUC7L2,True,False,False,1,14.092665768355277,776,,,
FMN1,True,False,False,1,8.357139642435287,4803,,,
FMN2,True,False,False,1,8.876104963672649,4030,,,
FMNL1,True,False,False,1,9.498875945031152,3253,,,
FMO2,True,False,False,1,18.297949594465532,246,,,
FMO5,False,True,False,1,,,283,4304,
FMOD,True,False,False,1,16.724735431677132,357,,,
FN1,True,False,False,1,18.91264988595392,226,,,
FN3K,True,False,False,1,8.358720361328007,4800,,,
FNDC1,True,False,False,1,11.90572022395088,1462,,,
FNDC4,True,False,False,1,11.071832177146462,1946,,,
FNDC5,True,False,False,1,11.59840867917176,1617,,,
FNTA,False,True,False,1,,,275,4533,
FOLR2,True,True,False,2,11.963737586521768,1431,365,2724,
FOS,True,False,False,1,12.067005911102171,1386,,,
FOSB,True,False,False,1,9.963655803552554,2774,,,
FOSL1,True,False,False,1,12.766351181651034,1115,,,
FOSL2,True,False,False,1,9.09467734623236,3731,,,
FOXC1,True,False,False,1,9.56626244767255,3176,,,
FOXC2,True,False,False,1,11.013733857767024,1978,,,
FOXD1,True,False,False,1,11.199620950160195,1872,,,
FOXF1,True,False,False,1,9.300316627332482,3454,,,
FOXF2,True,False,False,1,8.331064033073925,4857,,,
FOXJ1,False,True,False,1,,,359,2809,
FOXJ3,False,True,False,1,,,582,1015,
FOXK2,False,True,False,1,,,593,970,
FOXL1,True,False,False,1,9.25050763431523,3514,,,
FOXM1,True,False,False,1,10.468559088795448,2359,,,
FOXN3-AS2,False,True,False,1,,,669,748,
FOXO4,True,False,False,1,10.17471293661016,2589,,,
FOXP4,True,False,False,1,9.064967006269256,3770,,,
FOXRED1,False,True,False,1,,,425,2056,
FOXS1,True,False,False,1,8.94526905419477,3937,,,
FPGS,True,True,False,2,9.142654583118002,3660,544,1197,
FPGT-TNNI3K,True,True,False,2,10.512078195465945,2330,266,4799,
FPR1,True,True,False,2,10.686335971033063,2190,327,3343,
FPR2,False,True,False,1,,,433,1968,
FPR3,True,False,False,1,9.016721773054952,3836,,,
FRAS1,True,False,False,1,15.230209408950538,563,,,
FREM1,True,True,False,2,19.66110489184652,198,492,1496,
FREM2,True,True,False,2,19.524848521855287,206,440,1909,
FRG1-DT,False,True,False,1,,,3241,1,
FRMD3,True,False,False,1,10.691217492559405,2184,,,
FRMD4B,True,False,False,1,8.942972483327354,3943,,,
FRMD5,True,False,False,1,10.990277812579812,1995,,,
FRMD6,True,True,False,2,10.807638374725794,2119,299,3907,
FRMPD4,True,False,False,1,8.979422748171455,3890,,,
FRS3,False,True,False,1,,,441,1901,
FRY,True,False,False,1,8.631166799856693,4361,,,
FRYL,False,True,False,1,,,357,2840,
FRZB,True,False,False,1,13.631890905693837,885,,,
FSCN1,True,False,False,1,16.248471328175263,406,,,
FSD1,True,False,False,1,8.967978401474044,3910,,,
FSD2,True,True,False,2,14.157356700582952,763,312,3623,
FSIP2,True,True,False,2,8.477869639875896,4618,284,4289,
FST,True,False,False,1,11.218775460393204,1862,,,
FSTL1,True,False,False,1,11.299828393640656,1807,,,
FSTL3,True,False,False,1,12.317189561072176,1283,,,
FTCD,True,False,False,1,8.762545492283524,4182,,,
FTH1P24,False,True,False,1,,,452,1798,
FTL,True,False,False,1,9.00972054951536,3842,,,
FTLP2,False,True,False,1,,,412,2184,
FTSJ1,False,True,False,1,,,327,3332,
FTX,False,True,False,1,,,464,1690,
FUBP3,False,True,False,1,,,291,4108,
FURIN,True,False,False,1,10.326515469809303,2459,,,
FUT7,False,True,False,1,,,388,2445,
FUT9,False,True,False,1,,,300,3885,
FXR2,True,True,False,2,10.821131806568232,2108,402,2282,
FXYD1,True,False,False,1,18.289897829472483,247,,,
FXYD5,True,False,False,1,10.965178232392551,2016,,,
FXYD6,True,False,False,1,21.92493502003503,123,,,
FYB1,True,True,False,2,15.742691550905878,483,368,2687,
FYB2,True,False,False,1,8.402516969704646,4726,,,
FYCO1,True,False,False,1,9.157272685127843,3647,,,
FYTTD1,False,True,False,1,,,274,4553,
FZD1,True,False,False,1,10.577580530995473,2278,,,
FZD2,True,False,False,1,8.567558233568013,4470,,,
FZD3,False,True,False,1,,,355,2873,
FZD4,True,False,False,1,9.96773656215882,2770,,,
FZD6,True,False,False,1,8.816270032325535,4099,,,
FZD7,True,False,False,1,12.140392068749406,1351,,,
FZD8,True,False,False,1,9.804311083282846,2923,,,
FZR1,True,True,False,2,9.82730652590162,2890,483,1560,
G0S2,True,False,False,1,12.14429808042613,1348,,,
G6PC1,False,True,False,1,,,302,3838,
G6PD,True,False,False,1,11.477035208963567,1685,,,
GAA,True,False,False,1,8.976218904727187,3896,,,
GAB1,False,True,False,1,,,300,3873,
GABBR1,True,False,False,1,12.467738826664869,1216,,,
GABBR2,True,False,False,1,11.383360697011051,1748,,,
GABRA4,True,False,False,1,14.306952310714536,723,,,
GABRB2,False,True,False,1,,,280,4383,
GABRE,True,False,False,1,12.384407037474208,1250,,,
GABRG1,False,True,False,1,,,447,1841,
GABRG2,False,True,False,1,,,870,424,
GABRG3-AS1,False,True,False,1,,,913,381,
GADD45G,True,False,False,1,9.345152770493334,3406,,,
GAK,True,True,False,2,8.672302802959402,4306,570,1071,
GALNT13,True,False,False,1,8.458314475843167,4649,,,
GALNT15,True,False,False,1,9.888802222644486,2827,,,
GALNT16,True,False,False,1,8.931212685702224,3957,,,
GALNT17,True,True,False,2,15.66883927549942,495,345,3035,
GALNT18,True,False,False,1,10.84847349935436,2090,,,
GALNT2,True,False,False,1,9.471388559315498,3280,,,
GALNT4,True,False,False,1,8.483713492232845,4598,,,
GALNT5,True,False,False,1,11.75798011163474,1525,,,
GALNT6,True,False,False,1,8.866576625461732,4046,,,
GALNT7-DT,False,True,False,1,,,627,859,
GALNTL5,False,True,False,1,,,293,4062,
GALR1,False,True,False,1,,,432,1981,
GANAB,True,True,False,2,14.198184838245496,753,411,2188,
GAP43,True,False,False,1,8.851494657037607,4063,,,
GAPDH,True,False,False,1,8.6759972081891,4302,,,
GAPDHP39,False,True,False,1,,,298,3943,
GAPDHP42,False,True,False,1,,,272,4615,
GAPDHP72,False,True,False,1,,,283,4313,
GAPT,False,True,False,1,,,504,1430,
GAPVD1,False,True,False,1,,,688,709,
GARIN6,False,True,False,1,,,717,631,
GARNL3,False,True,False,1,,,623,868,
GARRE1,True,False,False,1,9.488644656831688,3265,,,
GARS1-DT,False,True,False,1,,,579,1031,
GAS1,True,False,False,1,11.415451953583547,1730,,,
GAS2L1,True,False,False,1,9.430797567022656,3321,,,
GAS6,True,False,False,1,13.586643707684065,896,,,
GAS7,True,False,False,1,16.373020517192124,393,,,
GASK1B,True,False,False,1,10.992954908425244,1993,,,
GATA2,True,False,False,1,10.100009123620485,2642,,,
GATA3,True,False,False,1,9.08984677715224,3740,,,
GATA4,True,False,False,1,20.266804717063376,174,,,
GATA5,True,False,False,1,12.326707024573372,1277,,,
GATA6,True,False,False,1,12.376371075649416,1254,,,
GATA6-AS1,True,False,False,1,11.7739362501185,1519,,,
GATAD2B,True,False,False,1,12.440499963914675,1227,,,
GATD3,False,True,False,1,,,366,2711,
GATM,True,True,False,2,13.134616925992198,1014,269,4694,
GBA,True,False,False,1,9.30155143335823,3452,,,
GBA2,False,True,False,1,,,339,3113,
GBA3,False,True,False,1,,,407,2232,
GBF1,False,True,False,1,,,445,1856,
GBP1,True,False,False,1,9.585308510666207,3157,,,
GBP2,True,False,False,1,9.88134313856492,2833,,,
GBP3,True,False,False,1,9.95746059382585,2777,,,
GBP4,True,False,False,1,8.403728806007107,4725,,,
GBP5,True,False,False,1,9.667433803693983,3068,,,
GCAT,True,False,False,1,8.314819418936754,4880,,,
GCGR,False,True,False,1,,,267,4747,
GCM2,False,True,False,1,,,293,4066,
GCN1,False,True,False,1,,,403,2272,
GCNT2,True,False,False,1,13.536824020762122,901,,,
GCOM1,True,False,False,1,12.541167389275929,1193,,,
GCSHP5,True,False,False,1,10.81144906398064,2116,,,
GDAP2,False,True,False,1,,,275,4536,
GDF15,True,False,False,1,14.414598537173331,706,,,
GDF2,True,False,False,1,8.373739992357068,4771,,,
GDF6,True,False,False,1,11.550147851481372,1645,,,
GDF7,True,False,False,1,8.530960924138398,4526,,,
GDI1,True,False,False,1,10.686292629299416,2191,,,
GDPD5,True,False,False,1,9.297111828673904,3459,,,
GEM,True,False,False,1,11.724884331046734,1547,,,
GEMIN5,False,True,False,1,,,308,3690,
GET3,True,True,False,2,9.785410750207843,2941,279,4423,
GFPT2,True,False,False,1,11.557776480747505,1643,,,
GFRA1,True,False,False,1,13.436953195894876,931,,,
GFUS,True,False,False,1,8.282561304713811,4924,,,
GGA1,False,True,False,1,,,853,442,
GGA3,False,True,False,1,,,583,1012,
GGT5,True,False,False,1,9.772920274689568,2955,,,
GGT7,True,True,False,2,12.22751693997244,1318,371,2641,
GGTA1,True,False,False,1,12.607312587713777,1166,,,
GHR,True,False,False,1,8.34043261507953,4839,,,
GHRLOS,False,True,False,1,,,279,4430,
GID8,False,True,False,1,,,301,3852,
GIGYF1,True,True,False,2,9.01141826408916,3840,411,2191,
GIMAP1,True,False,False,1,14.121896424708217,769,,,
GIMAP1-GIMAP5,True,False,False,1,8.316951439105939,4875,,,
GIMAP2,True,False,False,1,10.540894010962754,2301,,,
GIMAP4,True,False,False,1,20.946195647573504,148,,,
GIMAP5,True,False,False,1,14.975507710663743,602,,,
GIMAP6,True,False,False,1,21.710477112178893,127,,,
GIMAP7,True,False,False,1,18.19683022032082,253,,,
GIMAP8,True,False,False,1,18.28295861940293,249,,,
GIPC1,True,True,False,2,10.82263011756766,2105,372,2629,
GIPC2,True,False,False,1,8.535672726743785,4519,,,
GIT1,True,False,False,1,11.048778786146572,1960,,,
GIT2,False,True,False,1,,,297,3959,
GJA1,True,False,False,1,14.408445018204269,708,,,
GJA10,False,True,False,1,,,449,1827,
GJA3,True,False,False,1,18.178249552155783,255,,,
GJA4,True,False,False,1,13.444674617225042,929,,,
GJA5,True,False,False,1,16.070224546392392,434,,,
GJA6P,False,True,False,1,,,494,1487,
GJD2-DT,True,False,False,1,12.91586435786693,1082,,,
GK5,False,True,False,1,,,280,4386,
GLB1L3,False,True,False,1,,,332,3231,
GLDN,True,False,False,1,9.69920327365438,3032,,,
GLI2,True,False,False,1,9.671554552719506,3063,,,
GLI4,True,False,False,1,8.324245697194145,4865,,,
GLIPR1,True,False,False,1,9.847402350625206,2869,,,
GLIS2,True,False,False,1,13.31797190993263,963,,,
GLIS3,False,True,False,1,,,281,4340,
GLOD4,False,True,False,1,,,315,3561,
GLP1R,True,True,False,2,12.312842082298047,1286,310,3655,
GLRB,True,False,False,1,8.884835046843675,4023,,,
GLRX3,False,True,False,1,,,348,2982,
GLT1D1,True,False,False,1,10.120466049779012,2631,,,
GLT8D1,False,True,False,1,,,509,1392,
GLULP5,False,True,False,1,,,297,3975,
GLYR1,False,True,False,1,,,432,1979,
GMDS-DT,False,True,False,1,,,1058,256,
GMEB2,True,True,False,2,8.949606304073951,3931,896,396,
GMFG,True,False,False,1,10.007329401655054,2729,,,
GMIP,True,True,False,2,9.597695097362298,3145,269,4684,
GMPPA,False,True,False,1,,,340,3104,
GMPS,False,True,False,1,,,314,3581,
GNA11,True,False,False,1,9.048699298019796,3783,,,
GNAI2,True,False,False,1,8.5228554631829,4540,,,
GNAL,False,True,False,1,,,312,3619,
GNAO1,True,False,False,1,11.276836907619648,1826,,,
GNAO1-AS1,False,True,False,1,,,714,639,
GNAO1-DT,False,True,False,1,,,1772,47,
GNAS,False,False,True,1,,,,,hsa05414
GNAT1,False,True,False,1,,,370,2661,
GNB2,True,True,False,2,12.447839413645587,1224,472,1640,
GNE,False,True,False,1,,,266,4781,
GNG11,True,False,False,1,9.754260855345205,2975,,,
GNG12,True,False,False,1,11.893954281294668,1471,,,
GNG2,True,False,False,1,10.223099751681753,2544,,,
GNG7,True,False,False,1,9.274620399904483,3492,,,
GNL1,True,False,False,1,11.47613561771851,1686,,,
GNLY,True,False,False,1,8.473918599226645,4625,,,
GOLGA2P11,False,True,False,1,,,394,2380,
GOLGA2P5,False,True,False,1,,,824,474,
GOLGA2P7,True,False,False,1,9.8762935348699,2839,,,
GOLGA5,False,True,False,1,,,349,2961,
GOLGA5P1,False,True,False,1,,,571,1067,
GOLGA6EP,False,True,False,1,,,505,1425,
GOLGA8A,True,False,False,1,8.946657910785584,3934,,,
GON7,True,False,False,1,10.164725706131646,2598,,,
GORASP1,False,True,False,1,,,322,3427,
GORASP2,False,True,False,1,,,283,4302,
GOT1,True,False,False,1,8.520490794791248,4542,,,
GOT1-DT,False,True,False,1,,,842,453,
GOT2,True,False,False,1,9.144240557151456,3659,,,
GP1BB,True,False,False,1,11.200467549851844,1871,,,
GPAA1,True,True,False,2,9.166255320312814,3635,356,2864,
GPAT3,True,False,False,1,11.89400547862476,1470,,,
GPAT4,False,True,False,1,,,403,2274,
GPATCH2L,False,True,False,1,,,497,1464,
GPC1,True,False,False,1,16.416273718608384,383,,,
GPC3,True,False,False,1,13.032148357500636,1050,,,
GPC4,True,False,False,1,13.984283009992716,807,,,
GPC6,True,False,False,1,15.290897613005818,549,,,
GPD1,True,False,False,1,11.311955694072203,1798,,,
GPD1L,True,False,False,1,11.335704885169024,1774,,,
GPI,True,False,False,1,12.07981344693186,1381,,,
GPIHBP1,True,False,False,1,10.251399763222404,2520,,,
GPM6A,True,False,False,1,8.722215923480986,4236,,,
GPM6A-DT,False,True,False,1,,,626,862,
GPM6B,True,False,False,1,8.296917968165909,4906,,,
GPN1,False,True,False,1,,,279,4424,
GPN2,False,True,False,1,,,503,1437,
GPNMB,True,False,False,1,16.736924806460628,356,,,
GPR107,True,True,False,2,8.726942648876207,4234,973,326,
GPR137,True,False,False,1,8.478949623314818,4615,,,
GPR146,True,False,False,1,8.317753254077902,4873,,,
GPR17,True,False,False,1,11.780139128350676,1516,,,
GPR176,True,True,False,2,12.53248509753018,1199,307,3722,
GPR183,True,False,False,1,10.064053617972627,2676,,,
GPR22,True,False,False,1,13.277555836220124,973,,,
GPR26,False,True,False,1,,,375,2595,
GPR27,True,False,False,1,10.127309199996908,2625,,,
GPR34,True,True,False,2,9.452833343401116,3298,265,4814,
GPR37,True,False,False,1,11.931650733871557,1449,,,
GPR39,True,False,False,1,10.00571870536273,2730,,,
GPR4,True,False,False,1,11.544411397461916,1649,,,
GPR52,False,True,False,1,,,571,1065,
GPRASP1,False,True,False,1,,,271,4652,
GPRASP2,True,True,False,2,8.577601102691968,4447,268,4717,
GPRC5A,True,False,False,1,8.568465367779686,4467,,,
GPRC5B,True,False,False,1,9.619930037711566,3117,,,
GPRC5C,True,False,False,1,10.722318636563513,2168,,,
GPRIN1,True,False,False,1,8.932683127675276,3954,,,
GPRIN2,False,True,False,1,,,693,695,
GPRIN3,True,False,False,1,14.088314286090696,777,,,
GPS1,True,True,False,2,8.65033912709606,4333,413,2172,
GPSM1,True,False,False,1,12.170216924280943,1338,,,
GPSM3,True,False,False,1,10.69915638718632,2178,,,
GPT,True,False,False,1,10.000649301693374,2739,,,
GPX2,False,True,False,1,,,264,4843,
GPX3,True,False,False,1,13.415896626929989,939,,,
GPX8,True,False,False,1,10.667755732758632,2210,,,
GRAMD1A,True,True,False,2,10.365833597495492,2423,281,4338,
GRAMD1B,True,False,False,1,8.296987371420418,4905,,,
GRAMD4,True,True,False,2,9.985199178425738,2752,357,2839,
GRAP,True,False,False,1,11.098063661562662,1935,,,
GRAP2,True,False,False,1,10.08556292391651,2652,,,
GRB10,True,False,False,1,8.38612051621223,4746,,,
GREB1,True,True,False,2,9.163056469924513,3639,340,3106,
GREB1L,True,False,False,1,8.731372104351713,4227,,,
GREM1,True,False,False,1,22.961316553105185,107,,,
GREM2,True,False,False,1,9.63207961976353,3098,,,
GREP1,False,True,False,1,,,390,2424,
GRHL2,False,True,False,1,,,367,2696,
GRIA3,True,False,False,1,9.458229277320893,3293,,,
GRID1,True,True,False,2,11.088432817046398,1938,484,1550,
GRID2IP,False,True,False,1,,,302,3844,
GRIK5,True,False,False,1,10.09189478175375,2645,,,
GRIN2A,True,False,False,1,8.781083032545647,4150,,,
GRIN2B,False,True,False,1,,,274,4566,
GRINA,True,True,False,2,14.9095271265502,611,288,4186,
GRIP1,True,False,False,1,8.687766925277254,4277,,,
GRIP2,True,False,False,1,10.50330954715484,2337,,,
GRK2,True,False,False,1,9.32816404696871,3425,,,
GRM4,False,True,False,1,,,335,3178,
GRM5,False,True,False,1,,,312,3622,
GRM5P1,False,True,False,1,,,776,531,
GRN,True,False,False,1,10.405581675960017,2403,,,
GRSF1,False,True,False,1,,,300,3876,
GSDMD,True,False,False,1,9.577759839357585,3162,,,
GSK3A,True,True,False,2,9.120210206813978,3695,312,3615,
GSK3B,False,True,False,1,,,512,1367,
GSK3B-DT,False,True,False,1,,,791,510,
GSN,True,False,False,1,12.006517638177222,1412,,,
GSS,False,True,False,1,,,388,2441,
GSTM1,True,False,False,1,13.417631428561409,938,,,
GSTT1,True,False,False,1,10.698301109422564,2180,,,
GSTT2B,True,False,False,1,10.203995834019535,2561,,,
GTF2A1,False,True,False,1,,,291,4113,
GTF2F1,False,True,False,1,,,293,4067,
GTF2H1,False,True,False,1,,,307,3713,
GTF2H3,False,True,False,1,,,304,3784,
GTF2H4,True,False,False,1,8.63923997347906,4351,,,
GTF2I-AS1,False,True,False,1,,,876,419,
GTF2IP20,False,True,False,1,,,279,4434,
GTF2IP4,True,False,False,1,10.13773892561602,2616,,,
GTF2IP7,False,True,False,1,,,349,2973,
GTF3AP2,False,True,False,1,,,831,465,
GTF3C1,True,True,False,2,8.487653379748595,4592,482,1566,
GTF3C2,False,True,False,1,,,529,1255,
GTF3C3,False,True,False,1,,,343,3059,
GTF3C4,False,True,False,1,,,572,1060,
GTF3C5,False,True,False,1,,,753,562,
GTPBP1,True,True,False,2,8.352941436220345,4813,382,2513,
GTPBP10,False,True,False,1,,,308,3692,
GTPBP2,True,False,False,1,8.406188012089977,4720,,,
GUCY1A1,True,False,False,1,24.955997265210065,75,,,
GUCY1A2,True,False,False,1,11.591767028433198,1620,,,
GUCY1B1,True,False,False,1,11.051451035107547,1958,,,
GUCY2GP,False,True,False,1,,,512,1373,
GUF1,False,True,False,1,,,363,2747,
GUSBP1,False,True,False,1,,,470,1650,
GUSBP11,True,True,False,2,10.570451051366494,2284,617,891,
GUSBP14,True,False,False,1,8.776872217144955,4160,,,
GVINP1,True,False,False,1,8.404504617835293,4722,,,
GVQW3,False,True,False,1,,,629,853,
GYG2,True,False,False,1,12.307445385807426,1289,,,
GYPC,True,False,False,1,11.355166877015892,1767,,,
GYS1,True,False,False,1,10.96363556594604,2017,,,
GZMB,False,True,False,1,,,346,3015,
GZMH,False,True,False,1,,,355,2870,
H1-10,True,False,False,1,10.281727808662296,2492,,,
H1-3,True,False,False,1,11.608051558740996,1609,,,
H1-4,True,False,False,1,15.714816564797331,486,,,
H1-5,True,False,False,1,12.354019142036176,1265,,,
H19,True,False,False,1,28.829019363564846,37,,,
H2AC11,True,False,False,1,9.125982450739372,3684,,,
H2AC12,True,False,False,1,8.33773829103618,4845,,,
H2AC13,True,False,False,1,9.11428425709837,3701,,,
H2AC14,True,False,False,1,8.705538070217516,4255,,,
H2AC17,True,False,False,1,8.742447593077745,4207,,,
H2AC18,True,False,False,1,13.986172004647496,805,,,
H2AC19,True,False,False,1,14.0932043228287,775,,,
H2AC20,True,False,False,1,12.342449970947948,1272,,,
H2AC21,True,False,False,1,9.384476866567692,3364,,,
H2AC7,True,False,False,1,9.68172830920861,3052,,,
H2AC8,True,False,False,1,8.903324873053862,3999,,,
H2AX,True,False,False,1,9.74921061322115,2979,,,
H2BC10,True,False,False,1,8.354185833496453,4811,,,
H2BC12,True,False,False,1,10.355557317927683,2434,,,
H2BC18,True,False,False,1,10.424102493665153,2391,,,
H2BC21,True,False,False,1,11.003828646298144,1987,,,
H2BC4,True,False,False,1,8.533283024825256,4523,,,
H2BC8,True,False,False,1,9.064401102442554,3772,,,
H3C10,True,False,False,1,8.558414785818123,4488,,,
H3C11,True,False,False,1,8.293843755225407,4910,,,
H3C14,True,False,False,1,8.43602895110496,4671,,,
H3C2,True,False,False,1,10.56657402398441,2286,,,
H3C4,True,False,False,1,9.072610430760031,3761,,,
H3P33,False,True,False,1,,,584,1008,
H3P6,True,False,False,1,16.774368598102523,351,,,
H4C12,True,False,False,1,10.036502311213862,2701,,,
H4C2,True,False,False,1,11.757860501908842,1527,,,
H4C3,True,False,False,1,16.975519100239712,334,,,
H4C4,True,False,False,1,11.794871528153887,1510,,,
H4C5,True,False,False,1,12.671880176842077,1151,,,
H4C6,True,False,False,1,9.443268742934766,3307,,,
HABP2,True,False,False,1,8.392778730297737,4738,,,
HAND1,True,False,False,1,18.789900662405746,230,,,
HAND2,True,False,False,1,15.899671856683565,458,,,
HAND2-AS1,True,False,False,1,11.32802076637965,1792,,,
HAO1,False,True,False,1,,,321,3447,
HAO2,False,True,False,1,,,482,1567,
HAPLN1,True,False,False,1,17.497067525497243,297,,,
HAPLN3,True,False,False,1,9.169746863201029,3624,,,
HARS1,False,True,False,1,,,526,1276,
HARS2,False,True,False,1,,,464,1688,
HAS2,True,False,False,1,13.420609994843153,937,,,
HAUS2,False,True,False,1,,,297,3958,
HAUS3,False,True,False,1,,,289,4157,
HAUS6,False,True,False,1,,,307,3719,
HBA1,True,False,False,1,19.86504577495086,189,,,
HBA2,True,False,False,1,23.1429220422436,104,,,
HBB,True,False,False,1,25.53477260636763,69,,,
HBEGF,True,False,False,1,10.10971466847091,2637,,,
HBS1L,False,True,False,1,,,357,2842,
HCFC1,True,False,False,1,9.263845612716716,3502,,,
HCG18,True,True,False,2,10.905762293790444,2052,272,4618,
HCK,True,True,False,2,14.301351020189548,725,716,633,
HCLS1,True,False,False,1,16.342118738294218,399,,,
HCN2,True,False,False,1,9.203853311661051,3581,,,
HCN4,True,True,False,2,21.434602106473953,137,372,2632,
HCP5,True,False,False,1,10.672825798577044,2205,,,
HDAC10,True,False,False,1,9.101493044493916,3719,,,
HDAC11,True,True,False,2,8.498528822931156,4578,317,3518,
HDAC3,False,True,False,1,,,411,2192,
HDAC5,True,False,False,1,9.215403316566087,3567,,,
HDAC6,False,True,False,1,,,454,1779,
HDAC7,True,True,False,2,10.187931487008113,2576,287,4204,
HDAC8,False,True,False,1,,,336,3164,
HDHD5,True,False,False,1,8.457326385730493,4651,,,
HDLBP,False,True,False,1,,,283,4301,
HEATR4,False,True,False,1,,,371,2649,
HEATR5B,False,True,False,1,,,388,2440,
HECTD1,False,True,False,1,,,676,730,
HECTD3,True,True,False,2,9.313538589423429,3439,309,3672,
HECTD4,False,True,False,1,,,351,2939,
HECW1-IT1,False,True,False,1,,,786,519,
HEG1,True,False,False,1,9.669715247556894,3064,,,
HELLPAR,False,True,False,1,,,1025,281,
HELT,False,True,False,1,,,299,3917,
HELZ,False,True,False,1,,,281,4358,
HELZ2,True,False,False,1,10.896040292356634,2063,,,
HEMK1,False,True,False,1,,,280,4378,
HEPH,True,False,False,1,16.2099523684434,411,,,
HERC2,True,False,False,1,8.306302262222127,4891,,,
HERC2P2,True,False,False,1,11.068690498602296,1948,,,
HERC6,True,False,False,1,8.443568793851668,4668,,,
HES4,True,False,False,1,9.04466338157113,3790,,,
HEXD-IT1,False,True,False,1,,,581,1022,
HEY2,True,False,False,1,11.237040996998008,1851,,,
HEYL,True,False,False,1,13.111815702512173,1021,,,
HGF,True,False,False,1,11.93547255731597,1442,,,
HGS,False,True,False,1,,,322,3436,
HHATL,True,True,False,2,23.72292151173832,89,350,2949,
HHEX,True,False,False,1,13.041478795749216,1047,,,
HHIP,True,False,False,1,16.802638366699163,349,,,
HHIP-AS1,True,False,False,1,9.852942784750743,2865,,,
HID1,True,False,False,1,10.92851564231608,2037,,,
HIF3A,True,False,False,1,10.852105319409626,2087,,,
HIP1R,True,False,False,1,11.512874254272267,1660,,,
HIPK1,False,True,False,1,,,279,4416,
HIRA,True,True,False,2,10.982504677333448,2002,414,2160,
HJURP,True,False,False,1,9.902227062184014,2817,,,
HJV,True,False,False,1,12.966426355610766,1067,,,
HK1,True,False,False,1,8.765149019638788,4180,,,
HK3,True,True,False,2,11.114178006031269,1925,699,675,
HLA-A,True,False,False,1,27.063299982796337,55,,,
HLA-B,True,False,False,1,17.560575592664016,292,,,
HLA-C,True,False,False,1,21.681916642764207,128,,,
HLA-DMB,True,False,False,1,8.520136094765643,4544,,,
HLA-DPA1,True,False,False,1,16.19735497477303,415,,,
HLA-DPB1,True,False,False,1,10.086381978245049,2651,,,
HLA-DQA1,True,False,False,1,8.332284864603114,4854,,,
HLA-DQB1,True,False,False,1,11.64660347712945,1580,,,
HLA-DRA,True,False,False,1,14.258554646592067,737,,,
HLA-DRB1,True,False,False,1,13.773302918893975,853,,,
HLA-DRB3,True,False,False,1,8.630675137312593,4362,,,
HLA-DRB5,True,False,False,1,9.23480726120096,3538,,,
HLA-E,True,False,False,1,24.646349222014944,78,,,
HLA-F,True,False,False,1,10.431980951138824,2382,,,
HLCS-AS1,False,True,False,1,,,430,2003,
HLCS-IT1,False,True,False,1,,,429,2016,
HLF,True,True,False,2,12.546888670667332,1189,431,1990,
HMCN1,True,False,False,1,12.416009468471632,1238,,,
HMCN2,True,True,False,2,11.11029845960077,1930,389,2430,
HMG20A,False,True,False,1,,,311,3644,
HMG20B,True,False,False,1,8.69821432165711,4265,,,
HMGA1,True,False,False,1,15.5496736949871,512,,,
HMGA2,True,False,False,1,13.493131293083186,917,,,
HMGB1P5,True,False,False,1,9.940300908799786,2792,,,
HMGB1P6,True,False,False,1,12.613702541394655,1165,,,
HMGB4,False,True,False,1,,,287,4219,
HMGCLL1,True,True,False,2,12.222942113632229,1322,343,3060,
HMGCS2,True,False,False,1,11.86690485118032,1483,,,
HMGN1P12,False,True,False,1,,,300,3895,
HMGN2P35,False,True,False,1,,,332,3237,
HMGXB3,True,True,False,2,8.63902662932877,4352,603,936,
HMMR,True,False,False,1,9.330343003938742,3421,,,
HMOX1,True,False,False,1,14.481707106777971,699,,,
HNF4A,False,True,False,1,,,285,4255,
HNF4A-AS1,False,True,False,1,,,402,2285,
HNRNPA1P54,False,True,False,1,,,344,3051,
HNRNPA1P60,False,True,False,1,,,286,4245,
HNRNPA3P15,False,True,False,1,,,480,1586,
HNRNPKP4,False,True,False,1,,,323,3414,
HNRNPRP1,False,True,False,1,,,449,1824,
HNRNPUL1,False,True,False,1,,,266,4773,
HNRNPUL2-BSCL2,True,False,False,1,16.547455818459245,372,,,
HOMER3,True,False,False,1,9.845524541085272,2871,,,
HOOK1,True,True,False,2,10.927467926784711,2040,303,3808,
HOPX,True,False,False,1,10.714217574739422,2171,,,
HOTAIRM1,True,False,False,1,8.540447401354587,4513,,,
HOXB3,True,False,False,1,9.043134639252091,3793,,,
HOXB4,True,False,False,1,8.931518617314724,3956,,,
HOXB6,True,False,False,1,8.440593778237352,4669,,,
HP,True,False,False,1,11.409821989938834,1732,,,
HPGD,True,False,False,1,8.958520271213375,3920,,,
HPN,True,False,False,1,9.266764383689832,3499,,,
HPR,True,False,False,1,13.196026296074372,1000,,,
HPS6,True,True,False,2,9.003844475389524,3848,338,3142,
HPX,False,True,False,1,,,263,4870,
HR,True,False,False,1,9.095327170903737,3730,,,
HRAS,True,False,False,1,9.474185867800646,3279,,,
HRC,True,True,False,2,27.43447555768269,52,394,2370,
HRG,False,True,False,1,,,461,1708,
HRG-AS1,False,True,False,1,,,626,861,
HRH1,True,False,False,1,9.114294387405588,3700,,,
HRH2,True,False,False,1,17.877418660292964,274,,,
HRH3,False,True,False,1,,,306,3737,
HS3ST3A1,True,False,False,1,9.709016151781745,3017,,,
HS6ST1,True,False,False,1,9.569531293141472,3171,,,
HS6ST2,True,False,False,1,9.455368871190108,3295,,,
HSD11B1,True,False,False,1,11.696481236914057,1562,,,
HSD17B1-AS1,True,False,False,1,8.794929441116722,4129,,,
HSDL2-AS1,False,True,False,1,,,1410,107,
HSF1,True,True,False,2,9.355900126795598,3392,285,4270,
HSF4,True,False,False,1,8.994009697092675,3866,,,
HSP90AA6P,False,True,False,1,,,371,2647,
HSPA12A,False,True,False,1,,,404,2261,
HSPA12B,True,False,False,1,11.026599866768226,1970,,,
HSPA1A,True,False,False,1,23.416322361003527,99,,,
HSPA1B,True,False,False,1,20.440292730409617,167,,,
HSPA6,True,False,False,1,10.005356679390054,2732,,,
HSPA7,True,False,False,1,9.86791825228448,2847,,,
HSPA8P1,False,True,False,1,,,315,3567,
HSPA8P5,False,True,False,1,,,280,4397,
HSPA8P8,False,True,False,1,,,264,4853,
HSPA9P1,False,True,False,1,,,267,4749,
HSPB1,True,False,False,1,11.150226578154424,1904,,,
HSPB2,True,False,False,1,17.830991107080916,277,,,
HSPB3,True,False,False,1,25.639044045248703,65,,,
HSPB6,True,False,False,1,21.554210314966884,132,,,
HSPB7,True,False,False,1,36.6072761552965,17,,,
HSPB8,True,False,False,1,16.002120452182236,441,,,
HSPD1P8,False,True,False,1,,,263,4884,
HSPE1-MOB4,True,False,False,1,10.123941653751524,2629,,,
HSPE1P11,False,True,False,1,,,266,4788,
HSPE1P13,False,True,False,1,,,520,1317,
HSPE1P18,False,True,False,1,,,354,2904,
HSPG2,True,False,False,1,24.91777832295634,77,,,
HTN1,False,True,False,1,,,1459,94,
HTR1B,True,False,False,1,10.490650790659036,2348,,,
HTR1DP1,False,True,False,1,,,277,4490,
HTR3B,False,True,False,1,,,752,565,
HTR5A,False,True,False,1,,,696,686,
HTRA1,True,False,False,1,11.250707086267688,1842,,,
HTRA3,True,False,False,1,13.463674533641624,926,,,
HTT,True,True,False,2,8.301604390351269,4900,499,1454,
HULC,False,True,False,1,,,704,666,
HUNK,True,True,False,2,8.613333590927525,4393,611,908,
HYAL1,True,False,False,1,9.746689303262144,2985,,,
HYAL2,True,False,False,1,11.27805710176202,1825,,,
HYDIN,False,True,False,1,,,303,3828,
HYDIN2,True,False,False,1,9.350569020132207,3399,,,
HYOU1,True,False,False,1,14.49236661624113,694,,,
IARS2,False,True,False,1,,,297,3951,
IBTK,False,True,False,1,,,478,1599,
ICA1,True,False,False,1,13.000927699473843,1060,,,
ICAM1,True,False,False,1,14.983380663825674,600,,,
ICAM2,True,False,False,1,14.297828801321328,727,,,
ICE2,False,True,False,1,,,404,2259,
ICOS,False,True,False,1,,,347,2995,
ID1,True,False,False,1,12.018726809193383,1405,,,
ID4,True,False,False,1,13.591337418138536,894,,,
IDE,False,True,False,1,,,505,1423,
IDH2,True,False,False,1,9.031413930474784,3808,,,
IDUA,True,False,False,1,9.27187127329066,3496,,,
IER2,True,False,False,1,8.824663367282476,4087,,,
IER3,True,False,False,1,19.19368406772249,218,,,
IFFO2,True,False,False,1,9.475416552528824,3276,,,
IFI27,True,False,False,1,11.438986362165124,1714,,,
IFI30,True,False,False,1,9.95429181516128,2782,,,
IFI44,True,False,False,1,11.675232968706323,1573,,,
IFI44L,True,False,False,1,10.612220195252965,2248,,,
IFI6,True,False,False,1,9.569065177530042,3172,,,
IFIH1,True,False,False,1,9.696735429055872,3036,,,
IFITM1,True,False,False,1,12.026837627883609,1403,,,
IFNAR2,False,True,False,1,,,426,2046,
IFNGR2,True,False,False,1,11.48297897798402,1681,,,
IFNK,False,True,False,1,,,1508,82,
IFNLR1,True,True,False,2,11.50447410380962,1667,328,3313,
IFRD2,True,False,False,1,8.859254490907713,4055,,,
IFT140,True,True,False,2,8.528396420736488,4533,365,2725,
IFT172,False,True,False,1,,,351,2937,
IGDCC3,True,True,False,2,10.645573161590798,2226,347,2997,
IGDCC4,True,False,False,1,11.589591654514871,1624,,,
IGF1,True,False,True,2,15.47242843878083,521,,,both
IGF2,True,False,False,1,20.003055239132305,183,,,
IGF2BP1,True,False,False,1,16.89499126101248,342,,,
IGF2BP3,True,False,False,1,13.09256544362549,1028,,,
IGFBP2,True,False,False,1,15.499183905841234,518,,,
IGFBP3,True,False,False,1,14.07813042060292,782,,,
IGFBP4,True,False,False,1,16.128467194525733,426,,,
IGFBP5,True,False,False,1,17.962803431110505,270,,,
IGFBP6,True,False,False,1,12.12187479777446,1362,,,
IGFBP7,True,False,False,1,11.404571119873005,1734,,,
IGFL4,True,False,False,1,8.562449227637796,4477,,,
IGHA1,True,False,False,1,11.759472353467816,1524,,,
IGHA2,True,False,False,1,8.821169164515283,4092,,,
IGHG1,True,False,False,1,12.365624391781418,1260,,,
IGHG2,True,False,False,1,10.236321026724742,2529,,,
IGHM,True,True,False,2,11.518316995253205,1657,288,4190,
IGKC,True,False,False,1,18.370718218302784,241,,,
IGLC1,True,False,False,1,8.86671121743876,4044,,,
IGLC2,True,True,False,2,12.718817382513576,1135,286,4241,
IGLC3,True,False,False,1,8.980631007881387,3888,,,
IGLON5,False,True,False,1,,,377,2574,
IGSF1,True,False,False,1,10.070379953143432,2669,,,
IGSF10,True,False,False,1,9.95153661821992,2785,,,
IGSF11,False,True,False,1,,,313,3603,
IGSF3,True,False,False,1,15.00177766392387,594,,,
IGSF5,False,True,False,1,,,356,2862,
IGSF8,True,False,False,1,9.78104982879287,2944,,,
IGSF9,True,True,False,2,10.286247358941212,2485,335,3173,
IGSF9B,True,True,False,2,17.976661954244776,269,386,2465,
IKBKB,False,True,False,1,,,509,1393,
IKBKG,False,True,False,1,,,280,4398,
IKZF1,True,True,False,2,12.624329050839997,1162,600,950,
IKZF3,False,True,False,1,,,320,3464,
IL10RA,True,True,False,2,15.295396098177983,547,594,967,
IL11,True,False,False,1,9.091408171228164,3737,,,
IL11RA,True,True,False,2,8.816409135570648,4098,338,3136,
IL12A-AS1,False,True,False,1,,,480,1592,
IL13RA2,True,False,False,1,9.486564585952456,3266,,,
IL15RA,True,False,False,1,9.30044567106663,3453,,,
IL16,True,False,False,1,11.11050148965838,1929,,,
IL17RA,False,True,False,1,,,300,3886,
IL17RC,True,False,False,1,9.874606499542782,2841,,,
IL17RD,True,False,False,1,9.949669270404542,2786,,,
IL18R1,True,False,False,1,9.446769028818332,3301,,,
IL18RAP,False,True,False,1,,,278,4441,
IL1A,True,False,False,1,11.040932818283482,1964,,,
IL1B,True,False,False,1,16.343712813458286,398,,,
IL1R1,True,False,False,1,12.18408269465198,1333,,,
IL1RL1,True,False,False,1,13.599888898150828,893,,,
IL1RN,True,False,False,1,8.973005937578098,3904,,,
IL2RG,True,True,False,2,8.852228453761295,4061,538,1221,
IL32,True,False,False,1,11.497018801826462,1671,,,
IL33,True,False,False,1,14.122943731141811,768,,,
IL4R,True,True,False,2,10.680115311742428,2193,365,2720,
IL5,False,True,False,1,,,342,3070,
IL6,True,False,True,2,15.464543080395307,523,,,hsa05410
IL6ST,True,False,False,1,8.77598700924001,4162,,,
IL7R,True,False,False,1,11.108187919964507,1933,,,
ILDR2,True,True,False,2,12.226982172310596,1320,647,804,
ILF2P1,False,True,False,1,,,401,2295,
ILF3,False,True,False,1,,,429,2007,
ILK,True,False,False,1,9.3024282539775,3451,,,
ILRUN,False,True,False,1,,,335,3186,
ILVBL,True,False,False,1,8.758264250868242,4192,,,
IMPDH1,True,True,False,2,10.776230968136195,2134,277,4468,
IMPDH1P11,False,True,False,1,,,275,4541,
INA,True,False,False,1,8.56121063033579,4481,,,
INCENP,True,False,False,1,9.088516480714006,3742,,,
INE1,False,True,False,1,,,278,4454,
INF2,True,False,False,1,10.313147731380006,2466,,,
ING5,False,True,False,1,,,283,4307,
INHBA,True,False,False,1,12.50232498395106,1209,,,
INHBB,True,False,False,1,8.877730039716516,4028,,,
INHBC,False,True,False,1,,,318,3497,
INIP,False,True,False,1,,,313,3604,
INMT,True,False,False,1,9.509330816571044,3241,,,
INO80,False,True,False,1,,,440,1908,
INO80B-WBP1,True,False,False,1,9.027689547094004,3814,,,
INO80E,True,False,False,1,9.776167394592337,2953,,,
INPP5A,True,False,False,1,8.796165074953105,4124,,,
INPP5D,True,False,False,1,9.779651695008807,2947,,,
INPP5E,False,True,False,1,,,448,1830,
INPP5J,True,True,False,2,11.38257796932564,1749,330,3274,
INPPL1,True,True,False,2,11.58172182386076,1628,360,2793,
INSYN1,True,False,False,1,8.51563373608223,4549,,,
INSYN2B,True,False,False,1,11.631901893449054,1593,,,
INTS1,True,True,False,2,13.105653423304258,1024,688,708,
INTS10,False,True,False,1,,,545,1193,
INTS11,False,True,False,1,,,406,2237,
INTS14,False,True,False,1,,,319,3478,
INTS15,False,True,False,1,,,321,3450,
INTS2,False,True,False,1,,,433,1965,
INTS3,True,False,False,1,8.379063004284284,4759,,,
INTS5,True,True,False,2,8.380138425968298,4756,336,3167,
INTS6-AS1,False,True,False,1,,,683,718,
INTS8,False,True,False,1,,,423,2078,
INTU,False,True,False,1,,,333,3218,
IP6K1,False,True,False,1,,,522,1303,
IP6K3,True,False,False,1,12.053853557601698,1389,,,
IPCEF1,True,False,False,1,8.499792995783572,4574,,,
IPO13,True,False,False,1,8.527068894379257,4535,,,
IPO5P1,False,True,False,1,,,331,3263,
IPO8,False,True,False,1,,,488,1521,
IPPK,True,False,False,1,8.525296610068724,4538,,,
IQCH-AS1,False,True,False,1,,,321,3456,
IQCM,False,True,False,1,,,294,4047,
IQGAP2,True,False,False,1,9.100114916735702,3722,,,
IQGAP3,True,False,False,1,11.36051814376942,1762,,,
IRAG1,True,False,False,1,9.372810425561491,3378,,,
IRAG2,True,False,False,1,9.593972351889132,3151,,,
IRAK1,True,True,False,2,9.57005598364144,3170,325,3378,
IRAK3,True,False,False,1,9.840335573014674,2878,,,
IREB2,False,True,False,1,,,277,4473,
IRF2BP1,True,True,False,2,11.80389799459332,1507,414,2164,
IRF3,False,True,False,1,,,367,2698,
IRF5,False,True,False,1,,,267,4735,
IRF6,True,False,False,1,10.921376465435662,2045,,,
IRF7,True,False,False,1,9.211847995275605,3573,,,
IRF8,True,False,False,1,11.933008714756632,1448,,,
IRS1,True,False,False,1,10.713216082508485,2172,,,
IRS4,False,True,False,1,,,329,3292,
IRX2,True,False,False,1,10.074311358359358,2663,,,
IRX3,True,False,False,1,12.180596819277016,1335,,,
IRX4,True,False,False,1,15.426421234369307,535,,,
IRX4-AS1,True,False,False,1,10.593326787574856,2266,,,
IRX5,True,False,False,1,8.894387946750795,4013,,,
IRX6,True,False,False,1,8.612005941733623,4394,,,
ISL1,True,False,False,1,9.28397012374986,3480,,,
ISLR,True,False,False,1,15.612061267714084,502,,,
ISOC2,True,False,False,1,9.387976117494237,3359,,,
ISY1-RAB43,True,False,False,1,14.016399591450709,792,,,
ISYNA1,True,False,False,1,8.69361541022094,4269,,,
ITCH,False,True,False,1,,,498,1459,
ITGA1,True,False,True,2,8.394583515582896,4732,,,both
ITGA10,True,False,True,2,10.770811174227354,2139,,,both
ITGA11,True,False,True,2,11.778948626364649,1517,,,both
ITGA2,True,True,True,3,12.395843082006504,1245,317,3519,both
ITGA2B,False,False,True,1,,,,,both
ITGA3,True,False,True,2,13.779019691338137,852,,,both
ITGA4,True,False,True,2,12.280615758616367,1298,,,both
ITGA5,True,False,True,2,14.878143002535856,627,,,both
ITGA6,True,False,True,2,10.652995362960208,2219,,,both
ITGA7,True,True,True,3,14.200228259474516,752,294,4039,both
ITGA8,True,False,True,2,12.917022979347914,1081,,,both
ITGA9,True,True,True,3,16.874689241818324,343,290,4133,both
ITGAL,False,True,False,1,,,457,1746,
ITGAM,True,True,False,2,14.544145897477671,687,657,781,
ITGAV,True,False,True,2,10.164222250869129,2600,,,both
ITGAX,True,False,False,1,8.395297408399362,4731,,,
ITGB1,False,False,True,1,,,,,both
ITGB1BP2,True,True,False,2,16.174631054573503,420,295,4015,
ITGB1P1,True,False,False,1,18.76633985052831,232,,,
ITGB2,True,True,False,2,16.12394110765409,428,474,1624,
ITGB3,True,False,True,2,11.491422172663102,1677,,,both
ITGB4,True,False,True,2,11.16567681815897,1893,,,both
ITGB5,False,False,True,1,,,,,both
ITGB6,False,False,True,1,,,,,both
ITGB7,False,False,True,1,,,,,both
ITGB8,False,False,True,1,,,,,both
ITGBL1,True,False,False,1,20.453652584399435,165,,,
ITIH1,False,True,False,1,,,366,2710,
ITIH3,True,False,False,1,9.281500437473673,3485,,,
ITIH4,True,False,False,1,9.032804129403967,3807,,,
ITIH5,True,False,False,1,9.30860223142929,3445,,,
ITK,False,True,False,1,,,512,1368,
ITLN1,True,False,False,1,9.52717674846484,3221,,,
ITM2A,True,False,False,1,13.066781361538112,1036,,,
ITM2C,True,False,False,1,11.908820162824746,1459,,,
ITPK1,True,False,False,1,9.97548428026064,2760,,,
ITPK1-AS1,False,True,False,1,,,485,1546,
ITPK1P1,False,True,False,1,,,269,4703,
ITPKB,True,False,False,1,9.180415172585729,3609,,,
ITPKC,True,False,False,1,9.6054113443115,3133,,,
ITPR3,True,False,False,1,14.885094936359804,624,,,
IVD,False,True,False,1,,,279,4407,
IYD,False,True,False,1,,,519,1320,
JAG2,True,False,False,1,11.868422089629169,1482,,,
JAML,True,True,False,2,13.02561639971914,1052,398,2328,
JCAD,True,False,False,1,10.348656493708498,2442,,,
JCADP1,False,True,False,1,,,308,3706,
JCHAIN,True,False,False,1,11.124102153821998,1921,,,
JOSD1,False,True,False,1,,,414,2161,
JPH1,True,False,False,1,15.638533137059095,498,,,
JPH2,True,False,False,1,17.748269794415368,279,,,
JPH3,True,False,False,1,10.17653232308576,2585,,,
JRK,False,True,False,1,,,305,3771,
JSRP1,True,False,False,1,11.874152442272928,1481,,,
JUNB,True,False,False,1,12.814414468511028,1100,,,
JUP,True,False,False,1,14.401541547242346,711,,,
KALRN,True,False,False,1,10.057464619512166,2685,,,
KANK2,True,False,False,1,8.805753765024463,4109,,,
KANK3,True,False,False,1,10.503153460786416,2338,,,
KANK4,True,False,False,1,8.337510196314788,4847,,,
KANSL1,True,False,False,1,9.645712779127246,3088,,,
KANSL1L,False,True,False,1,,,319,3479,
KANSL1L-AS1,False,True,False,1,,,1177,199,
KANSL3,False,True,False,1,,,361,2777,
KANTR,False,True,False,1,,,496,1474,
KAT2A,True,True,False,2,10.707925399534094,2176,273,4574,
KAT5,True,False,False,1,10.289164939048584,2483,,,
KAT8,False,True,False,1,,,425,2055,
KATNIP,False,True,False,1,,,594,966,
KAZALD1,True,False,False,1,8.413426487511607,4712,,,
KAZN-AS1,False,True,False,1,,,334,3208,
KBTBD11,True,False,False,1,11.493185054765677,1675,,,
KBTBD12,True,True,False,2,11.081622920094537,1939,390,2419,
KBTBD13,True,True,False,2,8.647288149152189,4336,315,3568,
KCMF1,False,True,False,1,,,308,3701,
KCNA2,False,True,False,1,,,354,2895,
KCNA3,True,False,False,1,8.759056560631427,4190,,,
KCNA4,True,False,False,1,10.51656081393164,2323,,,
KCNA5,True,False,False,1,12.56936541261859,1183,,,
KCNAB1-AS2,False,True,False,1,,,420,2113,
KCNC1,False,True,False,1,,,627,857,
KCNC2,False,True,False,1,,,447,1842,
KCNC3,True,False,False,1,8.992905809123346,3870,,,
KCND3,True,False,False,1,10.671603419992248,2207,,,
KCND3-AS1,False,True,False,1,,,412,2185,
KCNH2,True,True,False,2,19.822581263689266,193,503,1436,
KCNH7,True,False,False,1,10.0120567982589,2724,,,
KCNIP2,True,False,False,1,12.494297518067004,1210,,,
KCNJ10,False,True,False,1,,,328,3311,
KCNJ11,True,False,False,1,9.019674500109256,3832,,,
KCNJ12,True,False,False,1,8.411762522231196,4715,,,
KCNJ3,True,False,False,1,9.854701144202377,2862,,,
KCNJ4,True,False,False,1,16.582567853519734,370,,,
KCNJ5,True,True,False,2,14.318612233533155,721,423,2076,
KCNJ8,True,False,False,1,14.243217658472334,747,,,
KCNJ9,False,True,False,1,,,526,1274,
KCNK1,True,False,False,1,9.073878785105912,3759,,,
KCNK12,False,True,False,1,,,465,1682,
KCNMA1,True,False,False,1,10.06360645091265,2678,,,
KCNMA1-AS1,False,True,False,1,,,561,1117,
KCNMA1-AS2,False,True,False,1,,,367,2704,
KCNMA1-AS3,False,True,False,1,,,815,485,
KCNMB2-AS1,False,True,False,1,,,697,682,
KCNN2,True,False,False,1,12.593853820249194,1171,,,
KCNQ1,True,False,False,1,17.411140282897904,304,,,
KCNQ1OT1,False,True,False,1,,,273,4594,
KCNQ2,False,True,False,1,,,395,2358,
KCNQ3,True,False,False,1,9.823915512401872,2895,,,
KCNQ5,True,False,False,1,11.24249917717756,1845,,,
KCNT1,True,True,False,2,8.371117216738053,4778,335,3175,
KCNT2,True,False,False,1,8.859009130570032,4056,,,
KCNV1,False,True,False,1,,,467,1665,
KCTD11,True,False,False,1,10.002570338220709,2736,,,
KCTD12,True,False,False,1,10.753834998370555,2151,,,
KCTD16,True,False,False,1,8.845971184266835,4070,,,
KCTD17,True,False,False,1,11.025417256643928,1972,,,
KCTD2,True,True,False,2,8.645319106301137,4341,384,2499,
KCTD9P1,False,True,False,1,,,560,1121,
KDELR2,False,True,False,1,,,304,3786,
KDELR3,True,False,False,1,8.912078666507345,3986,,,
KDM1A,False,True,False,1,,,271,4636,
KDM2A,False,True,False,1,,,412,2181,
KDM3B,True,True,False,2,8.738159561151667,4215,384,2490,
KDM5C,False,True,False,1,,,489,1513,
KDM5D,True,False,False,1,18.359885892244037,242,,,
KDM6B,True,False,False,1,9.462829237155388,3290,,,
KDR,True,False,False,1,17.508949701062136,295,,,
KEAP1,True,True,False,2,8.282946462464027,4923,390,2416,
KEL,True,False,False,1,8.946457166352367,3935,,,
KHDC1-AS1,False,True,False,1,,,329,3297,
KHDC4,False,True,False,1,,,387,2454,
KHSRP,True,False,False,1,9.984714813981467,2753,,,
KIAA0040,True,False,False,1,9.747635066234064,2983,,,
KIAA0100,True,True,False,2,9.787599050112377,2938,497,1463,
KIAA0232,False,True,False,1,,,322,3435,
KIAA0319L,False,True,False,1,,,466,1670,
KIAA0895,False,True,False,1,,,272,4610,
KIAA1109,False,True,False,1,,,370,2663,
KIAA1328,False,True,False,1,,,307,3720,
KIAA1522,True,False,False,1,10.675823511745753,2200,,,
KIAA1549L,True,False,False,1,13.150094633052149,1008,,,
KIAA1671,True,False,False,1,8.992802252697055,3872,,,
KIAA1755,True,False,False,1,9.626192549485758,3112,,,
KIAA1958,False,True,False,1,,,443,1877,
KIDINS220,False,True,False,1,,,285,4257,
KIF11,False,True,False,1,,,263,4877,
KIF14,True,False,False,1,9.341603285743144,3408,,,
KIF18B,True,False,False,1,9.303487043805667,3449,,,
KIF1A,True,True,False,2,21.48505966362899,135,394,2369,
KIF1C,True,False,False,1,9.242924611288991,3527,,,
KIF20A,True,False,False,1,12.98921716442078,1063,,,
KIF21B,True,False,False,1,9.068928977692282,3768,,,
KIF26A,True,False,False,1,14.69225737091296,651,,,
KIF26B,True,False,False,1,13.93358474773664,817,,,
KIF2C,True,False,False,1,9.825631088455044,2891,,,
KIF4A,True,False,False,1,10.46767831151504,2361,,,
KIF5C,False,True,False,1,,,648,801,
KIF5C-AS1,False,True,False,1,,,369,2679,
KIF6,False,True,False,1,,,300,3881,
KIF7,True,False,False,1,8.851207983968719,4064,,,
KIF9-AS1,False,True,False,1,,,293,4075,
KIFC1,True,False,False,1,13.262664965126914,983,,,
KIFC2,True,True,False,2,12.330014171882814,1276,382,2519,
KIFC3,True,False,False,1,9.708491990317947,3018,,,
KIRREL1,True,False,False,1,13.379489409086556,948,,,
KITLG,True,False,False,1,9.168738173675871,3626,,,
KLC1-AS1,False,True,False,1,,,437,1934,
KLC2,True,False,False,1,10.101654399630512,2641,,,
KLC4,False,True,False,1,,,491,1503,
KLF13,True,False,False,1,17.500612487557355,296,,,
KLF15,True,False,False,1,10.064972267936971,2674,,,
KLF16,True,False,False,1,8.493681240735606,4586,,,
KLF18,False,True,False,1,,,570,1075,
KLF2,True,False,False,1,8.79587445009711,4126,,,
KLF4,True,False,False,1,11.248980371372388,1843,,,
KLF9,True,False,False,1,10.90384972417513,2057,,,
KLHDC10,False,True,False,1,,,592,978,
KLHDC3,True,True,False,2,10.157619164577092,2604,341,3085,
KLHDC4,False,True,False,1,,,410,2201,
KLHDC8B,True,False,False,1,10.059464179089202,2683,,,
KLHL12,False,True,False,1,,,435,1951,
KLHL13,True,False,False,1,10.949511496396902,2025,,,
KLHL17,True,True,False,2,8.406829483799623,4718,291,4114,
KLHL22,True,True,False,2,10.484844445671133,2353,586,996,
KLHL25,True,True,False,2,9.163137546999922,3638,555,1151,
KLHL29,True,False,False,1,8.82928799515494,4083,,,
KLHL3,True,False,False,1,9.529949681935491,3216,,,
KLHL30,True,False,False,1,13.292688612741827,968,,,
KLHL31,True,False,False,1,21.28404418455692,142,,,
KLHL38,True,False,False,1,10.740940201865644,2160,,,
KLHL4,True,False,False,1,9.493773391559523,3258,,,
KLHL41,True,True,False,2,19.502056260223902,207,281,4366,
KLHL6,True,False,False,1,8.450656913605451,4658,,,
KLRD1,False,True,False,1,,,377,2573,
KLRK1,False,True,False,1,,,296,3999,
KMT2D,True,False,False,1,10.859355175957369,2082,,,
KMT5C,False,True,False,1,,,376,2581,
KNCN,False,True,False,1,,,327,3341,
KNG1,False,True,False,1,,,387,2453,
KNL1,True,False,False,1,9.159490310322708,3643,,,
KNOP1P2,False,True,False,1,,,514,1359,
KPNA1,False,True,False,1,,,680,725,
KRBA1,True,True,False,2,10.564468790928895,2289,459,1728,
KRBA2,False,True,False,1,,,302,3842,
KRBOX1-AS1,False,True,False,1,,,550,1178,
KRIT1,False,True,False,1,,,357,2837,
KRR1P1,False,True,False,1,,,353,2920,
KRT18,True,False,False,1,14.793081157288166,635,,,
KRT18P31,False,True,False,1,,,854,441,
KRT18P57,False,True,False,1,,,984,317,
KRT19,True,False,False,1,16.97092820711544,335,,,
KRT7,True,False,False,1,20.174608092524224,180,,,
KRT78,False,True,False,1,,,420,2111,
KRT8,True,False,False,1,13.693077950837507,870,,,
KRT80,True,False,False,1,8.339605208048397,4843,,,
KRT82,False,True,False,1,,,686,711,
KRT84,False,True,False,1,,,638,828,
KSR1,True,False,False,1,9.666717993042784,3069,,,
KTN1-AS1,False,True,False,1,,,360,2794,
KXD1,False,True,False,1,,,436,1942,
KY,True,False,False,1,10.431323830751133,2385,,,
L1CAM,True,False,False,1,10.877437468015168,2074,,,
L3MBTL1,False,True,False,1,,,924,369,
L3MBTL2,False,True,False,1,,,352,2925,
L3MBTL4,True,True,False,2,8.862856828189067,4050,270,4671,
L3MBTL4-AS1,False,True,False,1,,,1303,142,
LAD1,True,False,False,1,11.22632199222893,1855,,,
LAMA1,True,False,True,2,11.711262366408045,1556,,,both
LAMA2,True,False,True,2,15.68293513105012,489,,,both
LAMA3,True,False,False,1,9.05507090394619,3778,,,
LAMA4,True,False,False,1,13.817414024618484,845,,,
LAMA5,True,False,False,1,12.586527643868106,1174,,,
LAMB1,True,False,False,1,11.809803076315667,1503,,,
LAMB2,True,False,False,1,14.657658923944211,660,,,
LAMB3,True,False,False,1,9.347503064017785,3403,,,
LAMC1,True,False,False,1,11.481482391136842,1682,,,
LAMC2,True,False,False,1,8.691139760986832,4272,,,
LAMTOR5-AS1,False,True,False,1,,,907,386,
LAPTM4B,True,False,False,1,10.177645182667264,2583,,,
LAPTM5,True,False,False,1,20.861938362846978,151,,,
LARGE1,True,True,False,2,9.814469698072733,2904,279,4409,
LARP1,False,True,False,1,,,338,3140,
LARP6,True,False,False,1,8.615078675345002,4390,,,
LARS1,False,True,False,1,,,338,3134,
LARS2,False,True,False,1,,,321,3445,
LASP1,True,True,False,2,9.547537831385323,3191,335,3171,
LAT2,False,True,False,1,,,477,1602,
LATS1,False,True,False,1,,,421,2098,
LAX1,False,True,False,1,,,288,4178,
LBH,True,False,False,1,10.908322010174448,2049,,,
LCAL1,False,True,False,1,,,303,3831,
LCE1E,False,True,False,1,,,266,4787,
LCK,True,False,False,1,8.6028136909265,4405,,,
LCMT1-AS2,False,True,False,1,,,668,750,
LCN12,False,True,False,1,,,412,2182,
LCNL1,True,False,False,1,8.450370507434222,4659,,,
LCP1,True,False,False,1,18.722502487807823,233,,,
LCP2,True,True,False,2,14.873613949414382,628,575,1048,
LDB2,True,False,False,1,12.303927808067996,1290,,,
LDB3,True,True,False,2,30.037910752674332,34,471,1643,
LDHAP3,False,True,False,1,,,279,4427,
LDHAP7,False,True,False,1,,,296,4005,
LDHD,True,False,False,1,11.755932731577095,1529,,,
LDLR,True,False,False,1,9.072872853150438,3760,,,
LDLRAD4,True,True,False,2,10.404931324349922,2404,362,2763,
LEF1,True,False,False,1,11.16034507530802,1897,,,
LEFTY2,True,False,False,1,11.060452187341369,1953,,,
LEMD2,False,True,False,1,,,287,4217,
LENG1,True,False,False,1,8.432196188060892,4676,,,
LENG8,True,False,False,1,18.049769103766828,263,,,
LENG8-AS1,False,True,False,1,,,350,2957,
LFNG,True,False,False,1,9.491521357136223,3261,,,
LGALS1,True,False,False,1,12.858069271712155,1091,,,
LGALS3BP,True,False,False,1,13.860547190216735,836,,,
LGALS9,True,False,False,1,11.42535382555232,1722,,,
LGALSL-DT,False,True,False,1,,,1273,151,
LGI2,True,False,False,1,13.922119366957842,821,,,
LGI4,True,False,False,1,11.470041331732622,1688,,,
LGMNP1,False,True,False,1,,,303,3814,
LGR4,True,False,False,1,9.93450409648055,2795,,,
LGR5,True,False,False,1,8.573883833259003,4453,,,
LHFPL5,False,True,False,1,,,936,357,
LHX4,False,True,False,1,,,397,2333,
LHX6,True,False,False,1,9.044747371396076,3789,,,
LIF,True,False,False,1,13.866110993425822,834,,,
LIFR,True,False,False,1,10.610550077964367,2249,,,
LIFR-AS1,False,True,False,1,,,297,3974,
LILRA5,False,True,False,1,,,449,1822,
LILRB5,False,True,False,1,,,292,4086,
LIMCH1,True,False,False,1,10.67341534315713,2204,,,
LIMD1-AS1,True,False,False,1,9.656664460917447,3081,,,
LIME1,True,False,False,1,8.330572461961355,4858,,,
LIMS2,True,False,False,1,12.386255778114592,1248,,,
LIN28A,True,False,False,1,9.843932836773924,2872,,,
LIN28B,True,False,False,1,10.520725907158852,2316,,,
LIN7A,True,False,False,1,9.232897632411648,3542,,,
LINC-PINT,False,True,False,1,,,280,4393,
LINC00051,False,True,False,1,,,279,4433,
LINC00174,False,True,False,1,,,965,332,
LINC00235,False,True,False,1,,,360,2801,
LINC00265,False,True,False,1,,,266,4789,
LINC00273,True,False,False,1,13.750297252215343,860,,,
LINC00276,False,True,False,1,,,1650,64,
LINC00299,False,True,False,1,,,403,2278,
LINC00320,False,True,False,1,,,2235,15,
LINC00343,False,True,False,1,,,349,2972,
LINC00352,False,True,False,1,,,284,4292,
LINC00368,False,True,False,1,,,332,3236,
LINC00393,False,True,False,1,,,655,784,
LINC00404,False,True,False,1,,,426,2049,
LINC00410,False,True,False,1,,,672,739,
LINC00461,False,True,False,1,,,268,4721,
LINC00486,False,True,False,1,,,510,1387,
LINC00491,False,True,False,1,,,400,2308,
LINC00499,False,True,False,1,,,1506,83,
LINC00507,False,True,False,1,,,1012,293,
LINC00528,False,True,False,1,,,264,4861,
LINC00534,False,True,False,1,,,311,3651,
LINC00547,False,True,False,1,,,466,1676,
LINC00558,False,True,False,1,,,448,1834,
LINC00575,False,True,False,1,,,528,1264,
LINC00607,True,False,False,1,8.416421473069676,4704,,,
LINC00608,False,True,False,1,,,376,2587,
LINC00621,False,True,False,1,,,1184,193,
LINC00630,False,True,False,1,,,559,1128,
LINC00648,True,True,False,2,9.121333206469767,3692,570,1073,
LINC00652,False,True,False,1,,,1502,84,
LINC00663,False,True,False,1,,,451,1805,
LINC00690,False,True,False,1,,,789,515,
LINC00691,False,True,False,1,,,347,3002,
LINC00836,False,True,False,1,,,1111,233,
LINC00861,False,True,False,1,,,371,2654,
LINC00871,False,True,False,1,,,295,4031,
LINC00877,False,True,False,1,,,331,3259,
LINC00879,False,True,False,1,,,455,1774,
LINC00881,True,True,False,2,17.54500517601857,293,280,4395,
LINC00891,False,True,False,1,,,447,1849,
LINC00898,False,True,False,1,,,495,1479,
LINC00901,False,True,False,1,,,272,4623,
LINC00907,False,True,False,1,,,1011,295,
LINC00928,False,True,False,1,,,607,925,
LINC00937,False,True,False,1,,,395,2363,
LINC00939,False,True,False,1,,,884,409,
LINC00955,False,True,False,1,,,285,4265,
LINC01001,True,False,False,1,10.95837909292594,2020,,,
LINC01005,False,True,False,1,,,457,1756,
LINC01007,False,True,False,1,,,509,1397,
LINC01013,True,False,False,1,8.870119674859648,4037,,,
LINC01019,False,True,False,1,,,513,1365,
LINC01029,False,True,False,1,,,508,1407,
LINC01046,False,True,False,1,,,1029,279,
LINC01093,False,True,False,1,,,267,4755,
LINC01106,True,False,False,1,8.309379025701876,4885,,,
LINC01114,False,True,False,1,,,540,1213,
LINC01120,False,True,False,1,,,337,3157,
LINC01146,False,True,False,1,,,291,4123,
LINC01147,False,True,False,1,,,276,4516,
LINC01159,False,True,False,1,,,699,677,
LINC01160,False,True,False,1,,,285,4267,
LINC01176,False,True,False,1,,,335,3191,
LINC01192,False,True,False,1,,,2077,24,
LINC01202,False,True,False,1,,,366,2716,
LINC01203,False,True,False,1,,,542,1205,
LINC01205,False,True,False,1,,,1641,66,
LINC01206,False,True,False,1,,,1255,160,
LINC01210,False,True,False,1,,,694,693,
LINC01224,False,True,False,1,,,294,4051,
LINC01226,False,True,False,1,,,2866,3,
LINC01232,False,True,False,1,,,553,1165,
LINC01234,False,True,False,1,,,395,2365,
LINC01235,True,False,False,1,8.953870455492686,3924,,,
LINC01238,False,True,False,1,,,578,1036,
LINC01241,False,True,False,1,,,592,981,
LINC01247,False,True,False,1,,,589,987,
LINC01250,False,True,False,1,,,837,458,
LINC01285,False,True,False,1,,,2162,19,
LINC01287,False,True,False,1,,,427,2042,
LINC01299,False,True,False,1,,,533,1241,
LINC01310,False,True,False,1,,,526,1277,
LINC01322,False,True,False,1,,,272,4624,
LINC01355,False,True,False,1,,,371,2656,
LINC01356,False,True,False,1,,,271,4655,
LINC01359,False,True,False,1,,,1207,181,
LINC01370,False,True,False,1,,,481,1580,
LINC01378,False,True,False,1,,,1023,282,
LINC01405,True,False,False,1,10.225064677366976,2541,,,
LINC01409,False,True,False,1,,,1140,216,
LINC01422,False,True,False,1,,,1328,131,
LINC01424,False,True,False,1,,,291,4119,
LINC01427,False,True,False,1,,,418,2133,
LINC01442,False,True,False,1,,,1275,150,
LINC01445,False,True,False,1,,,1135,219,
LINC01446,False,True,False,1,,,510,1386,
LINC01460,False,True,False,1,,,373,2620,
LINC01471,False,True,False,1,,,713,641,
LINC01499,False,True,False,1,,,1105,236,
LINC01501,False,True,False,1,,,773,536,
LINC01505,False,True,False,1,,,409,2213,
LINC01515,False,True,False,1,,,286,4248,
LINC01524,False,True,False,1,,,277,4486,
LINC01544,False,True,False,1,,,808,493,
LINC01562,False,True,False,1,,,1975,34,
LINC01569,False,True,False,1,,,381,2532,
LINC01579,False,True,False,1,,,596,961,
LINC01581,False,True,False,1,,,559,1131,
LINC01582,False,True,False,1,,,445,1864,
LINC01584,False,True,False,1,,,495,1481,
LINC01595,False,True,False,1,,,359,2816,
LINC01608,False,True,False,1,,,1090,243,
LINC01613,False,True,False,1,,,332,3241,
LINC01614,True,False,False,1,8.285230613556982,4920,,,
LINC01615,True,False,False,1,9.497553858503911,3254,,,
LINC01643,False,True,False,1,,,1010,296,
LINC01671,False,True,False,1,,,678,728,
LINC01672,False,True,False,1,,,343,3066,
LINC01675,False,True,False,1,,,380,2543,
LINC01683,False,True,False,1,,,394,2376,
LINC01694,False,True,False,1,,,663,767,
LINC01695,False,True,False,1,,,422,2088,
LINC01698,False,True,False,1,,,567,1090,
LINC01707,False,True,False,1,,,601,946,
LINC01712,False,True,False,1,,,393,2389,
LINC01716,False,True,False,1,,,613,902,
LINC01719,False,True,False,1,,,267,4750,
LINC01721,False,True,False,1,,,1220,171,
LINC01722,False,True,False,1,,,334,3207,
LINC01723,False,True,False,1,,,494,1486,
LINC01727,False,True,False,1,,,1491,89,
LINC01737,False,True,False,1,,,364,2741,
LINC01748,False,True,False,1,,,346,3020,
LINC01749,False,True,False,1,,,352,2933,
LINC01761,False,True,False,1,,,1065,253,
LINC01814,False,True,False,1,,,339,3125,
LINC01818,False,True,False,1,,,316,3539,
LINC01876,False,True,False,1,,,265,4821,
LINC01877,False,True,False,1,,,1005,300,
LINC01885,False,True,False,1,,,333,3223,
LINC01902,False,True,False,1,,,740,591,
LINC01919,False,True,False,1,,,704,664,
LINC01921,False,True,False,1,,,465,1683,
LINC01933,False,True,False,1,,,272,4627,
LINC01949,False,True,False,1,,,1672,61,
LINC01954,True,False,False,1,8.832738741271262,4080,,,
LINC01964,False,True,False,1,,,954,342,
LINC01965,False,True,False,1,,,560,1123,
LINC01986,False,True,False,1,,,296,4000,
LINC01992,False,True,False,1,,,297,3977,
LINC01994,False,True,False,1,,,637,832,
LINC01997,False,True,False,1,,,495,1480,
LINC02010,False,True,False,1,,,363,2755,
LINC02013,False,True,False,1,,,1365,119,
LINC02018,False,True,False,1,,,593,973,
LINC02028,False,True,False,1,,,347,3006,
LINC02053,False,True,False,1,,,528,1265,
LINC02054,False,True,False,1,,,646,807,
LINC02064,False,True,False,1,,,332,3239,
LINC02065,False,True,False,1,,,447,1847,
LINC02073,False,True,False,1,,,942,353,
LINC02074,False,True,False,1,,,320,3474,
LINC02080,False,True,False,1,,,578,1037,
LINC02109,False,True,False,1,,,714,638,
LINC02111,False,True,False,1,,,347,3008,
LINC02112,False,True,False,1,,,844,450,
LINC02128,False,True,False,1,,,355,2885,
LINC02140,False,True,False,1,,,294,4050,
LINC02175,False,True,False,1,,,917,378,
LINC02193,False,True,False,1,,,307,3734,
LINC02196,False,True,False,1,,,669,746,
LINC02207,False,True,False,1,,,447,1848,
LINC02208,True,True,False,2,8.324559258260813,4864,288,4196,
LINC02218,False,True,False,1,,,294,4048,
LINC02231,False,True,False,1,,,278,4456,
LINC02249,False,True,False,1,,,357,2850,
LINC02250,False,True,False,1,,,833,461,
LINC02263,False,True,False,1,,,539,1217,
LINC02269,False,True,False,1,,,329,3299,
LINC02275,False,True,False,1,,,693,697,
LINC02312,False,True,False,1,,,386,2470,
LINC02324,False,True,False,1,,,1727,53,
LINC02325,False,True,False,1,,,359,2815,
LINC02338,False,True,False,1,,,362,2770,
LINC02344,False,True,False,1,,,383,2507,
LINC02357,False,True,False,1,,,376,2591,
LINC02359,False,True,False,1,,,385,2486,
LINC02362,False,True,False,1,,,421,2104,
LINC02395,False,True,False,1,,,288,4198,
LINC02396,False,True,False,1,,,394,2379,
LINC02401,False,True,False,1,,,609,917,
LINC02405,False,True,False,1,,,289,4159,
LINC02406,False,True,False,1,,,367,2705,
LINC02488,False,True,False,1,,,315,3570,
LINC02492,False,True,False,1,,,719,630,
LINC02499,False,True,False,1,,,370,2668,
LINC02502,True,False,False,1,9.29667690712083,3460,,,
LINC02532,False,True,False,1,,,326,3364,
LINC02558,False,True,False,1,,,1305,141,
LINC02614,False,True,False,1,,,487,1535,
LINC02619,False,True,False,1,,,712,643,
LINC02632,False,True,False,1,,,468,1662,
LINC02645,False,True,False,1,,,1103,237,
LINC02654,False,True,False,1,,,363,2754,
LINC02694,False,True,False,1,,,465,1680,
LINC02710,False,True,False,1,,,306,3752,
LINC02733,False,True,False,1,,,420,2114,
LINC02756,False,True,False,1,,,674,737,
LINC02763,False,True,False,1,,,536,1230,
LINC02790,False,True,False,1,,,452,1796,
LINC02837,False,True,False,1,,,276,4518,
LINC02839,False,True,False,1,,,319,3488,
LINC02840,False,True,False,1,,,327,3349,
LINC02857,False,True,False,1,,,1201,184,
LINC02860,False,True,False,1,,,373,2623,
LINC02871,False,True,False,1,,,676,731,
LINC02882,False,True,False,1,,,281,4369,
LINC02884,True,False,False,1,8.293467276234226,4912,,,
LINC02893,True,True,False,2,9.137595322051936,3664,346,3027,
LINC02915,True,False,False,1,9.53472161816156,3209,,,
LINC02925,True,True,False,2,10.200888213658512,2562,263,4887,
LINC02932,False,True,False,1,,,533,1240,
LINC02937,False,True,False,1,,,645,813,
LINC02940,False,True,False,1,,,559,1130,
LINC02941,True,False,False,1,8.565813277018584,4476,,,
LINC02942,False,True,False,1,,,361,2784,
LINC02944,False,True,False,1,,,351,2943,
LINC02964,False,True,False,1,,,1309,139,
LINC02965,False,True,False,1,,,703,669,
LINC02982,False,True,False,1,,,267,4761,
LINC02984,True,False,False,1,9.288774062556827,3470,,,
LINC02991,False,True,False,1,,,274,4561,
LINC03006,False,True,False,1,,,419,2127,
LINC03009,False,True,False,1,,,408,2224,
LINC03031,True,False,False,1,17.393439480809295,306,,,
LINGO1,True,False,False,1,9.440938383343802,3311,,,
LIPE,True,False,False,1,8.453081743555101,4656,,,
LIPG,True,False,False,1,10.259292703393244,2513,,,
LIPN,False,True,False,1,,,445,1861,
LIX1,True,False,False,1,10.168580508367178,2594,,,
LLGL1,True,True,False,2,11.072808640715357,1944,391,2410,
LLGL2,True,False,False,1,11.011985847400494,1979,,,
LMCD1-AS1,False,True,False,1,,,373,2624,
LMF2,True,True,False,2,11.153264836652692,1902,552,1167,
LMNA,True,False,True,2,9.5777372151553,3163,,,both
LMNB1,True,False,False,1,12.559652158890938,1186,,,
LMNB2,True,True,False,2,11.225775914111814,1856,273,4585,
LMO2,True,False,False,1,11.334306291665165,1775,,,
LMO7,True,False,False,1,10.032285862309518,2705,,,
LMOD1,True,False,False,1,14.882165926070876,625,,,
LMOD2,True,True,False,2,32.47982138634987,26,284,4287,
LMOD3,True,False,False,1,13.684132340498284,873,,,
LNX1-AS2,False,True,False,1,,,703,668,
LONP1,True,True,False,2,9.666463117912066,3071,347,2999,
LONRF2,True,True,False,2,10.90486048744926,2055,424,2066,
LONRF3,True,False,False,1,8.623204420815897,4377,,,
LOX,True,False,False,1,15.77217498222982,475,,,
LOXL1,True,False,False,1,13.736061192190556,863,,,
LOXL2,True,False,False,1,13.695930642307118,869,,,
LOXL3,True,False,False,1,8.670079892035849,4312,,,
LOXL4,True,False,False,1,11.28665953017807,1818,,,
LPA,False,True,False,1,,,528,1263,
LPAR1,True,False,False,1,13.45926924240425,927,,,
LPAR4,True,False,False,1,9.565593884565496,3178,,,
LPCAT1,True,False,False,1,11.789222305823602,1514,,,
LPCAT3,True,False,False,1,9.102702110267616,3716,,,
LPCAT4,True,False,False,1,8.41942411660381,4700,,,
LPL,True,False,False,1,28.129326570380226,48,,,
LPP-AS1,False,True,False,1,,,1370,118,
LRATD2,True,False,False,1,12.380299434784876,1251,,,
LRCH3,False,True,False,1,,,497,1466,
LRCH4,True,False,False,1,8.465103267164757,4639,,,
LRFN4,True,False,False,1,10.260211775341164,2512,,,
LRIG1,True,False,False,1,14.058611688109924,784,,,
LRIG2,False,True,False,1,,,387,2459,
LRIG3,True,False,False,1,10.135819834799715,2617,,,
LRP1,True,False,False,1,15.560190869277722,511,,,
LRP11,True,False,False,1,9.090124123673514,3739,,,
LRP1B,True,False,False,1,8.78414345335092,4146,,,
LRP2,True,False,False,1,9.835524013862496,2885,,,
LRP3,True,False,False,1,9.963976635210573,2773,,,
LRP4,True,False,False,1,10.016165861052666,2718,,,
LRP5,True,False,False,1,13.426394195079132,933,,,
LRP5L,False,True,False,1,,,283,4298,
LRP6,False,True,False,1,,,264,4863,
LRPPRC,False,True,False,1,,,337,3153,
LRRC10,True,True,False,2,20.584522880932703,160,430,2000,
LRRC14,True,True,False,2,8.485788791842472,4593,397,2335,
LRRC14B,True,True,False,2,13.070027006267818,1034,269,4697,
LRRC15,True,False,False,1,8.600702965633698,4410,,,
LRRC17,True,False,False,1,10.111273700858304,2635,,,
LRRC2,True,False,False,1,9.843380145594592,2874,,,
LRRC20,True,False,False,1,10.032835400018453,2704,,,
LRRC25,False,True,False,1,,,474,1627,
LRRC32,True,False,False,1,10.971060235803511,2011,,,
LRRC37A,True,False,False,1,10.33924599278638,2449,,,
LRRC37A3,True,False,False,1,8.308058345456041,4889,,,
LRRC39,True,False,False,1,12.350170510242371,1268,,,
LRRC4,True,False,False,1,8.525504199260656,4537,,,
LRRC45,True,False,False,1,8.749549743032128,4202,,,
LRRC4B,True,False,False,1,9.702043120786534,3027,,,
LRRC53,False,True,False,1,,,303,3809,
LRRC59,True,True,False,2,9.152595341002211,3654,364,2732,
LRRC61,True,False,False,1,9.798457439536357,2930,,,
LRRC70,False,True,False,1,,,270,4673,
LRRC77P,False,True,False,1,,,385,2482,
LRRC8A,True,False,False,1,8.799751226475701,4118,,,
LRRC8C,True,False,False,1,8.366483018402656,4785,,,
LRRK2,True,False,False,1,9.507339694070692,3243,,,
LRRN1,True,False,False,1,11.62469262019982,1598,,,
LRRN2,True,False,False,1,8.474603941832287,4624,,,
LRRN4,True,True,False,2,11.793648559897791,1511,276,4498,
LRRTM1,False,True,False,1,,,280,4385,
LRRTM3,True,False,False,1,10.248234109398526,2521,,,
LRRTM4,False,True,False,1,,,271,4650,
LRTM2,False,True,False,1,,,561,1116,
LRWD1,True,True,False,2,8.921196886441898,3971,514,1356,
LSAMP,True,False,False,1,9.974678256494602,2761,,,
LSG1,False,True,False,1,,,305,3758,
LSM12P1,True,False,False,1,9.747902215348631,2982,,,
LSM14B,True,False,False,1,8.470673933632757,4632,,,
LSMEM2,True,False,False,1,12.587286015020174,1173,,,
LSP1,True,False,False,1,12.955956228872626,1069,,,
LSS,True,False,False,1,17.8713098796327,275,,,
LTBP1,True,False,False,1,9.338676732530873,3410,,,
LTBP2,True,False,False,1,17.304341605890283,308,,,
LTBP3,True,False,False,1,9.74890153401418,2980,,,
LTBP4,True,False,False,1,13.065870348956068,1037,,,
LTBR,True,False,False,1,9.438328864848575,3315,,,
LTF,True,False,False,1,9.760963925855698,2969,,,
LTN1,False,True,False,1,,,345,3036,
LTV1P1,False,True,False,1,,,301,3868,
LUM,True,False,False,1,22.988143541201584,106,,,
LY6E,True,False,False,1,11.078460638372988,1940,,,
LY75,True,False,False,1,10.846907426544968,2091,,,
LY75-CD302,True,False,False,1,10.659210257140415,2217,,,
LY86,False,True,False,1,,,583,1011,
LY86-AS1,False,True,False,1,,,741,588,
LY96,True,False,False,1,11.15449489940019,1901,,,
LYL1,True,False,False,1,9.223178096025684,3550,,,
LYNX1,True,False,False,1,13.934275464522376,816,,,
LYPD1,True,False,False,1,10.645956170769868,2224,,,
LYPD6,True,False,False,1,10.677840529654926,2195,,,
LYPLA2,True,False,False,1,8.869434746858124,4038,,,
LYRM2,False,True,False,1,,,275,4523,
LYVE1,True,False,False,1,16.464102492265127,381,,,
LYZ,True,True,False,2,19.216760753101163,215,458,1736,
LZTR1,True,True,False,2,9.357458714555996,3390,1139,217,
LZTS1,True,False,False,1,8.978237812983709,3892,,,
LZTS2,True,False,False,1,8.839553219899994,4077,,,
LZTS3,True,False,False,1,8.381994694671697,4753,,,
MAB21L2,True,False,False,1,10.365487383278852,2424,,,
MAB21L3,False,True,False,1,,,339,3121,
MACROD1,True,False,False,1,8.920003135016623,3975,,,
MACROD2-AS1,False,True,False,1,,,746,573,
MACROD2-IT1,False,True,False,1,,,625,864,
MACROH2A2,False,True,False,1,,,361,2774,
MAD1L1,True,False,False,1,9.003038469854594,3850,,,
MADD,True,False,False,1,9.059859428136928,3774,,,
MAF,True,False,False,1,9.425886746388866,3330,,,
MAF1,True,False,False,1,9.247627640571237,3518,,,
MAFB,True,False,False,1,9.039131784083992,3800,,,
MAFK,True,False,False,1,12.595010089549342,1170,,,
MAGED1,True,False,False,1,8.481430712634774,4606,,,
MAGED4,True,False,False,1,14.60281456352168,672,,,
MAGED4B,True,False,False,1,9.445397564522947,3305,,,
MAGEL2,True,False,False,1,8.992812854656266,3871,,,
MAGI1,True,False,False,1,8.293587435275313,4911,,,
MAGI1-AS1,False,True,False,1,,,272,4622,
MAGI1-IT1,False,True,False,1,,,411,2196,
MAGI2-AS1,False,True,False,1,,,603,939,
MAILR,False,True,False,1,,,487,1536,
MAL2,True,False,False,1,10.054670303759927,2687,,,
MALAT1,True,False,False,1,8.728346978321763,4231,,,
MALINC1,False,True,False,1,,,405,2254,
MALL,True,False,False,1,12.09042480926747,1378,,,
MAMDC2,True,False,False,1,11.12689915298971,1919,,,
MAML1,True,False,False,1,11.898948250822151,1465,,,
MAN1B1,True,True,False,2,9.05015828380166,3781,369,2678,
MAN1C1,True,False,False,1,9.95905844153651,2776,,,
MAN2B1,True,True,False,2,11.385834582720111,1747,270,4667,
MAN2C1,True,True,False,2,10.629394162410073,2238,441,1902,
MANCR,True,False,False,1,9.17652972504396,3612,,,
MAOA,True,False,False,1,11.108980830063537,1932,,,
MAOB,True,False,False,1,17.134077885287866,322,,,
MAP1A,True,False,False,1,9.09173294788905,3735,,,
MAP1B,True,False,False,1,9.541595480800815,3198,,,
MAP1LC3A,True,False,False,1,9.915826341252949,2812,,,
MAP1S,True,False,False,1,10.129410980557791,2622,,,
MAP2,True,False,False,1,9.429127446441122,3324,,,
MAP2K2,True,True,False,2,9.135351367453746,3669,464,1689,
MAP2K3,True,False,False,1,8.401210304895763,4728,,,
MAP3K10,True,True,False,2,9.46432758781529,3288,303,3807,
MAP3K11,True,True,False,2,8.950277377613698,3930,289,4154,
MAP3K14,True,False,False,1,9.275520253572063,3489,,,
MAP3K19,False,True,False,1,,,274,4559,
MAP3K4,False,True,False,1,,,277,4467,
MAP3K5,True,False,False,1,9.413982567547668,3340,,,
MAP3K5-AS2,False,True,False,1,,,285,4271,
MAP3K6,True,False,False,1,9.708143064996886,3019,,,
MAP3K7,False,True,False,1,,,477,1604,
MAP3K7CL,True,False,False,1,9.405958671697048,3344,,,
MAP3K9,True,True,False,2,9.47929289604697,3271,434,1958,
MAP3K9-DT,False,True,False,1,,,470,1652,
MAP4,True,False,False,1,8.38174437609775,4754,,,
MAP4K1,False,True,False,1,,,292,4100,
MAP6,True,False,False,1,9.417438295214636,3338,,,
MAP7D1,True,False,False,1,9.539208008821436,3202,,,
MAP9,True,False,False,1,8.547071257236087,4502,,,
MAPK1,False,True,False,1,,,281,4339,
MAPK11,True,False,False,1,10.52142210742408,2315,,,
MAPK3,True,False,False,1,9.386044168196744,3362,,,
MAPK4,True,True,False,2,18.04893834567058,264,471,1645,
MAPK8,False,True,False,1,,,499,1452,
MAPK8IP1,True,False,False,1,9.286738372359808,3476,,,
MAPK8IP3,True,True,False,2,11.941169195476624,1439,558,1136,
MAPK9,False,True,False,1,,,374,2602,
MAPKAP1,False,True,False,1,,,477,1603,
MAPKAPK2,True,False,False,1,10.599850691968872,2259,,,
MAPKAPK3,True,False,False,1,10.234812781888406,2531,,,
MAPRE3,True,False,False,1,10.393881477827277,2409,,,
MARCHF11,True,True,False,2,9.87943638542551,2835,289,4155,
MARCHF11-AS1,True,False,False,1,8.798303259986342,4120,,,
MARCHF4,True,False,False,1,14.45306789019005,702,,,
MARCHF8,True,False,False,1,10.626099279769884,2244,,,
MARCKSL1,True,False,False,1,10.63606090354512,2231,,,
MARCO,True,False,False,1,10.58594182999255,2275,,,
MARK2,True,False,False,1,8.453867676494866,4654,,,
MARK2P8,False,True,False,1,,,487,1532,
MARK3,False,True,False,1,,,276,4494,
MARVELD1,True,False,False,1,11.329283575549992,1791,,,
MASP1,True,False,False,1,16.95231067851125,339,,,
MAST2,True,True,False,2,11.165082954779557,1894,422,2081,
MATN2,True,False,False,1,11.959266888855888,1433,,,
MAU2,False,True,False,1,,,515,1341,
MAZ,True,False,False,1,14.779230541179114,637,,,
MB,True,False,False,1,38.29776281537418,14,,,
MBD1,False,True,False,1,,,956,340,
MBD3,False,True,False,1,,,321,3446,
MBD6,True,False,False,1,12.10593989784167,1368,,,
MBL2,False,True,False,1,,,343,3061,
MBNL3,True,False,False,1,8.908249581635623,3993,,,
MBOAT7,True,False,False,1,12.813971998858124,1101,,,
MBP,True,False,False,1,10.169131175804855,2593,,,
MBTPS1,False,True,False,1,,,463,1695,
MCAM,True,False,False,1,14.669373615571718,657,,,
MCCC1,False,True,False,1,,,368,2685,
MCCC1-AS1,False,True,False,1,,,443,1882,
MCCC2,False,True,False,1,,,330,3267,
MCF2L,True,True,False,2,13.422355615959836,935,415,2150,
MCM2,True,False,False,1,13.017527798119175,1055,,,
MCM3AP,True,True,False,2,8.410458753166068,4716,530,1250,
MCM5,True,False,False,1,8.406732739999155,4719,,,
MCM9,False,True,False,1,,,288,4177,
MCRIP2,True,False,False,1,8.393553867049816,4736,,,
MCTP1,True,False,False,1,9.429372881578429,3323,,,
MCTP2,True,False,False,1,8.303926535091026,4897,,,
MDFI,True,False,False,1,13.272454635203356,977,,,
MDGA1,True,False,False,1,8.377851336416256,4762,,,
MDH1,True,False,False,1,8.51434123031247,4552,,,
MDK,True,False,False,1,13.73650669747444,862,,,
MDN1,True,False,False,1,8.905229836865814,3998,,,
ME3,True,False,False,1,9.347824166534766,3402,,,
MECP2,False,True,False,1,,,384,2496,
MED12,False,True,False,1,,,276,4506,
MED13,False,True,False,1,,,466,1667,
MED14,False,True,False,1,,,262,4908,
MED15,True,True,False,2,8.61112325346622,4396,381,2523,
MED15P7,False,True,False,1,,,878,415,
MED16,True,False,False,1,9.199494851106676,3587,,,
MED22,False,True,False,1,,,300,3898,
MED23,False,True,False,1,,,399,2317,
MED24,True,True,False,2,11.217896078871377,1863,658,779,
MED25,True,True,False,2,8.586354302329974,4432,354,2891,
MEDAG,True,False,False,1,14.57133086453885,679,,,
MEF2D,True,False,False,1,8.636064291472824,4356,,,
MEFV,False,True,False,1,,,329,3290,
MEG3,True,False,False,1,20.368686554634717,171,,,
MEG9,True,False,False,1,8.602893896003165,4404,,,
MEGF10,True,False,False,1,8.286783606347074,4917,,,
MEGF11,False,True,False,1,,,295,4019,
MEGF6,True,False,False,1,11.205925456851466,1869,,,
MEGF8,True,True,False,2,10.669519394897128,2209,335,3174,
MEIS3,True,True,False,2,10.29513058261502,2479,295,4010,
MELK,True,False,False,1,10.223437137100994,2543,,,
MEN1,True,True,False,2,8.905258523468575,3997,290,4132,
MEOX1,True,False,False,1,10.057185653378475,2686,,,
MEOX2,True,False,False,1,11.015459756116783,1976,,,
MEPCE,True,False,False,1,8.852934383886797,4060,,,
MERTK,True,False,False,1,9.469295230102796,3281,,,
MEST,True,False,False,1,10.385033698496436,2416,,,
MET,True,False,False,1,11.223138826233727,1859,,,
METTL14,False,True,False,1,,,398,2327,
METTL14-DT,False,True,False,1,,,599,955,
METTL21AP1,False,True,False,1,,,806,494,
METTL25B,False,True,False,1,,,276,4499,
METTL3,False,True,False,1,,,415,2155,
METTL6,False,True,False,1,,,316,3537,
METTL9,True,False,False,1,13.298761319178832,966,,,
MEX3A,True,False,False,1,11.91560854511742,1455,,,
MEX3D,True,False,False,1,9.047622301070705,3787,,,
MFAP2,True,False,False,1,13.642736780461286,884,,,
MFAP3,False,True,False,1,,,427,2033,
MFAP3L,True,False,False,1,8.476968462668982,4619,,,
MFAP4,True,False,False,1,19.024895964897485,223,,,
MFAP5,True,False,False,1,18.08886783252906,259,,,
MFF-DT,False,True,False,1,,,738,593,
MFGE8,True,False,False,1,14.278463185614976,732,,,
MFHAS1,True,False,False,1,8.464783228193099,4641,,,
MFN1,False,True,False,1,,,537,1227,
MFN2,True,False,False,1,8.41383336664172,4709,,,
MFNG,True,False,False,1,17.456563926830903,302,,,
MFSD10,True,False,False,1,9.889220819678933,2826,,,
MFSD12,True,False,False,1,8.9995650963823,3856,,,
MFSD14C,False,True,False,1,,,353,2918,
MFSD3,True,False,False,1,8.421797214519499,4693,,,
MFSD4B,False,True,False,1,,,455,1771,
MFSD8,False,True,False,1,,,426,2047,
MGA,False,True,False,1,,,384,2497,
MGAM,True,False,False,1,9.01968467985647,3831,,,
MGARP,True,False,False,1,9.631083362940329,3101,,,
MGAT1,True,True,False,2,8.299138803187452,4902,336,3162,
MGAT2,True,False,False,1,15.015819611217236,592,,,
MGAT3,True,False,False,1,12.506954239977658,1207,,,
MGAT4A,True,False,False,1,12.782455711450712,1111,,,
MGAT4B,True,False,False,1,11.563654298381072,1635,,,
MGAT4C,True,False,False,1,13.480277353668832,921,,,
MGAT4D,False,True,False,1,,,564,1104,
MGAT5,True,False,False,1,9.395288677337437,3353,,,
MGLL,True,False,False,1,10.059054948041467,2684,,,
MGP,True,False,False,1,18.222044812287567,252,,,
MGRN1,True,True,False,2,9.194015906113012,3593,428,2022,
MIATNB,False,True,False,1,,,265,4827,
MIB2,True,False,False,1,10.08872958386286,2646,,,
MICA,True,False,False,1,8.383013820606312,4750,,,
MICAL1,True,False,False,1,11.02355105652593,1973,,,
MICAL2,True,False,False,1,9.381085298324942,3370,,,
MICAL3,True,True,False,2,9.781957375284106,2943,300,3893,
MICALL1,True,True,False,2,8.586665120752482,4431,262,4894,
MICALL2,True,False,False,1,8.941161891361883,3945,,,
MICB,True,False,False,1,9.099931026249015,3723,,,
MIDN,True,False,False,1,9.055281097021576,3777,,,
MIEF1,False,True,False,1,,,369,2676,
MIER2,True,True,False,2,8.586906808694458,4429,287,4209,
MIER3,False,True,False,1,,,288,4181,
MIF,True,False,False,1,9.888456066206077,2828,,,
MINK1,True,False,False,1,11.84464160286856,1490,,,
MIOS-DT,False,True,False,1,,,294,4053,
MIR1-1HG,True,False,False,1,11.293817982009902,1813,,,
MIR124-1HG,False,True,False,1,,,508,1405,
MIR124-2HG,False,True,False,1,,,768,548,
MIR1255B2,False,True,False,1,,,1599,70,
MIR1285-1,False,True,False,1,,,272,4616,
MIR1296,False,True,False,1,,,1148,213,
MIR1299,False,True,False,1,,,389,2438,
MIR133A1HG,True,False,False,1,14.247111888261722,740,,,
MIR137HG,True,False,False,1,8.622192138619095,4378,,,
MIR142HG,False,True,False,1,,,346,3026,
MIR1537,False,True,False,1,,,303,3816,
MIR186,False,True,False,1,,,284,4291,
MIR223HG,True,True,False,2,11.33748473382234,1773,566,1095,
MIR2278,False,True,False,1,,,480,1594,
MIR22HG,True,False,False,1,11.995455667466349,1414,,,
MIR2355,False,True,False,1,,,441,1905,
MIR29B2CHG,True,True,False,2,10.129645451275854,2621,266,4790,
MIR30DHG,True,True,False,2,8.803414891199584,4114,333,3224,
MIR3135A,False,True,False,1,,,418,2135,
MIR3139,False,True,False,1,,,771,539,
MIR3140,False,True,False,1,,,660,776,
MIR3648-1,True,False,False,1,14.556001461971148,685,,,
MIR3648-2,True,False,False,1,14.556001461971148,686,,,
MIR3936HG,False,True,False,1,,,873,423,
MIR4265,False,True,False,1,,,378,2567,
MIR4280HG,False,True,False,1,,,1016,288,
MIR4319,False,True,False,1,,,299,3928,
MIR4441,False,True,False,1,,,270,4679,
MIR4502,False,True,False,1,,,351,2947,
MIR4516,False,True,False,1,,,267,4757,
MIR4644,False,True,False,1,,,381,2533,
MIR4714,False,True,False,1,,,379,2556,
MIR4729,False,True,False,1,,,638,829,
MIR5190,False,True,False,1,,,386,2472,
MIR5194,False,True,False,1,,,367,2707,
MIR548A1,False,True,False,1,,,354,2896,
MIR548AA1,False,True,False,1,,,1198,185,
MIR548AA2,False,True,False,1,,,890,399,
MIR548AJ2,False,True,False,1,,,1453,98,
MIR548AZ,False,True,False,1,,,423,2080,
MIR548C,False,True,False,1,,,970,329,
MIR548D1,False,True,False,1,,,1209,179,
MIR548D2,False,True,False,1,,,889,400,
MIR548F1,False,True,False,1,,,940,354,
MIR548F2,False,True,False,1,,,661,773,
MIR548H4,False,True,False,1,,,990,311,
MIR548I1,False,True,False,1,,,270,4676,
MIR548X2,False,True,False,1,,,683,720,
MIR548Z,False,True,False,1,,,967,331,
MIR5687,False,True,False,1,,,697,683,
MIR570,False,True,False,1,,,403,2276,
MIR5706,False,True,False,1,,,833,462,
MIR573,False,True,False,1,,,347,3001,
MIR576,False,True,False,1,,,297,3969,
MIR590,False,True,False,1,,,358,2829,
MIR600HG,True,True,False,2,9.759973137693832,2971,454,1785,
MIR604,False,True,False,1,,,381,2529,
MIR6081,False,True,False,1,,,580,1027,
MIR644A,False,True,False,1,,,279,4425,
MIR663A,True,False,False,1,12.650213041476746,1157,,,
MIR663AHG,True,False,False,1,22.50944027920595,117,,,
MIR663B,True,False,False,1,11.835004244075408,1495,,,
MIR7515HG,False,True,False,1,,,691,702,
MIR8075,False,True,False,1,,,424,2072,
MIR8086,False,True,False,1,,,346,3028,
MIR920,False,True,False,1,,,483,1562,
MKI67,True,False,False,1,15.671998575472166,494,,,
MKLN1,False,True,False,1,,,394,2368,
MKLN1-AS,False,True,False,1,,,267,4753,
MKRN5P,False,True,False,1,,,929,363,
MLC1,True,False,False,1,9.20207260305311,3584,,,
MLH1,False,True,False,1,,,346,3014,
MLIP,True,False,False,1,22.443495942388505,119,,,
MLKL,True,True,False,2,8.448022294574189,4661,399,2318,
MLLT1,True,False,False,1,8.970572563856782,3906,,,
MLLT6,True,False,False,1,11.207884479999018,1865,,,
MLPH,True,False,False,1,9.46900025154223,3282,,,
MLXIP,True,False,False,1,11.59071162937142,1622,,,
MMD2,False,True,False,1,,,674,735,
MME,True,False,False,1,11.526670975802178,1654,,,
MMP1,True,False,False,1,28.493844348046427,44,,,
MMP10,True,False,False,1,10.76128475545183,2146,,,
MMP11,True,False,False,1,10.007544376545658,2728,,,
MMP14,True,False,False,1,19.827751124334185,192,,,
MMP15,True,False,False,1,18.543389156530136,238,,,
MMP16,True,False,False,1,9.293338816545017,3463,,,
MMP17,True,False,False,1,9.72338331131472,3003,,,
MMP19,True,False,False,1,8.731954048572785,4226,,,
MMP2,True,False,False,1,20.364681073255788,172,,,
MMP23A,True,False,False,1,9.043560623517312,3792,,,
MMP23B,True,False,False,1,9.711778547878534,3011,,,
MMP9,True,False,False,1,10.255358155614465,2517,,,
MMRN1,True,False,False,1,23.681985155507455,91,,,
MMRN2,True,True,False,2,14.806796103819014,633,285,4261,
MMS19,False,True,False,1,,,556,1144,
MN1,True,False,False,1,9.3771966023366,3374,,,
MNDA,True,True,False,2,15.188329433950932,569,584,1005,
MOAP1,True,False,False,1,11.96001753634874,1432,,,
MOGAT2,False,True,False,1,,,376,2584,
MOGS,True,True,False,2,10.022911901046143,2715,577,1040,
MON2,False,True,False,1,,,604,932,
MORN1,False,True,False,1,,,391,2406,
MOXD1,True,False,False,1,10.227585864372625,2540,,,
MPDU1,True,True,False,2,9.353979615724644,3396,265,4807,
MPDZ,True,False,False,1,10.196939378154878,2565,,,
MPEG1,True,True,False,2,16.985459306736548,333,555,1153,
MPG,True,False,False,1,9.08925516101034,3741,,,
MPP2,True,False,False,1,9.726289757972909,2999,,,
MPP3,True,False,False,1,8.369853265960018,4781,,,
MPP7,True,False,False,1,8.763395449604959,4181,,,
MPPED2,True,True,False,2,13.11004616908862,1022,358,2823,
MPZL2,True,True,False,2,13.15450988288812,1007,265,4812,
MR1,False,True,False,1,,,314,3579,
MRAS,True,False,False,1,9.842001064056811,2875,,,
MRC1,True,False,False,1,16.001777065056586,442,,,
MRC2,True,False,False,1,14.419617512638222,705,,,
MRGPRF,True,False,False,1,11.605489463577928,1613,,,
MRM1,True,False,False,1,8.741007235827494,4211,,,
MROH1,True,False,False,1,9.042872565766116,3794,,,
MROH5,False,True,False,1,,,410,2206,
MROH7,True,True,False,2,12.104690737775368,1370,724,613,
MROH7-TTC4,True,True,False,2,14.542423819852312,688,385,2485,
MRPL12,True,False,False,1,9.603636509644602,3134,,,
MRPL38,True,False,False,1,8.965729900382625,3913,,,
MRPL45,True,False,False,1,12.644071659888017,1159,,,
MRPS17P1,False,True,False,1,,,589,988,
MRPS18B,True,False,False,1,10.971730335097115,2010,,,
MRPS22,False,True,False,1,,,286,4237,
MRPS6P2,False,True,False,1,,,700,674,
MRRF,False,True,False,1,,,272,4605,
MRTFA,True,True,False,2,9.233093851254496,3540,288,4188,
MRTFA-AS1,False,True,False,1,,,570,1072,
MS4A1,False,True,False,1,,,459,1730,
MS4A14,False,True,False,1,,,477,1607,
MS4A4A,True,True,False,2,9.27742894664621,3487,343,3056,
MS4A6A,True,True,False,2,14.986793739547425,598,340,3100,
MS4A7,True,True,False,2,13.56692028588724,900,375,2596,
MSANTD1,False,True,False,1,,,265,4818,
MSANTD2-AS1,False,True,False,1,,,878,416,
MSC,True,False,False,1,14.365137202116475,716,,,
MSC-AS1,True,False,False,1,10.51685405532235,2322,,,
MSH6,False,True,False,1,,,271,4642,
MSI1,True,False,False,1,10.177308829714775,2584,,,
MSN,True,False,False,1,8.393855872800964,4734,,,
MSR1,True,False,False,1,8.504476383401268,4566,,,
MST1,True,True,False,2,8.334493897115157,4850,364,2737,
MT-ATP6,True,False,False,1,9.632517614793372,3096,,,
MT-ATP8,True,False,False,1,15.735804689675966,485,,,
MT-CO1,True,False,False,1,8.387845799032261,4744,,,
MT-CO2,True,False,False,1,8.514427010248246,4551,,,
MT-ND1,True,False,False,1,9.422279763624005,3332,,,
MT-ND2,True,False,False,1,8.842987795788021,4073,,,
MT-ND3,True,False,False,1,9.24731197467663,3520,,,
MT-ND4,True,False,False,1,9.491083201490124,3262,,,
MT-ND4L,True,False,False,1,9.27764833399129,3486,,,
MT-ND5,True,False,False,1,9.15381150992467,3652,,,
MT-ND6,True,False,False,1,9.982325963841804,2754,,,
MT-RNR1,True,False,False,1,10.000688210228695,2738,,,
MT-RNR2,True,False,False,1,10.194939494424617,2566,,,
MT-TA,True,False,False,1,15.61371706990033,501,,,
MT-TC,True,False,False,1,20.27849220535513,173,,,
MT-TE,True,False,False,1,12.652236544783785,1156,,,
MT-TL1,True,False,False,1,9.347394451335148,3404,,,
MT-TL2,True,False,False,1,8.318555327075167,4872,,,
MT-TN,True,False,False,1,19.534513182817783,205,,,
MT-TP,True,False,False,1,24.517517029438057,79,,,
MT-TS1,True,False,False,1,15.086785569502416,583,,,
MT-TY,True,False,False,1,15.784374718114512,474,,,
MT1E,True,False,False,1,10.338585233779854,2450,,,
MT1L,True,False,False,1,10.873020814626296,2077,,,
MT1X,True,False,False,1,8.788397603963062,4137,,,
MT2A,True,False,False,1,16.605444677449004,369,,,
MTA1,True,False,False,1,9.699862530535787,3030,,,
MTA2,True,False,False,1,8.65555874508607,4328,,,
MTAP,False,True,False,1,,,285,4254,
MTATP6P1,True,False,False,1,10.694842922545453,2182,,,
MTCH1P2,False,True,False,1,,,405,2255,
MTCL1,True,False,False,1,9.862523997066145,2855,,,
MTCO2P33,False,True,False,1,,,289,4158,
MTCYBP11,False,True,False,1,,,303,3817,
MTERF2,False,True,False,1,,,353,2910,
MTG2,False,True,False,1,,,304,3782,
MTHFD1L,True,False,False,1,8.423204665057016,4691,,,
MTM1,False,True,False,1,,,283,4308,
MTMR10,True,False,False,1,8.56584117217965,4475,,,
MTMR14,False,True,False,1,,,319,3482,
MTMR4,False,True,False,1,,,342,3069,
MTMR9,True,False,False,1,9.8920301651215,2824,,,
MTND1P23,True,False,False,1,12.228821099241562,1316,,,
MTND2P28,True,False,False,1,10.334335915509126,2456,,,
MTND4P12,True,False,False,1,11.509830229406514,1665,,,
MTND4P20,False,True,False,1,,,340,3109,
MTND4P22,False,True,False,1,,,305,3770,
MTND5P24,False,True,False,1,,,305,3769,
MTNR1A,False,True,False,1,,,576,1043,
MTOR,False,True,False,1,,,555,1154,
MTREX,False,True,False,1,,,597,957,
MTSS2,True,False,False,1,14.40708593129028,709,,,
MTTP,True,False,False,1,8.732181371571032,4222,,,
MTUS1,True,False,False,1,13.273787861741264,975,,,
MTUS2,True,True,False,2,21.316794789211297,141,468,1660,
MTUS2-AS1,False,True,False,1,,,481,1578,
MTX3,False,True,False,1,,,281,4356,
MUC17,False,True,False,1,,,396,2348,
MUC20-OT1,False,True,False,1,,,748,572,
MUC3A,True,False,False,1,10.026507282439487,2711,,,
MUC6,True,False,False,1,8.522482660325743,4541,,,
MUSTN1,True,False,False,1,10.111576857950428,2634,,,
MVB12B,True,False,False,1,8.362038754974714,4795,,,
MVD,True,False,False,1,8.914485536795366,3981,,,
MVP,True,False,False,1,10.28720327359649,2484,,,
MX1,True,False,False,1,9.387326890536372,3360,,,
MXRA5,True,False,False,1,18.143940858467403,257,,,
MXRA7,True,False,False,1,8.698280899091268,4264,,,
MXRA8,True,False,False,1,14.453682888076814,701,,,
MYADML2,True,False,False,1,8.89106137010449,4016,,,
MYBBP1A,True,True,False,2,9.262197186631498,3503,370,2662,
MYBL2,True,False,False,1,15.458920925661053,526,,,
MYBPC3,True,True,True,3,45.74625520077446,5,317,3516,both
MYC,True,False,False,1,9.564909105239964,3180,,,
MYCN,True,False,False,1,11.44143501585147,1712,,,
MYCT1,True,False,False,1,14.74757191942322,641,,,
MYD88,True,False,False,1,9.18445347065912,3604,,,
MYDGF,True,False,False,1,10.765276300268264,2145,,,
MYG1,True,False,False,1,10.26360102901202,2510,,,
MYG1P1,False,True,False,1,,,522,1306,
MYH11,True,False,False,1,14.153418835311268,764,,,
MYH14,True,True,False,2,15.496709334534756,519,263,4869,
MYH6,True,False,True,2,45.475592149766854,6,,,both
MYH7,True,True,True,3,64.78298384062096,1,304,3781,both
MYH7B,True,True,False,2,16.630652184815663,364,702,670,
MYH9,True,False,False,1,9.675081057650187,3061,,,
MYL2,True,False,True,2,51.50331375644283,3,,,both
MYL3,True,True,True,3,33.06589725269111,25,395,2361,both
MYL4,True,False,False,1,32.219856477689284,28,,,
MYL7,True,False,False,1,49.31359547096029,4,,,
MYL9,True,False,False,1,13.262620406019238,984,,,
MYLK3,True,True,False,2,18.012491640139544,266,514,1354,
MYO15B,True,True,False,2,13.055077052031878,1040,273,4592,
MYO18A,True,True,False,2,9.568650865981052,3174,310,3659,
MYO18B,True,True,False,2,28.818332138696505,39,331,3252,
MYO1B,True,False,False,1,9.328504725804244,3424,,,
MYO1C,True,False,False,1,10.50091913942696,2340,,,
MYO1D,True,False,False,1,9.123498293351448,3688,,,
MYO1F,True,True,False,2,9.04868397346202,3784,597,958,
MYO1G,True,True,False,2,9.523687953286794,3227,725,612,
MYO3A,False,True,False,1,,,356,2858,
MYO3B-AS1,False,True,False,1,,,1335,127,
MYO5C,True,False,False,1,8.611224986218241,4395,,,
MYO7A,True,False,False,1,8.699642677674511,4263,,,
MYO7B,True,False,False,1,9.786658905309404,2939,,,
MYO9B,True,True,False,2,8.861379797071194,4051,262,4893,
MYOC,True,False,False,1,9.99981767507058,2740,,,
MYOCD,True,False,False,1,23.15591928588603,103,,,
MYOF,True,False,False,1,10.72289500886728,2167,,,
MYOM1,True,True,False,2,25.253140156094556,70,493,1489,
MYOM2,True,False,False,1,22.12832967554291,121,,,
MYOM3,True,True,False,2,14.363865832962366,717,293,4068,
MYOT,True,False,False,1,9.4045082072715,3348,,,
MYOZ1,True,False,False,1,10.15097817114534,2607,,,
MYOZ2,True,False,False,1,25.611081747132264,66,,,
MYPN,True,False,False,1,16.203028366691576,412,,,
MYRF,True,False,False,1,14.631481047122596,665,,,
MYRIP,True,False,False,1,10.75474810838744,2150,,,
MYSM1,False,True,False,1,,,392,2398,
MYT1L,False,True,False,1,,,1066,250,
MYZAP,True,False,False,1,23.746875296557352,88,,,
MZF1,False,True,False,1,,,559,1126,
N4BP2L2-IT2,False,True,False,1,,,443,1886,
N4BP3,True,False,False,1,8.756285155413037,4195,,,
NAA15,False,True,False,1,,,315,3560,
NAA20,False,True,False,1,,,364,2736,
NAA25,False,True,False,1,,,418,2131,
NAA40,False,True,False,1,,,261,4924,
NAA50,False,True,False,1,,,350,2950,
NAB2,True,False,False,1,8.608982791247012,4397,,,
NACA2,False,True,False,1,,,365,2728,
NACA3P,False,True,False,1,,,316,3530,
NACAD,True,False,False,1,9.09356860019946,3733,,,
NACC1,True,True,False,2,14.70566455584065,650,324,3396,
NACC2,True,False,False,1,9.07813369975229,3754,,,
NADK,True,True,False,2,8.832965277821563,4079,322,3422,
NAE1,False,True,False,1,,,285,4258,
NAGLU,True,False,False,1,9.167829624082934,3628,,,
NAIP,True,False,False,1,9.63721546318788,3094,,,
NALF2,True,False,False,1,11.936983129018437,1441,,,
NAMPTP1,True,False,False,1,10.086515684195838,2650,,,
NANOGP5,False,True,False,1,,,517,1330,
NANOS2,False,True,False,1,,,303,3812,
NAP1L1P1,False,True,False,1,,,355,2883,
NAP1L3,True,False,False,1,10.889981600918835,2070,,,
NAPA,True,False,False,1,9.094595000988871,3732,,,
NAPRT,True,False,False,1,8.893617082168813,4014,,,
NARS1,False,True,False,1,,,283,4305,
NAT14,True,False,False,1,8.624779939364442,4373,,,
NAT8L,True,False,False,1,10.027959421096508,2709,,,
NAT9,False,True,False,1,,,361,2775,
NAV1,True,False,False,1,9.2581828955114,3506,,,
NAV2,True,False,False,1,9.176414845730877,3613,,,
NAV2-AS2,True,False,False,1,13.868206431923175,832,,,
NBEAL2,True,False,False,1,13.526358432202269,905,,,
NBL1,True,False,False,1,13.389041698368288,944,,,
NBPF13P,False,True,False,1,,,328,3329,
NBPF26,True,False,False,1,9.63308990087989,3095,,,
NBR1,False,True,False,1,,,462,1704,
NCAM1,True,False,False,1,22.532695012214912,116,,,
NCAM1-AS1,True,True,False,2,11.002529828909523,1988,472,1641,
NCAM2,True,False,False,1,8.797026688700132,4123,,,
NCAN,False,True,False,1,,,385,2479,
NCAPG,True,False,False,1,10.768315680754444,2142,,,
NCBP1,False,True,False,1,,,915,379,
NCBP2,False,True,False,1,,,496,1470,
NCBP3,False,True,False,1,,,616,892,
NCDN,True,False,False,1,11.600678380923798,1615,,,
NCEH1,True,False,False,1,9.23991657483728,3533,,,
NCF1,True,True,False,2,9.20966512933735,3578,493,1490,
NCF1B,False,True,False,1,,,572,1061,
NCF1C,True,True,False,2,9.20162368361206,3585,530,1251,
NCF2,True,False,False,1,11.11151920250568,1926,,,
NCF4,True,True,False,2,11.389508505347012,1746,439,1915,
NCKAP1L,True,True,False,2,10.350443228754424,2438,525,1282,
NCKAP5L,True,True,False,2,10.493086539951662,2345,507,1410,
NCKIPSD,True,False,False,1,8.965073883955423,3915,,,
NCLN,True,True,False,2,10.58473598395345,2276,465,1679,
NCOR2,True,False,False,1,8.944683502652017,3938,,,
NCR3,False,True,False,1,,,293,4072,
NCS1,True,False,False,1,12.256594082011786,1308,,,
NDN,True,False,False,1,9.67646634758581,3057,,,
NDNF,True,False,False,1,9.668828552458956,3065,,,
NDOR1,True,True,False,2,10.82265742046798,2104,518,1324,
NDRG1,True,False,False,1,12.553856735026722,1188,,,
NDRG2,True,True,False,2,18.30386038427139,245,364,2735,
NDRG4,True,False,False,1,14.76666056900921,639,,,
NDST1,True,True,False,2,13.4968299107695,914,266,4768,
NDST2,True,False,False,1,11.478538297372394,1684,,,
NDUFA3P2,False,True,False,1,,,965,334,
NDUFA4L2,True,False,False,1,14.163935520814269,760,,,
NDUFA6,True,False,False,1,10.648461807882844,2222,,,
NDUFA6-DT,False,True,False,1,,,352,2930,
NDUFAF4P4,False,True,False,1,,,586,998,
NDUFAF5,False,True,False,1,,,273,4572,
NDUFS1,False,True,False,1,,,270,4665,
NDUFS5P1,False,True,False,1,,,293,4074,
NEB,True,False,False,1,8.308277103097092,4888,,,
NEBL,True,False,False,1,28.646550370860272,43,,,
NECAB3,True,True,False,2,10.19465145502836,2567,391,2407,
NECAP2,False,True,False,1,,,263,4878,
NECTIN1,True,False,False,1,11.562577872707788,1638,,,
NECTIN2,True,False,False,1,11.757937152218265,1526,,,
NEDD8,False,True,False,1,,,262,4901,
NEFHP1,False,True,False,1,,,568,1085,
NEFL,True,False,False,1,9.524546527380426,3226,,,
NEFM,True,False,False,1,8.541485179828795,4509,,,
NEK7,True,False,False,1,8.570422472336338,4463,,,
NELFB,True,True,False,2,9.86714734074646,2848,428,2030,
NELL2,True,False,False,1,9.83440852713935,2887,,,
NEO1,True,False,False,1,12.105293177465295,1369,,,
NEPRO,False,True,False,1,,,565,1096,
NES,True,False,False,1,17.650471362983573,286,,,
NEU1,True,False,False,1,8.504907091251289,4565,,,
NEU3,False,True,False,1,,,361,2778,
NEURL1B,True,False,False,1,14.000195700078924,796,,,
NEURL4,True,True,False,2,10.635259892153767,2233,801,499,
NEXMIF,False,True,False,1,,,328,3306,
NEXN,True,False,False,1,8.469778951840697,4634,,,
NF1,False,True,False,1,,,379,2551,
NFAM1,True,True,False,2,9.974236978467191,2763,432,1985,
NFASC,True,False,False,1,13.444756747575637,928,,,
NFATC2,True,False,False,1,9.121414102598202,3691,,,
NFATC4,True,False,False,1,9.466473718787968,3284,,,
NFE2,True,False,False,1,8.63729038987144,4355,,,
NFE2L1,True,False,False,1,9.740018756729675,2990,,,
NFE2L3,True,False,False,1,9.160463925390932,3642,,,
NFIA-AS1,False,True,False,1,,,593,972,
NFIA-AS2,False,True,False,1,,,654,788,
NFIB,True,False,False,1,8.47363138373559,4627,,,
NFIX,True,False,False,1,13.928001960908476,818,,,
NFKB2,True,False,False,1,10.833877232655832,2099,,,
NFX1,False,True,False,1,,,266,4770,
NGB,False,True,False,1,,,443,1878,
NGF,True,False,False,1,8.81658595212512,4096,,,
NGFR,True,False,False,1,11.68075836063684,1570,,,
NHSL1,True,False,False,1,8.734060666428988,4221,,,
NIBAN1,True,False,False,1,10.538505487626065,2304,,,
NIBAN2,True,True,False,2,15.75882104399381,478,284,4278,
NID1,True,False,False,1,9.775335461797749,2954,,,
NID2,True,False,False,1,15.054102320671737,586,,,
NINL,True,False,False,1,8.889209613551422,4020,,,
NIP7P3,False,True,False,1,,,1739,52,
NIPBL-DT,False,True,False,1,,,298,3948,
NISCH,True,True,False,2,9.615952188316143,3123,793,508,
NKAIN3,False,True,False,1,,,1404,109,
NKG7,True,True,False,2,8.741694832165273,4209,340,3099,
NKX1-2,False,True,False,1,,,323,3411,
NKX2-1-AS1,False,True,False,1,,,329,3300,
NKX2-5,True,False,False,1,24.510108220265565,80,,,
NKX2-6,True,False,False,1,8.3832276593516,4748,,,
NLGN1,True,False,False,1,9.680984728171843,3054,,,
NLGN2,True,False,False,1,10.741608981973744,2157,,,
NLGN3,False,True,False,1,,,477,1609,
NLGN4X,True,False,False,1,11.398913079962536,1740,,,
NLGN4Y,True,False,False,1,11.479857230211422,1683,,,
NLRC5,True,True,False,2,10.78578999051546,2129,268,4714,
NLRP4,False,True,False,1,,,468,1661,
NLRP5,False,True,False,1,,,376,2585,
NLRX1,True,False,False,1,8.923753353077696,3966,,,
NME1-NME2,True,False,False,1,10.231530305959478,2534,,,
NMRK2,True,False,False,1,21.61751065252566,130,,,
NMT1,False,True,False,1,,,393,2385,
NNAT,True,False,False,1,8.712525325340247,4243,,,
NNMT,True,False,False,1,16.19655857762265,416,,,
NOC2L,False,True,False,1,,,301,3861,
NOD1,True,False,False,1,8.48234035313715,4603,,,
NOL10,False,True,False,1,,,343,3058,
NOL11,False,True,False,1,,,277,4472,
NOL6,False,True,False,1,,,491,1504,
NOL8,False,True,False,1,,,287,4222,
NOMO1,True,False,False,1,17.99746351367283,268,,,
NOMO2,True,False,False,1,9.625821603521036,3113,,,
NOMO3,True,False,False,1,13.620536911228257,887,,,
NOP9,True,False,False,1,8.79396554733874,4130,,,
NOS1,False,False,True,1,,,,,both
NOS3,True,True,False,2,10.660155440923226,2216,288,4184,
NOTCH1,True,False,False,1,12.12705695478987,1356,,,
NOTCH2NLB,True,False,False,1,8.784831117209697,4143,,,
NOTCH3,True,False,False,1,13.20541061132545,997,,,
NOTCH4,True,False,False,1,9.39557949528867,3352,,,
NOVA2,True,False,False,1,10.892279291920024,2066,,,
NOXA1,True,False,False,1,8.537917493484844,4516,,,
NPAP1,False,True,False,1,,,503,1438,
NPAS2,True,False,False,1,10.833554030486685,2100,,,
NPDC1,True,False,False,1,10.451106870381034,2373,,,
NPEPPS,False,True,False,1,,,284,4279,
NPFFR1,False,True,False,1,,,948,349,
NPHP3-ACAD11,True,False,False,1,9.33206639094955,3417,,,
NPIPA1,True,False,False,1,9.675340769396614,3059,,,
NPIPB12,True,False,False,1,10.210977865840192,2553,,,
NPIPB13,False,True,False,1,,,621,874,
NPIPB3,True,False,False,1,8.35189229427499,4818,,,
NPIPB4,False,True,False,1,,,311,3646,
NPIPB5,True,True,False,2,8.593526827305261,4421,419,2124,
NPIPB7,False,True,False,1,,,488,1525,
NPLOC4,False,True,False,1,,,777,529,
NPNT,True,True,False,2,24.487456721428337,82,287,4218,
NPPA,True,False,False,1,37.26703720400774,15,,,
NPPB,True,False,False,1,28.690129884857424,42,,,
NPR1,True,False,False,1,13.319267835153209,961,,,
NPR2,True,False,False,1,10.048229320052878,2692,,,
NPR3,True,False,False,1,13.041152371584134,1048,,,
NPTX1,True,False,False,1,9.72521853762956,3001,,,
NPTX2,True,False,False,1,8.770138008744734,4173,,,
NPTXR,True,True,False,2,11.941403508691254,1438,273,4586,
NPY1R,True,False,False,1,9.64112651984686,3091,,,
NPY6R,True,True,False,2,21.010540039604106,144,401,2294,
NQO1,True,False,False,1,10.76085978924901,2147,,,
NR2C2,True,False,False,1,9.311325293937326,3441,,,
NR2F1,True,False,False,1,12.029650222812627,1402,,,
NR2F2,True,False,False,1,11.614709954450666,1608,,,
NR2F6,True,False,False,1,10.5394255317947,2303,,,
NR3C2,True,False,False,1,9.229154915141388,3545,,,
NR4A1,True,False,False,1,12.040134411717323,1397,,,
NR4A3,True,False,False,1,9.363605072243304,3384,,,
NR5A2,True,False,False,1,9.355761458732738,3394,,,
NRAP,True,False,False,1,33.43520640550206,23,,,
NRARP,True,False,False,1,9.497429888096628,3255,,,
NRBP1,False,True,False,1,,,327,3335,
NRBP2,True,False,False,1,8.615231672495243,4388,,,
NRCAM,True,False,False,1,14.631974137090198,663,,,
NREP,True,False,False,1,10.799768229228524,2122,,,
NRG1-IT1,False,True,False,1,,,650,795,
NRG3-AS1,False,True,False,1,,,315,3566,
NRGN,True,False,False,1,12.714812874949494,1138,,,
NRIP3-DT,False,True,False,1,,,404,2266,
NRK,True,False,False,1,10.41663319372038,2397,,,
NRN1,True,False,False,1,12.529221719561496,1202,,,
NRP1,True,False,False,1,8.490432889164328,4589,,,
NRP2,True,False,False,1,9.977325517002017,2759,,,
NRSN1,False,True,False,1,,,406,2239,
NRSN2,True,False,False,1,11.592158973221771,1619,,,
NRTN,True,False,False,1,11.309580002941148,1801,,,
NRXN1,True,False,False,1,11.89224545405909,1473,,,
NSD1,False,True,False,1,,,299,3913,
NSF,True,False,False,1,11.946470768913844,1436,,,
NSFP1,True,False,False,1,10.839776931233288,2097,,,
NSMAF,False,True,False,1,,,280,4375,
NSMCE2,False,True,False,1,,,362,2761,
NSMF,True,False,False,1,10.77712953645067,2133,,,
NSUN5P1,False,True,False,1,,,430,2002,
NT5C1A,True,True,False,2,9.956060463288042,2780,331,3248,
NT5DC2,True,False,False,1,11.2984323377811,1809,,,
NT5E,True,True,False,2,16.9197004762774,340,352,2926,
NTM,True,False,False,1,9.18680000310918,3602,,,
NTN1,True,False,False,1,13.05475099930786,1042,,,
NTN4,True,False,False,1,12.717190682233886,1136,,,
NTRK2,True,False,False,1,10.492162090820942,2347,,,
NTRK3,True,False,False,1,8.77899551377417,4155,,,
NTRK3-AS1,False,True,False,1,,,615,894,
NTSR2,False,True,False,1,,,357,2847,
NUAK1,True,False,False,1,8.618149685200233,4382,,,
NUCB1,True,True,False,2,8.48401476751869,4597,315,3556,
NUDT16-DT,False,True,False,1,,,1004,301,
NUDT4P2,True,False,False,1,11.418579632448536,1727,,,
NUF2,True,False,False,1,8.82585815228658,4084,,,
NUFIP2,False,True,False,1,,,427,2036,
NUMA1,True,False,False,1,9.272905457142269,3494,,,
NUP133,False,True,False,1,,,510,1382,
NUP153,False,True,False,1,,,425,2057,
NUP155,False,True,False,1,,,274,4551,
NUP188,True,True,False,2,8.997010663294677,3860,317,3511,
NUP205,False,True,False,1,,,298,3934,
NUP210,True,False,False,1,11.454077831547616,1698,,,
NUP42,False,True,False,1,,,300,3878,
NUP58,False,True,False,1,,,381,2527,
NUP62,False,True,False,1,,,406,2242,
NUP88,False,True,False,1,,,311,3641,
NUP93-DT,False,True,False,1,,,508,1406,
NUP98,False,True,False,1,,,339,3117,
NUS1,False,True,False,1,,,339,3118,
NUSAP1,True,False,False,1,9.083032669276596,3750,,,
NUTM2E,False,True,False,1,,,318,3500,
NUTM2G,False,True,False,1,,,392,2401,
NWD1,False,True,False,1,,,315,3565,
NXN,True,False,False,1,10.90815133483722,2050,,,
NXNL2,False,True,False,1,,,297,3957,
NXPH1,False,True,False,1,,,296,3989,
NXPH2,True,True,False,2,11.591264728629255,1621,265,4809,
NXPH3,True,False,False,1,8.542391835358687,4507,,,
NXPH4,True,False,False,1,8.323448897435158,4867,,,
NYNRIN,True,False,False,1,11.513967216589457,1659,,,
OAF,True,False,False,1,9.552529808196082,3190,,,
OAS2,True,False,False,1,10.14277240137047,2612,,,
OAS3,True,False,False,1,8.478646092172829,4617,,,
OBSCN,True,True,False,2,17.930033593395844,272,415,2154,
OBSL1,True,True,False,2,11.86247055333427,1485,428,2024,
OCIAD1,False,True,False,1,,,318,3493,
OCRL,False,True,False,1,,,311,3642,
ODAD1,False,True,False,1,,,284,4275,
ODF3B,True,False,False,1,8.538309758808342,4515,,,
OFD1P17,False,True,False,1,,,307,3730,
OGA,False,True,False,1,,,301,3862,
OGDH,True,True,False,2,12.877661110699108,1087,296,3983,
OGDHL,True,False,False,1,13.91515616689685,825,,,
OGFR,True,True,False,2,10.286034969746408,2486,341,3082,
OGN,True,False,False,1,15.76238461335008,477,,,
OLA1,False,True,False,1,,,304,3788,
OLA1P3,False,True,False,1,,,357,2856,
OLFM2,True,False,False,1,9.1049741608851,3711,,,
OLFML1,True,False,False,1,9.690313958685689,3043,,,
OLFML2A,True,False,False,1,11.37951772075539,1752,,,
OLFML2B,True,False,False,1,8.657534734779533,4322,,,
OLFML3,True,False,False,1,10.978999428275444,2006,,,
OLMALINC,False,True,False,1,,,383,2510,
OMD,True,False,False,1,10.923021455884625,2043,,,
OPALIN,False,True,False,1,,,575,1050,
OPLAH,True,False,False,1,12.396584433641127,1244,,,
OPRD1,False,True,False,1,,,299,3903,
OPRM1,False,True,False,1,,,384,2489,
OR10A6,False,True,False,1,,,636,836,
OR10D3,False,True,False,1,,,292,4095,
OR10G3,False,True,False,1,,,387,2456,
OR10H1,False,True,False,1,,,503,1439,
OR10H5,False,True,False,1,,,1068,249,
OR14J1,False,True,False,1,,,619,885,
OR14L1P,False,True,False,1,,,447,1844,
OR1A1,False,True,False,1,,,614,896,
OR1D2,False,True,False,1,,,396,2351,
OR1I1,False,True,False,1,,,415,2148,
OR1M1,False,True,False,1,,,794,506,
OR2A5,False,True,False,1,,,1763,48,
OR2AT4,False,True,False,1,,,1219,172,
OR2G6,False,True,False,1,,,665,760,
OR2H2,False,True,False,1,,,281,4360,
OR2L5,False,True,False,1,,,328,3315,
OR2M3,False,True,False,1,,,735,598,
OR2M4,False,True,False,1,,,1217,173,
OR2T12,False,True,False,1,,,341,3089,
OR2T2,False,True,False,1,,,510,1385,
OR2T7,False,True,False,1,,,403,2277,
OR2V2,False,True,False,1,,,275,4535,
OR4D9,False,True,False,1,,,1528,79,
OR4K17,False,True,False,1,,,415,2156,
OR4M1,False,True,False,1,,,665,758,
OR4N2,False,True,False,1,,,563,1109,
OR4Q3,False,True,False,1,,,338,3144,
OR51A4,False,True,False,1,,,390,2422,
OR51I2,False,True,False,1,,,271,4651,
OR51R1P,False,True,False,1,,,304,3794,
OR52I2,False,True,False,1,,,400,2306,
OR52K1,False,True,False,1,,,405,2252,
OR52P2P,False,True,False,1,,,294,4041,
OR55B1P,False,True,False,1,,,346,3021,
OR56A1,False,True,False,1,,,593,971,
OR56A4,False,True,False,1,,,279,4420,
OR5A1,False,True,False,1,,,982,320,
OR5A2,False,True,False,1,,,1531,78,
OR5AN1,False,True,False,1,,,465,1681,
OR5AS1,False,True,False,1,,,901,390,
OR5AU1,False,True,False,1,,,779,527,
OR5H14,False,True,False,1,,,614,897,
OR6B1,False,True,False,1,,,1322,132,
OR6C75,False,True,False,1,,,381,2528,
OR6M2P,False,True,False,1,,,263,4889,
OR6Y1,False,True,False,1,,,1009,297,
OR7A2P,False,True,False,1,,,327,3345,
OR7C1,False,True,False,1,,,822,477,
OR7D4,False,True,False,1,,,770,540,
OR7E122P,False,True,False,1,,,370,2666,
OR7E25P,False,True,False,1,,,938,355,
OR7G2,False,True,False,1,,,715,635,
OR8A1,False,True,False,1,,,1171,201,
OR8G1,False,True,False,1,,,400,2305,
OR8J3,False,True,False,1,,,392,2399,
OR8S1,False,True,False,1,,,323,3419,
OR9M1P,False,True,False,1,,,440,1910,
ORC2,False,True,False,1,,,420,2107,
ORM1,True,False,False,1,8.417760607664325,4702,,,
OS9,True,True,False,2,8.304595826978224,4895,266,4777,
OSBP,False,True,False,1,,,452,1794,
OSBP2,True,False,False,1,9.695097363950946,3039,,,
OSBPL5,True,False,False,1,8.79995456640579,4117,,,
OSBPL7,True,False,False,1,8.607516437219038,4399,,,
OSGIN1,True,False,False,1,8.352051299310771,4815,,,
OSMR,True,True,False,2,11.97558223935018,1422,332,3229,
OSR1,True,False,False,1,12.785521104712505,1110,,,
OSR2,True,False,False,1,8.960506471981342,3918,,,
OSTM1-AS1,False,True,False,1,,,406,2244,
OTOP1,False,True,False,1,,,504,1429,
OTOP2,False,True,False,1,,,305,3763,
OTOP3,False,True,False,1,,,330,3272,
OTUD4,False,True,False,1,,,523,1294,
OTUD4P1,False,True,False,1,,,703,667,
OTUD7A,False,True,False,1,,,506,1418,
OTULIN,False,True,False,1,,,279,4414,
OVCA2,True,False,False,1,11.705661409421694,1559,,,
OVOL2,False,True,False,1,,,337,3152,
OXCT1,True,False,False,1,8.567681559419421,4468,,,
OXSR1,False,True,False,1,,,474,1625,
P2RX1,True,False,False,1,16.470357164598358,380,,,
P2RY1,True,False,False,1,9.128935694852457,3679,,,
P2RY13,True,True,False,2,10.311696377747412,2470,435,1955,
P2RY14,True,False,False,1,8.676341601486099,4301,,,
P2RY8,True,False,False,1,8.421439542176158,4695,,,
P3H1,True,True,False,2,9.030874075207429,3809,307,3716,
P3H2,True,False,False,1,8.375666654654584,4766,,,
P3H3,True,False,False,1,11.62750290244866,1596,,,
P4HA3,True,False,False,1,10.04874501264032,2691,,,
P4HB,True,True,False,2,10.05446888527589,2688,362,2765,
PABPC1L,True,False,False,1,8.501011704054255,4572,,,
PABPC1L2B,False,True,False,1,,,319,3484,
PABPC1L2B-AS1,False,True,False,1,,,273,4587,
PABPC1P11,False,True,False,1,,,307,3731,
PABPC1P8,False,True,False,1,,,559,1129,
PABPC4L,True,False,False,1,9.0150655871335,3839,,,
PACRG,False,True,False,1,,,460,1718,
PACS1,True,False,False,1,10.50982066157646,2333,,,
PACS2,True,False,False,1,8.372691045099417,4774,,,
PACSIN1,True,False,False,1,11.176290826572666,1886,,,
PACSIN3,True,False,False,1,13.755376227808371,858,,,
PADI2,True,False,False,1,10.67570107941552,2201,,,
PADI4,False,True,False,1,,,333,3216,
PAFAH1B1,False,True,False,1,,,910,382,
PAG1,True,False,False,1,9.196774009383828,3590,,,
PAH,False,True,False,1,,,315,3562,
PAIP2B,True,True,False,2,10.816702653596955,2111,568,1082,
PAK2,False,True,False,1,,,296,3995,
PAK4,True,True,False,2,8.700241630532231,4261,264,4840,
PAK6,True,True,False,2,9.25519090942772,3511,390,2418,
PALD1,True,False,False,1,10.166828252260254,2595,,,
PALLD,True,False,False,1,10.419348023244662,2393,,,
PALM,True,False,False,1,10.51989359833276,2319,,,
PALMD,True,False,False,1,11.843630537210634,1491,,,
PAM,True,False,False,1,11.22129863140161,1861,,,
PAMR1,True,False,False,1,14.404062645206572,710,,,
PAN2,True,True,False,2,10.445770470783817,2374,334,3198,
PANK4,True,False,False,1,9.647221917936603,3086,,,
PANX2,True,False,False,1,9.349142555653584,3401,,,
PAPOLA,False,True,False,1,,,424,2062,
PAPOLG,False,True,False,1,,,320,3462,
PAPPA,True,False,False,1,15.825488001398694,468,,,
PAPPA-AS1,True,False,False,1,12.222562499644315,1323,,,
PAPSS2,True,True,False,2,10.063865372271817,2677,357,2849,
PARD6G-AS1,False,True,False,1,,,375,2600,
PARK7P2,False,True,False,1,,,642,819,
PARM1,True,False,False,1,17.35097093944783,307,,,
PARM1-AS1,False,True,False,1,,,307,3733,
PARP10,True,False,False,1,11.686651226403404,1564,,,
PARP12,True,False,False,1,10.040334552850306,2697,,,
PARP4P2,False,True,False,1,,,297,3971,
PARP6,False,True,False,1,,,327,3339,
PARP8,True,False,False,1,8.761174857194812,4185,,,
PARVA,True,True,False,2,8.657462488850213,4323,294,4043,
PARVG,True,True,False,2,12.582739374722404,1176,737,595,
PATE1,False,True,False,1,,,335,3180,
PATJ,False,True,False,1,,,316,3531,
PATL1-DT,False,True,False,1,,,523,1298,
PATZ1,False,True,False,1,,,275,4524,
PAX8-AS1,True,False,False,1,9.768782545559478,2960,,,
PAXBP1-AS1,False,True,False,1,,,1043,270,
PAXIP1-AS2,False,True,False,1,,,272,4614,
PBK,True,False,False,1,11.715284909942698,1552,,,
PBRM1,False,True,False,1,,,297,3962,
PBX2,True,False,False,1,13.708874264380988,866,,,
PC,True,False,False,1,8.658688619528744,4321,,,
PCAT19,True,False,False,1,9.45033883475208,3299,,,
PCBD2,False,True,False,1,,,314,3577,
PCBP1,True,False,False,1,16.998644289692642,331,,,
PCBP4,True,False,False,1,11.93052614054326,1450,,,
PCCA-AS1,False,True,False,1,,,456,1766,
PCCB,False,True,False,1,,,305,3759,
PCDH1,True,False,False,1,14.960025211254198,604,,,
PCDH10,True,False,False,1,18.239475819905586,251,,,
PCDH12,True,True,False,2,10.036884933061495,2700,307,3715,
PCDH17,True,False,False,1,9.772213942689032,2956,,,
PCDH18,True,False,False,1,12.682609629880432,1147,,,
PCDH20,True,True,False,2,16.75505322671506,354,407,2234,
PCDH7,True,False,False,1,15.303001093889286,544,,,
PCDH8,False,True,False,1,,,353,2912,
PCDH9-AS2,False,True,False,1,,,463,1696,
PCDH9-AS3,False,True,False,1,,,453,1790,
PCDH9-AS4,False,True,False,1,,,604,934,
PCDHA11,True,False,False,1,9.122029325295,3690,,,
PCDHA12,True,False,False,1,12.44996868127885,1220,,,
PCDHA2,False,True,False,1,,,340,3107,
PCDHA4,False,True,False,1,,,446,1852,
PCDHA6,True,False,False,1,8.617208513883702,4384,,,
PCDHA8,False,True,False,1,,,330,3276,
PCDHAC1,True,True,False,2,8.284528546495913,4921,439,1918,
PCDHAC2,True,False,False,1,10.57148883002895,2283,,,
PCDHB1-AS1,True,False,False,1,8.868898562744077,4039,,,
PCDHB15,True,True,False,2,10.061511399068335,2681,282,4323,
PCDHB5,True,False,False,1,9.475376572201036,3277,,,
PCDHGA11,True,False,False,1,10.46315308835181,2366,,,
PCDHGA12,True,False,False,1,11.681812900894393,1568,,,
PCDHGA2,True,False,False,1,9.233017979276132,3541,,,
PCDHGA3,True,False,False,1,8.427857875957637,4682,,,
PCDHGA4,True,False,False,1,10.112137946219637,2633,,,
PCDHGB4,True,False,False,1,13.049537135129704,1045,,,
PCDHGB5,True,False,False,1,12.449420064969988,1221,,,
PCDHGB7,True,False,False,1,9.815760764016622,2902,,,
PCDHGC3,True,False,False,1,13.17563662917292,1003,,,
PCDHGC5,True,False,False,1,9.036761389311025,3803,,,
PCED1B-AS1,False,True,False,1,,,476,1617,
PCGF2,True,False,False,1,12.531005284169314,1201,,,
PCGF3,False,True,False,1,,,667,752,
PCK1,True,False,False,1,8.453882232184688,4653,,,
PCLO,True,False,False,1,9.667806433824236,3066,,,
PCM1,False,True,False,1,,,303,3802,
PCMTD2,True,False,False,1,9.863174670906384,2853,,,
PCNX1,False,True,False,1,,,402,2281,
PCNX3,True,True,False,2,13.07995634854621,1032,545,1195,
PCOLCE,True,False,False,1,12.24037340375006,1312,,,
PCOLCE2,True,False,False,1,12.359257751741088,1263,,,
PCSEAT,False,True,False,1,,,659,778,
PCSK4,False,True,False,1,,,347,2993,
PCSK6,True,False,False,1,8.476367884450513,4621,,,
PCSK9,True,False,False,1,9.475634648342082,3275,,,
PCYT1A,False,True,False,1,,,383,2505,
PDC-AS1,False,True,False,1,,,462,1705,
PDCD1LG2,True,False,False,1,11.663454285730964,1575,,,
PDCD2,False,True,False,1,,,309,3669,
PDCD5,False,True,False,1,,,293,4061,
PDCD6IP,False,True,False,1,,,862,432,
PDCL3P4,False,True,False,1,,,695,689,
PDE10A,True,False,False,1,8.351178050984254,4820,,,
PDE1A,True,False,False,1,11.333262041761484,1777,,,
PDE1B,True,False,False,1,8.670281567081956,4311,,,
PDE1C,True,False,False,1,14.70983575315518,648,,,
PDE2A,True,False,False,1,12.810870262030278,1106,,,
PDE3A,True,False,False,1,10.648727872153696,2221,,,
PDE3B,True,False,False,1,10.593845561535284,2265,,,
PDE4B,True,False,False,1,10.050969176259406,2689,,,
PDE4B-AS1,False,True,False,1,,,290,4138,
PDE4DIP,True,True,False,2,10.208895811223096,2558,348,2986,
PDE4DIPP2,True,True,False,2,12.33578699727719,1273,275,4542,
PDE6B,False,True,False,1,,,325,3371,
PDE6B-AS1,False,True,False,1,,,331,3260,
PDE6C,False,True,False,1,,,389,2425,
PDE7B,True,False,False,1,9.593050387409262,3153,,,
PDE9A,True,False,False,1,8.979137029689479,3891,,,
PDGFB,True,False,False,1,12.463060036762108,1217,,,
PDGFD,True,False,False,1,9.29578103182854,3461,,,
PDGFRA,True,False,False,1,14.13663811138773,766,,,
PDGFRB,True,False,False,1,16.152523694600628,424,,,
PDHA1P1,False,True,False,1,,,1143,215,
PDIA4,True,False,False,1,9.170011260626575,3622,,,
PDK4,True,False,False,1,17.626953498456224,287,,,
PDK4-AS1,False,True,False,1,,,358,2830,
PDLIM1,True,False,False,1,9.762596486839987,2965,,,
PDLIM3,True,False,False,1,12.057781882008042,1388,,,
PDLIM4,True,False,False,1,11.258964314773644,1839,,,
PDLIM7,True,False,False,1,10.07570390140356,2661,,,
PDPK1,False,True,False,1,,,591,983,
PDPN,True,False,False,1,14.287796377521447,728,,,
PDPR2P,False,True,False,1,,,653,790,
PDS5A,False,True,False,1,,,722,616,
PDSS2,False,True,False,1,,,275,4531,
PDXP,True,False,False,1,8.502454693734864,4569,,,
PDZD2,True,False,False,1,10.528012419432743,2311,,,
PDZD4,True,False,False,1,10.337534344729798,2453,,,
PDZRN3,True,False,False,1,15.8070614304268,470,,,
PDZRN3-AS1,True,False,False,1,8.655676980768021,4327,,,
PEA15,True,False,False,1,9.92458220509131,2806,,,
PEAR1,True,False,False,1,12.536926520457085,1197,,,
PEBP4,True,True,False,2,11.849827944645783,1487,300,3877,
PECAM1,True,False,False,1,21.831486324923578,124,,,
PEDS1-UBE2V1,True,False,False,1,12.96838508710252,1066,,,
PEF1,False,True,False,1,,,263,4879,
PEG10,True,False,False,1,14.084202141838878,780,,,
PEG3,True,False,False,1,13.89443453853367,831,,,
PENK,True,False,False,1,9.964201023304897,2772,,,
PENK-AS1,False,True,False,1,,,401,2297,
PER1,True,False,False,1,11.27267817405146,1829,,,
PERM1,True,False,False,1,12.040851882708866,1396,,,
PERP,True,False,False,1,8.79770536115299,4121,,,
PES1,True,True,False,2,9.69988872898675,3029,367,2697,
PEX1,False,True,False,1,,,542,1203,
PEX10,True,False,False,1,8.445798317326222,4665,,,
PEX13,False,True,False,1,,,396,2346,
PEX14,False,True,False,1,,,272,4604,
PEX2,False,True,False,1,,,331,3254,
PEX26,False,True,False,1,,,283,4312,
PEX5,True,True,False,2,8.57948870316482,4443,323,3409,
PEX6,True,False,False,1,9.041905963436104,3796,,,
PFAS,False,True,False,1,,,308,3702,
PFKFB3,True,False,False,1,9.284565813303011,3479,,,
PFKL,True,False,False,1,10.199401936281172,2563,,,
PFKM,True,False,False,1,8.331837421442906,4855,,,
PFKP,True,False,False,1,9.283559266626938,3481,,,
PFN1,True,False,False,1,11.224941587610738,1857,,,
PFN1P2,False,True,False,1,,,418,2136,
PGAM2,True,False,False,1,23.36764430023963,100,,,
PGAP3,False,True,False,1,,,314,3580,
PGAP4,True,False,False,1,9.854052012380262,2863,,,
PGAP6,True,False,False,1,8.804808593046731,4112,,,
PGBD5,True,False,False,1,8.337510938310079,4846,,,
PGF,True,False,False,1,10.190318343364616,2572,,,
PGGHG,True,False,False,1,9.76956673198932,2958,,,
PGGT1B,False,True,False,1,,,308,3699,
PGM5,True,True,False,2,14.386698337883374,712,408,2219,
PGR,True,False,False,1,14.09709276483818,773,,,
PHACTR2P1,False,True,False,1,,,303,3825,
PHACTR3-AS1,False,True,False,1,,,624,866,
PHB1,False,True,False,1,,,284,4285,
PHB2,False,True,False,1,,,307,3727,
PHC1P1,True,False,False,1,9.892393843351336,2823,,,
PHC2,True,False,False,1,8.428110452717387,4681,,,
PHETA1,True,False,False,1,9.711444700250851,3012,,,
PHETA2,True,False,False,1,9.595188115584255,3149,,,
PHF1,True,False,False,1,9.375807191485316,3377,,,
PHF12,False,True,False,1,,,539,1216,
PHF2,False,True,False,1,,,373,2619,
PHF21B,False,True,False,1,,,406,2235,
PHF24,False,True,False,1,,,327,3337,
PHF8,False,True,False,1,,,523,1295,
PHGDH,True,False,False,1,8.76146021975434,4184,,,
PHKA1,True,False,False,1,8.548597074744325,4498,,,
PHKA2,True,True,False,2,9.288658515070152,3472,440,1907,
PHLDA1,True,False,False,1,9.345194018419129,3405,,,
PHLDA1-AS1,True,False,False,1,10.2161322913223,2548,,,
PHLDA2,True,False,False,1,12.720901387962396,1134,,,
PHLDA3,True,False,False,1,9.061590315860029,3773,,,
PHLDB1,True,False,False,1,10.815540006786078,2112,,,
PHLDB2,True,False,False,1,8.674017909682657,4303,,,
PHLPP2,False,True,False,1,,,280,4376,
PHRF1,True,False,False,1,14.171866296294253,758,,,
PI16,True,False,False,1,12.59567183885814,1168,,,
PI4KA,True,True,False,2,9.889924001448517,2825,504,1433,
PI4KAP1,True,False,False,1,8.656650291338226,4325,,,
PI4KAP2,True,True,False,2,8.902171652719012,4000,455,1772,
PI4KB,True,True,False,2,8.379248473018288,4758,373,2617,
PIAS3,True,False,False,1,8.922569390108933,3969,,,
PICK1,True,True,False,2,8.77246416867961,4168,514,1351,
PID1,True,False,False,1,11.15963601117174,1898,,,
PIEZO1,True,True,False,2,13.985950641574972,806,404,2257,
PIEZO2,True,False,False,1,10.610420745332334,2250,,,
PIGFP2,False,True,False,1,,,1250,161,
PIGG,False,True,False,1,,,430,1998,
PIGN,False,True,False,1,,,332,3234,
PIGQ,True,True,False,2,9.978766973114036,2756,436,1939,
PIH1D1,False,True,False,1,,,263,4868,
PIK3AP1,True,False,False,1,11.671059481639857,1574,,,
PIK3C2B,True,False,False,1,9.576045186231024,3165,,,
PIK3C3,False,True,False,1,,,338,3130,
PIK3CA,False,True,False,1,,,514,1352,
PIK3CD-AS1,False,True,False,1,,,753,563,
PIK3CG,True,False,False,1,12.078872820431974,1384,,,
PIK3R2,True,False,False,1,12.945175557711906,1072,,,
PIK3R3,True,False,False,1,9.53428364381902,3211,,,
PIK3R4,False,True,False,1,,,567,1089,
PIK3R5,True,True,False,2,12.830133473240554,1099,502,1443,
PIK3R6,False,True,False,1,,,278,4461,
PIKFYVE,False,True,False,1,,,799,503,
PIM1,True,False,False,1,8.772833713980429,4167,,,
PIM3,True,False,False,1,9.920234980151468,2810,,,
PIMREG,True,False,False,1,9.956290644464817,2779,,,
PIMREGP4,False,True,False,1,,,528,1266,
PINK1,True,False,False,1,8.552171786540814,4492,,,
PIP4K2B,True,False,False,1,9.861534066646552,2856,,,
PIP5K1A,True,False,False,1,8.940578922192907,3947,,,
PIP5K1B,True,True,False,2,14.236694534664478,748,287,4210,
PIP5K1C,True,False,False,1,9.504432534712816,3251,,,
PIPOX,False,True,False,1,,,335,3182,
PITPNM1,True,False,False,1,11.286127373390736,1820,,,
PITPNM2,True,False,False,1,9.615902530938872,3125,,,
PITX2,True,False,False,1,12.657623256064156,1153,,,
PKD1,True,True,False,2,16.440129351013038,382,315,3549,
PKD1P1,True,False,False,1,16.705935018913884,358,,,
PKD1P3,True,False,False,1,15.289687456485344,550,,,
PKD1P4,True,False,False,1,13.575592000059066,897,,,
PKD1P5,True,False,False,1,11.4532530145224,1700,,,
PKD1P6,True,False,False,1,10.404491595361682,2405,,,
PKD2L2-DT,False,True,False,1,,,407,2233,
PKDCC,True,False,False,1,15.12919413310403,575,,,
PKHD1L1,True,False,False,1,10.696377491968043,2181,,,
PKIA,True,False,False,1,10.982164323457836,2003,,,
PKIB,True,False,False,1,9.379470025910557,3372,,,
PKM,True,False,False,1,9.32037098772952,3435,,,
PKMYT1,True,False,False,1,8.936738943891879,3949,,,
PKN1,True,True,False,2,13.146941309731687,1010,396,2342,
PKN2,False,True,False,1,,,369,2673,
PKN3,True,False,False,1,9.450238206661236,3300,,,
PKNOX2,True,False,False,1,8.771866818813768,4170,,,
PKP2,True,False,False,1,16.403338172701563,384,,,
PLA2G2A,True,False,False,1,13.687107996847828,871,,,
PLA2G2F,False,True,False,1,,,354,2893,
PLA2G4A,True,False,False,1,10.75972743530463,2148,,,
PLA2G5,True,False,False,1,12.555509347943444,1187,,,
PLA2G6,True,True,False,2,8.559953308176555,4484,768,546,
PLA2R1,True,True,False,2,9.31627267446958,3437,315,3559,
PLAA,False,True,False,1,,,449,1819,
PLAAT1,True,False,False,1,8.710081986942718,4248,,,
PLAAT4,True,False,False,1,8.711201468621365,4246,,,
PLAC9,True,False,False,1,8.661932927878398,4318,,,
PLAT,True,False,False,1,11.719758784665332,1550,,,
PLAU,True,False,False,1,11.1304918114057,1915,,,
PLAUR,True,False,False,1,9.242237947454802,3529,,,
PLBD1,True,False,False,1,12.378826079845314,1253,,,
PLBD1-AS1,True,True,False,2,9.750278931371776,2977,277,4489,
PLBD2,True,False,False,1,8.92058667826374,3973,,,
PLCB1-IT1,False,True,False,1,,,511,1378,
PLCB2,True,False,False,1,11.632784127817212,1591,,,
PLCB3,True,False,False,1,10.17155495883649,2592,,,
PLCB4,True,False,False,1,8.626997241642027,4369,,,
PLCD1,True,False,False,1,8.412753372026998,4714,,,
PLCG1,True,True,False,2,9.778710763546218,2949,311,3643,
PLCG1-AS1,False,True,False,1,,,560,1122,
PLCG2,True,False,False,1,8.692362036892876,4271,,,
PLCL1,True,False,False,1,10.038509995076254,2698,,,
PLCXD3,True,False,False,1,17.62511747180756,288,,,
PLD2,True,True,False,2,9.748006447180073,2981,273,4576,
PLEC,True,False,False,1,14.556956299133372,684,,,
PLEK,True,True,False,2,14.904274943003443,612,429,2006,
PLEK2,True,False,False,1,9.478710760110303,3272,,,
PLEKHA6,True,False,False,1,13.129725556364,1016,,,
PLEKHA7,True,True,False,2,16.50549498337252,378,477,1606,
PLEKHB1,True,False,False,1,8.900483501651369,4003,,,
PLEKHG4,True,False,False,1,8.892967500291936,4015,,,
PLEKHG4B,True,True,False,2,10.273093726099496,2501,567,1087,
PLEKHG5,True,False,False,1,11.570175304077445,1633,,,
PLEKHH1,False,True,False,1,,,436,1940,
PLEKHM1,True,False,False,1,8.464959347962028,4640,,,
PLEKHM1P1,False,True,False,1,,,379,2553,
PLEKHM2,True,True,False,2,9.187203738860632,3601,457,1749,
PLEKHM3,False,True,False,1,,,286,4249,
PLEKHO2,True,True,False,2,9.617376566085628,3120,288,4194,
PLG,False,True,False,1,,,275,4526,
PLIN1,True,False,False,1,9.023886159082783,3820,,,
PLIN3,True,False,False,1,8.89589786717986,4011,,,
PLIN4,True,False,False,1,16.194546049378587,417,,,
PLIN5,True,False,False,1,9.92305209129867,2807,,,
PLK1,True,False,False,1,10.90540599626621,2054,,,
PLK2,True,False,False,1,10.458442828037342,2368,,,
PLN,True,False,True,2,33.67720446268665,22,,,hsa05414
PLOD1,True,False,False,1,10.439373856686398,2377,,,
PLOD2,True,False,False,1,10.632039734480506,2236,,,
PLOD3,True,True,False,2,9.535877484731255,3205,395,2359,
PLP1,True,False,False,1,10.959654894413736,2019,,,
PLPP7,True,False,False,1,11.343093308417588,1770,,,
PLPPR2,True,False,False,1,10.675014277973895,2203,,,
PLPPR3,True,False,False,1,8.59583231330987,4420,,,
PLPPR4,True,False,False,1,8.889837295929532,4019,,,
PLRG1,False,True,False,1,,,529,1258,
PLS3,True,False,False,1,9.947560848190138,2787,,,
PLSCR4,True,False,False,1,10.102682604366006,2640,,,
PLUT,False,True,False,1,,,731,602,
PLVAP,True,False,False,1,14.559002682503206,683,,,
PLXDC2,True,False,False,1,10.08170029379906,2654,,,
PLXNA1,True,True,False,2,12.375539133619618,1255,308,3695,
PLXNA2,True,False,False,1,9.884064158292633,2831,,,
PLXNA4,True,False,False,1,10.901131447896075,2061,,,
PLXNB1,True,True,False,2,13.867858209029922,833,313,3606,
PLXNB2,True,False,False,1,12.503528236682644,1208,,,
PLXNB3,True,False,False,1,10.827479905379771,2102,,,
PLXND1,True,False,False,1,13.807554781619697,847,,,
PMAIP1,True,False,False,1,8.777108697568886,4158,,,
PMPCA,False,True,False,1,,,285,4259,
PMPCB,False,True,False,1,,,388,2442,
PMS2,False,True,False,1,,,262,4900,
PMS2P3,False,True,False,1,,,300,3875,
PMS2P4,False,True,False,1,,,520,1315,
PNCK,True,True,False,2,11.170040630238365,1890,427,2037,
PNMA1,True,False,False,1,8.51619350182733,4547,,,
PNMA2,True,False,False,1,8.535055102685247,4521,,,
PNMA6F,False,True,False,1,,,275,4539,
PNMA8A,True,False,False,1,10.183634277632327,2577,,,
PNP,True,False,False,1,8.975726968342519,3898,,,
PNPLA2,True,False,False,1,9.653968780788748,3082,,,
PNPLA6,True,True,False,2,13.966071011471644,809,491,1501,
PNPLA7,True,True,False,2,9.376701867058877,3375,305,3760,
PODN,True,False,False,1,13.652228392675074,881,,,
PODXL,True,False,False,1,15.255151552786062,561,,,
POFUT1,False,True,False,1,,,463,1693,
POFUT2,True,False,False,1,8.669275129853604,4314,,,
POGZ,False,True,False,1,,,273,4578,
POLD1,True,False,False,1,10.3132031917824,2465,,,
POLDIP3,False,True,False,1,,,504,1426,
POLE,True,False,False,1,9.49558734635718,3257,,,
POLG,True,True,False,2,8.586312565402222,4433,382,2516,
POLHP1,False,True,False,1,,,295,4028,
POLK,False,True,False,1,,,265,4805,
POLR1A,False,True,False,1,,,515,1338,
POLR2A,True,False,False,1,16.10509827653151,429,,,
POLR2B,False,True,False,1,,,432,1974,
POLR2D,False,True,False,1,,,424,2063,
POLR2J4,False,True,False,1,,,424,2068,
POLR3A,False,True,False,1,,,287,4215,
POLR3E,True,True,False,2,8.758869761412937,4191,289,4145,
POLR3F,False,True,False,1,,,299,3906,
POLR3H,True,False,False,1,9.244753698424889,3525,,,
POLRMT,True,True,False,2,9.59672853947812,3146,333,3214,
POM121,True,False,False,1,9.5761241986113,3164,,,
POMGNT1,True,True,False,2,10.025506023299402,2712,425,2054,
POMT1,False,True,False,1,,,617,890,
PON1,False,True,False,1,,,425,2053,
POPDC2,True,True,False,2,24.975803331762705,74,502,1442,
POPDC3,True,False,False,1,12.126750393191662,1357,,,
POR,True,False,False,1,8.287492071985854,4916,,,
POSTN,True,False,False,1,21.715548721208197,126,,,
POU5F1P5,False,True,False,1,,,843,451,
POU5F2,False,True,False,1,,,1981,32,
POU6F2,False,True,False,1,,,296,3984,
PPARD,True,False,False,1,10.741306163506994,2159,,,
PPARGC1A,True,True,False,2,19.15321793126278,219,306,3739,
PPBP,True,False,False,1,10.913322170083848,2047,,,
PPDPF,True,False,False,1,11.289142611792167,1816,,,
PPFIA1,True,False,False,1,13.911980861820863,826,,,
PPFIA1P1,False,True,False,1,,,846,448,
PPFIA2,True,False,False,1,9.59979499609227,3141,,,
PPFIA3,False,True,False,1,,,298,3937,
PPFIA4,True,False,False,1,17.28873838623207,309,,,
PPIC,True,False,False,1,8.980193006547294,3889,,,
PPIL2,False,True,False,1,,,607,924,
PPIP5K1,False,True,False,1,,,300,3884,
PPIP5K2,False,True,False,1,,,296,3992,
PPL,True,False,False,1,9.466142700312178,3286,,,
PPM1F,True,True,False,2,8.472614638173471,4629,301,3851,
PPM1F-AS1,False,True,False,1,,,361,2781,
PPM1G,False,True,False,1,,,278,4440,
PPP1R10,True,False,False,1,8.994862861989288,3864,,,
PPP1R11,True,False,False,1,13.843588438999085,841,,,
PPP1R12B,True,True,False,2,12.759919456471808,1118,315,3554,
PPP1R12C,True,False,False,1,12.353316847394147,1266,,,
PPP1R14A,True,False,False,1,9.219725945003336,3557,,,
PPP1R14B,True,False,False,1,8.434852505077291,4674,,,
PPP1R14C,True,False,False,1,21.461428913666005,136,,,
PPP1R16A,True,False,False,1,9.222687947198802,3552,,,
PPP1R16B,True,True,False,2,18.13837194971046,258,263,4866,
PPP1R18,True,False,False,1,13.291530794653696,969,,,
PPP1R1A,True,False,False,1,23.194438303215627,102,,,
PPP1R1B,True,False,False,1,9.544259232468823,3195,,,
PPP1R1C,True,False,False,1,8.332661814401925,4852,,,
PPP1R26,True,True,False,2,9.00521371620096,3847,316,3534,
PPP1R26-AS1,False,True,False,1,,,294,4045,
PPP1R37,False,True,False,1,,,329,3291,
PPP1R3A,True,False,False,1,20.64278552032532,157,,,
PPP1R3B,True,False,False,1,8.94075979556661,3946,,,
PPP1R3B-DT,False,True,False,1,,,298,3946,
PPP1R3C,True,False,False,1,14.626513755168856,666,,,
PPP1R8P1,False,True,False,1,,,453,1789,
PPP1R9A,True,False,False,1,12.445413275057469,1225,,,
PPP1R9B,True,True,False,2,13.267865116043003,981,322,3426,
PPP2CB,False,True,False,1,,,262,4896,
PPP2R2B,True,False,False,1,8.77063672271118,4172,,,
PPP2R3B,True,False,False,1,10.276136932746718,2498,,,
PPP2R5B,True,False,False,1,10.504862675668956,2336,,,
PPP2R5C,False,True,False,1,,,368,2686,
PPP2R5D,True,False,False,1,10.502984432152196,2339,,,
PPP3R1,True,False,False,1,9.613300130197413,3128,,,
PPP4R1,False,True,False,1,,,284,4283,
PPP4R2,False,True,False,1,,,309,3675,
PPP4R3A,False,True,False,1,,,438,1924,
PPP4R3B,False,True,False,1,,,576,1047,
PPP5C,True,True,False,2,9.70411187652626,3025,293,4058,
PPP6R1,True,False,False,1,12.264168211051077,1304,,,
PPP6R2,True,True,False,2,8.953837834647343,3925,504,1427,
PPP6R3,False,True,False,1,,,433,1966,
PPT2,True,False,False,1,8.888845530760431,4021,,,
PRAF2,True,False,False,1,8.294636101498357,4909,,,
PRAG1,True,False,False,1,8.591836458635562,4423,,,
PRAMEF12,False,True,False,1,,,381,2525,
PRDM1,True,False,False,1,9.32298548450142,3433,,,
PRDM11,True,True,False,2,9.029905359022456,3811,394,2367,
PRDM15,False,True,False,1,,,394,2373,
PRDM16,True,False,False,1,12.6946263304541,1143,,,
PRDM16-DT,True,False,False,1,15.579287614373555,508,,,
PRDM4,False,True,False,1,,,315,3557,
PRDM6,True,False,False,1,8.498635049258814,4576,,,
PRDX2,True,False,False,1,9.584118479985332,3158,,,
PRDX2P3,False,True,False,1,,,522,1305,
PRDX3P4,False,True,False,1,,,262,4918,
PREB,True,True,False,2,8.42282737567917,4692,446,1851,
PRELID1P1,False,True,False,1,,,354,2897,
PRELID1P3,False,True,False,1,,,670,742,
PRELP,True,False,False,1,13.192765107481984,1001,,,
PREX1,True,False,False,1,12.224732437787663,1321,,,
PREX2,True,False,False,1,15.532298449451334,514,,,
PRF1,True,True,False,2,9.20230739450816,3583,303,3811,
PRG4,True,False,False,1,11.428327837560774,1719,,,
PRH2,False,True,False,1,,,341,3086,
PRICKLE1,True,False,False,1,9.149726271114078,3655,,,
PRIMA1,True,False,False,1,9.785684515675102,2940,,,
PRKAA1,False,True,True,2,,,445,1858,hsa05410
PRKAA2,True,False,True,2,11.718740405015678,1551,,,hsa05410
PRKAB1,False,False,True,1,,,,,hsa05410
PRKAB2,False,False,True,1,,,,,hsa05410
PRKACA,True,False,True,2,13.965722832648796,810,,,hsa05414
PRKACB,False,False,True,1,,,,,hsa05414
PRKACG,False,False,True,1,,,,,hsa05414
PRKAG1,False,False,True,1,,,,,hsa05410
PRKAG2,False,False,True,1,,,,,hsa05410
PRKAG3,False,False,True,1,,,,,hsa05410
PRKAR1B,True,False,False,1,8.831474901264718,4081,,,
PRKAR2B,True,False,False,1,11.44865965862456,1707,,,
PRKCA-AS1,False,True,False,1,,,485,1545,
PRKCB,True,False,False,1,12.852844529909516,1093,,,
PRKCD,True,False,False,1,8.785387960201868,4142,,,
PRKCE-AS1,False,True,False,1,,,1051,263,
PRKCG,False,True,False,1,,,331,3251,
PRKCH,True,False,False,1,9.49642643535802,3256,,,
PRKCSH,True,True,False,2,11.512520005663545,1661,611,907,
PRKCZ,True,False,False,1,10.41901451774506,2396,,,
PRKD3,False,True,False,1,,,400,2301,
PRKG1-AS1,False,True,False,1,,,267,4752,
PRKN,False,True,False,1,,,424,2067,
PRKY,True,False,False,1,11.75351046087546,1533,,,
PRMT5,True,False,False,1,10.248107321662603,2522,,,
PRMT7,False,True,False,1,,,397,2334,
PRNCR1,False,True,False,1,,,921,373,
PRNP,True,False,False,1,8.589016363758962,4427,,,
PROB1,True,False,False,1,9.783150220027784,2942,,,
PROC,False,True,False,1,,,280,4379,
PROCR,True,False,False,1,10.486262536637286,2350,,,
PRODH,False,True,False,1,,,358,2825,
PRODH2,False,True,False,1,,,276,4514,
PROK2,False,True,False,1,,,319,3481,
PROM1,True,False,False,1,12.106262239438184,1367,,,
PROS1,True,False,False,1,8.98465206338595,3883,,,
PROX1,True,False,False,1,14.0676135637911,783,,,
PROX1-AS1,False,True,False,1,,,504,1431,
PRPF19,True,False,False,1,9.17423496435967,3617,,,
PRPF4,False,True,False,1,,,338,3135,
PRPF40B,False,True,False,1,,,263,4871,
PRPF4B,False,True,False,1,,,316,3529,
PRPF8,True,False,False,1,9.183799855563976,3605,,,
PRR12,True,False,False,1,12.761412118324673,1117,,,
PRR13P1,False,True,False,1,,,314,3587,
PRR14,False,True,False,1,,,275,4530,
PRR29,True,False,False,1,8.389936656288338,4742,,,
PRR33,True,False,False,1,9.325871795148572,3428,,,
PRR34-AS1,True,False,False,1,8.812768711876041,4102,,,
PRR36,True,True,False,2,10.06806218634793,2671,330,3273,
PRR7,True,False,False,1,8.350681845169474,4822,,,
PRRC1,False,True,False,1,,,272,4609,
PRRC2A,True,False,False,1,19.953216900549428,184,,,
PRRC2B,True,True,False,2,10.771547053930265,2137,435,1957,
PRRG3,True,False,False,1,8.349850970198709,4826,,,
PRRT4,True,False,False,1,8.331627076368335,4856,,,
PRRX1,True,False,False,1,15.714090020081391,487,,,
PRRX2,True,False,False,1,9.800689140040616,2927,,,
PRSS12,True,False,False,1,13.054797499907783,1041,,,
PRSS23,True,False,False,1,9.269448592776074,3498,,,
PRSS3,True,False,False,1,10.99625635241138,1992,,,
PRSS35,True,False,False,1,16.079084579735127,431,,,
PRSS38,False,True,False,1,,,362,2766,
PRSS42P,True,True,False,2,16.35452653282629,395,513,1362,
PRSS43P,True,True,False,2,13.114795391296465,1020,352,2934,
PRSS44P,True,True,False,2,12.743711687517338,1122,269,4701,
PRSS8,True,True,False,2,8.301923877957533,4899,315,3552,
PRTG,True,False,False,1,10.081159278650585,2655,,,
PRUNE2,True,False,False,1,9.419704241573063,3336,,,
PRXL2A,True,False,False,1,8.990987190782988,3875,,,
PSAT1,True,False,False,1,11.683418556574638,1566,,,
PSG2,True,False,False,1,8.4796757037229,4614,,,
PSG4,True,False,False,1,8.999393166149392,3857,,,
PSG5,True,False,False,1,8.784307968977465,4145,,,
PSKH1,True,False,False,1,8.899246178721606,4004,,,
PSMA1,False,True,False,1,,,358,2826,
PSMA3,False,True,False,1,,,297,3954,
PSMA4,False,True,False,1,,,315,3551,
PSMA5,False,True,False,1,,,281,4348,
PSMB1,False,True,False,1,,,349,2960,
PSMB7,False,True,False,1,,,304,3787,
PSMB8,True,False,False,1,8.6412223795346,4349,,,
PSMC1P1,True,False,False,1,14.197844794993047,754,,,
PSMC2,False,True,False,1,,,442,1890,
PSMC2P1,False,True,False,1,,,265,4825,
PSMC6,False,True,False,1,,,359,2805,
PSMD10P1,False,True,False,1,,,562,1112,
PSMD12,False,True,False,1,,,314,3582,
PSMD13,False,True,False,1,,,392,2400,
PSMD3,True,True,False,2,12.221966288830869,1325,633,840,
PSMD4,False,True,False,1,,,300,3880,
PSMD6-AS2,False,True,False,1,,,469,1656,
PSMD7,False,True,False,1,,,322,3424,
PSMD7-DT,False,True,False,1,,,326,3367,
PSME3IP1,False,True,False,1,,,271,4649,
PSME4,False,True,False,1,,,287,4206,
PTAFR,True,True,False,2,8.385611135669182,4747,297,3963,
PTAR1,False,True,False,1,,,296,3996,
PTCD3,False,True,False,1,,,365,2723,
PTCHD1,False,True,False,1,,,276,4501,
PTDSS2,True,False,False,1,10.626386058322645,2243,,,
PTEN,True,False,False,1,16.200344121438484,413,,,
PTENP1-AS,False,True,False,1,,,400,2313,
PTGDS,True,False,False,1,18.568260742530516,237,,,
PTGER2,True,False,False,1,9.69965572032938,3031,,,
PTGER3,True,False,False,1,10.10313969506664,2639,,,
PTGER4,True,False,False,1,11.19675577362408,1873,,,
PTGES3L,True,False,False,1,9.269764846237178,3497,,,
PTGES3L-AARSD1,True,False,False,1,11.4524838861029,1701,,,
PTGFR,True,False,False,1,9.630403096745257,3107,,,
PTGFRN,True,False,False,1,11.036055103931252,1967,,,
PTGIS,True,False,False,1,12.308209592221928,1287,,,
PTGS1,True,False,False,1,13.223620716929265,994,,,
PTGS2,True,False,False,1,16.574162994727054,371,,,
PTH1R,True,False,False,1,13.526054559725251,906,,,
PTHLH,True,False,False,1,8.573633749805804,4455,,,
PTK2B,True,False,False,1,9.513969747877864,3236,,,
PTK7,True,False,False,1,13.27884415757295,972,,,
PTMS,True,False,False,1,9.862551993160356,2854,,,
PTN,True,False,False,1,13.497831516467016,913,,,
PTOV1,True,True,False,2,10.274695972877373,2499,342,3068,
PTOV1-AS2,False,True,False,1,,,438,1929,
PTP4A3,True,False,False,1,17.15716021676315,319,,,
PTPA,True,True,False,2,11.440571506713749,1713,580,1023,
PTPN13,True,False,False,1,9.16988910784199,3623,,,
PTPN21,True,True,False,2,9.97099897011558,2766,304,3780,
PTPN22,True,False,False,1,8.866697209371464,4045,,,
PTPN23,True,True,False,2,9.573109995921442,3169,360,2791,
PTPN3,True,False,False,1,9.08352780923104,3747,,,
PTPN5,True,False,False,1,8.906880758809102,3995,,,
PTPN6,True,False,False,1,12.672326249616706,1150,,,
PTPN7,False,True,False,1,,,304,3789,
PTPN9,False,True,False,1,,,281,4354,
PTPRB,True,False,False,1,14.708155769806517,649,,,
PTPRC,True,True,False,2,17.14889292479144,320,695,688,
PTPRD,True,False,False,1,13.943923710959288,814,,,
PTPRE,True,False,False,1,10.124859325171812,2626,,,
PTPRF,True,False,False,1,12.794647143391009,1108,,,
PTPRG,True,False,False,1,9.106542109905696,3709,,,
PTPRH,True,False,False,1,8.528936441608051,4532,,,
PTPRJ,True,False,False,1,9.1207447826458,3694,,,
PTPRK,True,False,False,1,10.41453050552111,2398,,,
PTPRM,True,False,False,1,8.653862750428042,4331,,,
PTPRN,True,False,False,1,8.894690640252835,4012,,,
PTPRN2,True,True,False,2,9.153118723042573,3653,532,1246,
PTPRT-DT,False,True,False,1,,,299,3921,
PTPRU,True,False,False,1,12.12655272722693,1358,,,
PTPRZ1,True,False,False,1,9.621120321517528,3116,,,
PTTG1,True,False,False,1,9.539793000003892,3201,,,
PTX3,True,False,False,1,21.36049012049944,138,,,
PUF60,True,False,False,1,15.30402488552151,543,,,
PUM2,False,True,False,1,,,712,642,
PURB,False,True,False,1,,,443,1876,
PVR,True,False,False,1,8.707631503798245,4252,,,
PWRN1,True,True,False,2,8.295533437385172,4907,512,1374,
PWWP2AP1,False,True,False,1,,,298,3942,
PWWP2B,True,False,False,1,8.323318034725066,4868,,,
PWWP3B,True,False,False,1,16.127994510919283,427,,,
PXDC1,True,False,False,1,9.657098986074487,3079,,,
PXDN,True,False,False,1,14.103315054104929,772,,,
PXDNL,True,True,False,2,14.658902665603124,659,327,3340,
PXN,True,False,False,1,10.228041874529085,2539,,,
PYCARD,True,False,False,1,8.811359567152593,4104,,,
PYCR1,True,False,False,1,14.055633019958236,786,,,
PYGB,True,False,False,1,12.23048233219482,1314,,,
PYGM,True,False,False,1,14.582221858621152,677,,,
PYROXD2,True,False,False,1,8.483604437597643,4599,,,
QPRT,True,False,False,1,10.55173779850378,2295,,,
QRICH1,False,True,False,1,,,521,1311,
QRICH2,False,True,False,1,,,327,3338,
QRSL1,False,True,False,1,,,323,3407,
QRSL1P3,False,True,False,1,,,665,763,
QSOX1,True,False,False,1,10.209111690355666,2557,,,
R3HDM4,True,False,False,1,9.04759604304962,3788,,,
RAB10,False,True,False,1,,,273,4571,
RAB11FIP1P1,True,True,False,2,8.462474686048303,4644,552,1168,
RAB11FIP3,True,False,False,1,13.119001728144212,1019,,,
RAB11FIP4,True,True,False,2,8.489459226969176,4591,289,4149,
RAB11FIP5,True,False,False,1,10.569045988547645,2285,,,
RAB15,True,False,False,1,10.012092857794498,2722,,,
RAB17,True,False,False,1,8.369916487146435,4780,,,
RAB1B,True,False,False,1,10.461111780678136,2367,,,
RAB23,True,False,False,1,9.029761206478952,3813,,,
RAB25,False,True,False,1,,,306,3742,
RAB27B,True,False,False,1,11.28125908020049,1824,,,
RAB32,True,False,False,1,8.42828399066363,4680,,,
RAB33B-AS1,False,True,False,1,,,685,713,
RAB34,True,False,False,1,8.70932983635839,4250,,,
RAB35,True,True,False,2,9.566685784990671,3175,573,1057,
RAB37,True,False,False,1,8.98099036840757,3887,,,
RAB3B,True,False,False,1,11.731726935639156,1543,,,
RAB3GAP1,False,True,False,1,,,454,1781,
RAB3GAP2,False,True,False,1,,,442,1888,
RAB3IL1,True,False,False,1,9.165837389075948,3636,,,
RAB40C,True,True,False,2,8.673511107719763,4305,621,873,
RAB43,True,False,False,1,11.453326896215897,1699,,,
RAB5A,False,True,False,1,,,411,2190,
RAB5C,True,True,False,2,10.95329398380966,2022,385,2477,
RAB6B,True,False,False,1,9.505709093816796,3246,,,
RAB9B,True,False,False,1,11.008592830994663,1982,,,
RABEP2,True,False,False,1,8.914681295661374,3980,,,
RABGAP1L-AS1,False,True,False,1,,,374,2610,
RABGAP1L-DT,False,True,False,1,,,393,2388,
RABL3,False,True,False,1,,,351,2938,
RAC2,True,False,False,1,14.614933656469796,670,,,
RAC3,True,False,False,1,11.128827522901712,1916,,,
RAD17P2,False,True,False,1,,,500,1449,
RAD51-AS1,False,True,False,1,,,402,2286,
RAD51AP1P1,False,True,False,1,,,857,438,
RAI1,True,True,False,2,12.578427013284314,1178,389,2428,
RAI14,True,False,False,1,11.122029401794556,1922,,,
RAI2,True,False,False,1,9.43327700669171,3319,,,
RALGAPA1,False,True,False,1,,,320,3467,
RALGAPB,False,True,False,1,,,1178,196,
RALGDS,True,True,False,2,11.177393889182632,1885,277,4478,
RALGPS1,False,True,False,1,,,640,822,
RALY-AS1,False,True,False,1,,,299,3930,
RAMP1,True,False,False,1,16.242691719015593,408,,,
RAMP2,True,False,False,1,10.363661929680347,2426,,,
RAMP3,True,True,False,2,12.398234682288129,1243,344,3044,
RANBP10,False,True,False,1,,,270,4670,
RANBP3,False,True,False,1,,,472,1637,
RANBP9,False,True,False,1,,,491,1500,
RANGAP1,True,False,False,1,8.694926743555841,4267,,,
RAP1GAP,True,False,False,1,10.93457719397458,2031,,,
RAP1GAP2,True,False,False,1,12.53699006544668,1196,,,
RAPGEF1,True,False,False,1,12.297092833007104,1294,,,
RAPGEF3,True,False,False,1,9.913700743335813,2813,,,
RAPGEF4,True,False,False,1,8.625154492118376,4372,,,
RAPGEF5,True,False,False,1,11.635899855297875,1588,,,
RAPGEFL1,False,True,False,1,,,443,1874,
RAPH1,True,False,False,1,10.064510265281989,2675,,,
RARA,True,False,False,1,8.447344617658207,4663,,,
RARRES2,True,False,False,1,14.568771649247058,680,,,
RARS1,False,True,False,1,,,412,2180,
RASA1,False,True,False,1,,,488,1522,
RASAL3,True,False,False,1,9.212765278963843,3569,,,
RASD1,True,False,False,1,11.011396018377988,1981,,,
RASD2,True,False,False,1,12.078949501465322,1383,,,
RASGRF2,True,False,False,1,9.011228492762024,3841,,,
RASGRP2,True,False,False,1,12.126208092717244,1359,,,
RASGRP4,False,True,False,1,,,387,2458,
RASIP1,True,False,False,1,12.73438625183806,1128,,,
RASL10B,True,False,False,1,12.435879376586175,1229,,,
RASL11B,True,False,False,1,12.994205971026249,1062,,,
RASL12,True,False,False,1,15.871654878293342,463,,,
RASSF2,True,False,False,1,9.734246080952008,2997,,,
RASSF5,True,False,False,1,9.09047308365744,3738,,,
RASSF7,True,False,False,1,8.721570565851254,4237,,,
RAVER1,True,False,False,1,12.679707237040551,1148,,,
RB1,False,True,False,1,,,264,4841,
RBAK,False,True,False,1,,,359,2812,
RBBP8NL,False,True,False,1,,,269,4686,
RBBP8P1,False,True,False,1,,,293,4076,
RBFADN,False,True,False,1,,,648,803,
RBFOX1,True,True,False,2,10.992008582177366,1994,431,1989,
RBFOX2,True,False,False,1,9.706662734063908,3021,,,
RBM10,False,True,False,1,,,456,1762,
RBM18,False,True,False,1,,,321,3449,
RBM20,True,True,False,2,21.93654270971372,122,489,1517,
RBM22P4,False,True,False,1,,,593,974,
RBM24,True,False,False,1,16.704621276479692,359,,,
RBM26,False,True,False,1,,,287,4214,
RBM38,True,False,False,1,13.24429278254881,989,,,
RBM42,False,True,False,1,,,264,4839,
RBM47,True,False,False,1,9.82020203094306,2898,,,
RBP1,True,False,False,1,9.922738876381205,2808,,,
RBP4,True,False,False,1,12.708729675169485,1141,,,
RBP7,True,False,False,1,9.508706335702929,3242,,,
RBPMS2,True,False,False,1,17.40408113806631,305,,,
RBPMSLP,False,True,False,1,,,327,3350,
RBSN,False,True,False,1,,,609,914,
RC3H1-IT1,False,True,False,1,,,563,1110,
RC3H2,False,True,False,1,,,421,2095,
RCAN2,True,False,False,1,19.594217675816935,202,,,
RCAN2-DT,False,True,False,1,,,398,2329,
RCC1L,True,True,False,2,8.516104635218058,4548,471,1647,
RCN1,True,False,False,1,9.99081743316104,2745,,,
RCN3,True,False,False,1,13.825327007179895,844,,,
RCOR2,True,True,False,2,10.744469205614225,2154,331,3255,
RCSD1,True,False,False,1,15.944563990060852,452,,,
RD3L,True,False,False,1,9.933555498681184,2798,,,
RDH16,False,True,False,1,,,538,1220,
RDM1P4,False,True,False,1,,,368,2695,
REC8,True,False,False,1,8.596320697689805,4417,,,
RECK,False,True,False,1,,,296,3990,
RECQL4,True,True,False,2,9.6468070343843,3087,295,4021,
RECQL5,False,True,False,1,,,581,1019,
REEP1,True,True,False,2,12.295532126326338,1295,365,2719,
REEP2,True,False,False,1,9.190471236761873,3597,,,
REEP4,True,False,False,1,9.132859376214846,3674,,,
RELA,False,True,False,1,,,298,3936,
RELB,True,False,False,1,9.0482765971871,3786,,,
RELCH,False,True,False,1,,,514,1353,
RELN,True,False,False,1,11.437951666760778,1715,,,
RERG,True,False,False,1,9.770946917321908,2957,,,
RETREG1,True,True,False,2,12.122464740194586,1360,277,4477,
REV1,False,True,False,1,,,371,2642,
REXO1,True,True,False,2,11.583561334779889,1627,383,2502,
REXO1L1P,False,True,False,1,,,326,3363,
RFLNA,True,False,False,1,10.771174924916394,2138,,,
RFNG,True,True,False,2,8.291798852162916,4914,279,4417,
RFWD3,False,True,False,1,,,300,3883,
RFX3-DT,False,True,False,1,,,512,1371,
RFX4,False,True,False,1,,,263,4872,
RGCC,True,False,False,1,13.574924701062884,898,,,
RGL2,True,False,False,1,9.482845011433248,3270,,,
RGL3,True,False,False,1,8.75028444881879,4201,,,
RGMB,True,False,False,1,9.534483868419644,3210,,,
RGN,True,False,False,1,9.217879764453896,3561,,,
RGPD1,True,False,False,1,8.424310573051025,4690,,,
RGPD2,True,False,False,1,11.43755356697799,1716,,,
RGPD6,True,False,False,1,8.684048691382962,4288,,,
RGS1,True,False,False,1,10.06055350720568,2682,,,
RGS11,True,False,False,1,9.70346663011864,3026,,,
RGS18,True,False,False,1,11.70086193660651,1561,,,
RGS4,True,False,False,1,15.432900143357871,532,,,
RGS5,True,False,False,1,12.298313748356067,1293,,,
RGS6,True,False,False,1,12.759656945100032,1119,,,
RGS7BP,True,False,False,1,9.66773361369809,3067,,,
RGSL1,False,True,False,1,,,929,362,
RHBDD3,False,True,False,1,,,290,4130,
RHBDF1,True,False,False,1,10.987843458817268,1996,,,
RHBDF2,False,True,False,1,,,275,4527,
RHOB,True,False,False,1,13.045984834736348,1046,,,
RHOC,True,False,False,1,8.744782238372032,4204,,,
RHOD,True,False,False,1,9.989060238898626,2748,,,
RHOH,False,True,False,1,,,312,3621,
RHOJ,True,False,False,1,12.07490368329891,1385,,,
RHOT2,True,True,False,2,9.5824078547627,3159,324,3394,
RHOU,True,False,False,1,8.866770283821152,4042,,,
RHPN1,True,False,False,1,8.97418211212423,3899,,,
RIC1,False,True,False,1,,,311,3640,
RIC3,True,True,False,2,11.443182179279486,1709,304,3791,
RIC8A,False,True,False,1,,,571,1064,
RILP,True,False,False,1,8.350893029250166,4821,,,
RIMBP2,False,True,False,1,,,296,3980,
RIMKLA,True,True,False,2,11.979281411614902,1419,486,1540,
RIMKLBP2,False,True,False,1,,,277,4483,
RIMS3,True,False,False,1,9.630963193927386,3102,,,
RIMS4,True,False,False,1,12.813877094364983,1102,,,
RIN3,True,False,False,1,10.241608158795804,2527,,,
RING1,True,False,False,1,13.265794052341375,982,,,
RIOK2,False,True,False,1,,,428,2020,
RIPK1,False,True,False,1,,,374,2606,
RIPK4,True,False,False,1,9.941711150639197,2790,,,
RIPOR1,True,False,False,1,10.27245278009882,2503,,,
RIPOR2,True,False,False,1,11.206732443297032,1866,,,
RIPOR3,True,False,False,1,8.3564742206671,4806,,,
RIT2,False,True,False,1,,,1496,88,
RLIM,False,True,False,1,,,673,738,
RMDN1,False,True,False,1,,,460,1720,
RMDN3,False,True,False,1,,,279,4410,
RMRP,True,False,False,1,29.214321382887707,35,,,
RMST,True,False,False,1,8.561813064262804,4479,,,
RN7SK,True,False,False,1,36.650839878974715,16,,,
RN7SKP158,False,True,False,1,,,560,1120,
RN7SKP195,False,True,False,1,,,372,2636,
RN7SKP235,False,True,False,1,,,394,2375,
RN7SKP40,False,True,False,1,,,368,2694,
RN7SKP95,False,True,False,1,,,287,4223,
RN7SKP96,False,True,False,1,,,374,2612,
RN7SL1,True,False,False,1,28.70046602319403,41,,,
RN7SL141P,False,True,False,1,,,358,2832,
RN7SL147P,False,True,False,1,,,400,2309,
RN7SL16P,False,True,False,1,,,450,1812,
RN7SL188P,False,True,False,1,,,406,2245,
RN7SL2,True,False,False,1,31.98460318971927,29,,,
RN7SL284P,False,True,False,1,,,273,4595,
RN7SL3,True,False,False,1,15.833866548225304,466,,,
RN7SL413P,False,True,False,1,,,352,2932,
RN7SL4P,True,False,False,1,14.894331840866355,623,,,
RN7SL517P,False,True,False,1,,,371,2653,
RN7SL531P,False,True,False,1,,,374,2614,
RN7SL5P,True,False,False,1,14.019103095208177,791,,,
RN7SL629P,False,True,False,1,,,752,566,
RN7SL648P,False,True,False,1,,,1799,41,
RN7SL653P,False,True,False,1,,,493,1492,
RN7SL760P,False,True,False,1,,,434,1964,
RN7SL801P,False,True,False,1,,,630,851,
RN7SL804P,False,True,False,1,,,388,2449,
RN7SL91P,False,True,False,1,,,330,3279,
RNA5-8SN1,True,False,False,1,11.33030460918378,1784,,,
RNA5-8SN2,True,False,False,1,11.33030460918378,1786,,,
RNA5-8SN3,True,False,False,1,11.33030460918378,1787,,,
RNA5-8SN4,True,False,False,1,11.33030460918378,1789,,,
RNA5-8SN5,True,False,False,1,11.33030460918378,1790,,,
RNA5SP20,False,True,False,1,,,721,622,
RNA5SP295,False,True,False,1,,,281,4359,
RNA5SP297,False,True,False,1,,,633,841,
RNA5SP305,False,True,False,1,,,586,997,
RNA5SP428,False,True,False,1,,,722,617,
RNA5SP44,False,True,False,1,,,346,3019,
RNA5SP527,False,True,False,1,,,281,4373,
RNA5SP88,False,True,False,1,,,768,547,
RNASE1,True,False,False,1,17.257609414399244,311,,,
RNASE6,True,True,False,2,9.234782484704922,3539,286,4236,
RNASEH2B-AS1,False,True,False,1,,,1118,228,
RND3,True,False,False,1,11.28614448017452,1819,,,
RNF103,False,True,False,1,,,306,3751,
RNF123,True,False,False,1,10.706631414173344,2177,,,
RNF128,True,False,False,1,8.748706891436802,4203,,,
RNF135,False,True,False,1,,,320,3469,
RNF138P1,False,True,False,1,,,312,3631,
RNF139-DT,False,True,False,1,,,437,1933,
RNF144A,True,False,False,1,10.456784366026753,2369,,,
RNF144B,True,False,False,1,10.180548453125102,2581,,,
RNF150,True,False,False,1,14.940080522983298,606,,,
RNF165,True,False,False,1,8.480454173347916,4609,,,
RNF166,True,False,False,1,8.473724885780364,4626,,,
RNF167,True,True,False,2,9.264169146122036,3501,317,3512,
RNF185,False,True,False,1,,,400,2302,
RNF207,True,True,False,2,11.886014725870233,1475,428,2027,
RNF208,True,False,False,1,8.473511415208995,4628,,,
RNF213-AS1,False,True,False,1,,,472,1642,
RNF26,True,False,False,1,8.573218053734191,4457,,,
RNF31,True,True,False,2,8.799079331104583,4119,619,884,
RNF40,False,True,False,1,,,282,4322,
RNF43,True,False,False,1,9.504686666608965,3249,,,
RNF44,True,False,False,1,8.95550246344274,3923,,,
RNF5,True,False,False,1,12.998545907014224,1061,,,
RNGTT,False,True,False,1,,,283,4299,
RNPEPL1,True,False,False,1,9.299351483866694,3456,,,
RNU1-1,True,True,False,2,14.903085436582217,614,367,2701,
RNU1-2,True,True,False,2,14.903085436582217,615,362,2769,
RNU1-27P,True,True,False,2,14.903085436582217,616,362,2768,
RNU1-28P,True,True,False,2,14.903085436582217,617,362,2767,
RNU1-3,True,True,False,2,14.903085436582217,618,367,2702,
RNU1-4,True,True,False,2,14.903085436582217,619,363,2752,
RNU11-2P,False,True,False,1,,,1814,39,
RNU2-1,True,True,False,2,9.811321474035209,2918,436,1948,
RNU2-10P,False,True,False,1,,,831,464,
RNU2-16P,False,True,False,1,,,842,452,
RNU2-2P,True,True,False,2,19.83393132548633,191,298,3941,
RNU2-31P,False,True,False,1,,,444,1870,
RNU2-41P,False,True,False,1,,,931,360,
RNU2-55P,False,True,False,1,,,480,1584,
RNU2-58P,False,True,False,1,,,401,2296,
RNU2-66P,False,True,False,1,,,574,1055,
RNU4-1,True,True,False,2,8.76843092993704,4176,267,4745,
RNU4-2,True,True,False,2,12.92773550923364,1077,317,3522,
RNU4-24P,False,True,False,1,,,729,605,
RNU4-72P,False,True,False,1,,,1059,254,
RNU4ATAC,False,True,False,1,,,420,2116,
RNU4ATAC11P,False,True,False,1,,,580,1026,
RNU4ATAC12P,False,True,False,1,,,418,2134,
RNU4ATAC16P,False,True,False,1,,,1599,69,
RNU5A-1,False,True,False,1,,,295,4025,
RNU5B-1,False,True,False,1,,,320,3471,
RNU5F-6P,False,True,False,1,,,437,1932,
RNU6-1,False,True,False,1,,,308,3704,
RNU6-1005P,False,True,False,1,,,270,4674,
RNU6-1016P,False,True,False,1,,,734,600,
RNU6-107P,False,True,False,1,,,1512,81,
RNU6-1141P,False,True,False,1,,,494,1485,
RNU6-1153P,False,True,False,1,,,277,4488,
RNU6-1176P,False,True,False,1,,,484,1553,
RNU6-1188P,False,True,False,1,,,1232,167,
RNU6-1208P,False,True,False,1,,,320,3473,
RNU6-1275P,False,True,False,1,,,325,3380,
RNU6-1283P,False,True,False,1,,,917,377,
RNU6-1284P,False,True,False,1,,,485,1543,
RNU6-130P,False,True,False,1,,,641,820,
RNU6-151P,False,True,False,1,,,345,3037,
RNU6-171P,False,True,False,1,,,568,1084,
RNU6-198P,False,True,False,1,,,1105,235,
RNU6-199P,False,True,False,1,,,1421,104,
RNU6-2,False,True,False,1,,,310,3661,
RNU6-233P,False,True,False,1,,,309,3682,
RNU6-251P,False,True,False,1,,,298,3939,
RNU6-272P,False,True,False,1,,,576,1044,
RNU6-315P,False,True,False,1,,,482,1569,
RNU6-331P,False,True,False,1,,,844,449,
RNU6-341P,False,True,False,1,,,1158,206,
RNU6-3P,False,True,False,1,,,310,3660,
RNU6-402P,False,True,False,1,,,451,1803,
RNU6-415P,False,True,False,1,,,341,3095,
RNU6-444P,False,True,False,1,,,499,1455,
RNU6-4P,False,True,False,1,,,309,3680,
RNU6-531P,False,True,False,1,,,269,4706,
RNU6-57P,False,True,False,1,,,401,2293,
RNU6-595P,False,True,False,1,,,476,1615,
RNU6-5P,False,True,False,1,,,306,3748,
RNU6-606P,False,True,False,1,,,384,2500,
RNU6-608P,False,True,False,1,,,341,3093,
RNU6-613P,False,True,False,1,,,701,672,
RNU6-638P,False,True,False,1,,,281,4370,
RNU6-653P,False,True,False,1,,,666,755,
RNU6-681P,False,True,False,1,,,1193,189,
RNU6-6P,False,True,False,1,,,305,3773,
RNU6-701P,False,True,False,1,,,449,1823,
RNU6-720P,False,True,False,1,,,357,2855,
RNU6-759P,False,True,False,1,,,463,1700,
RNU6-780P,False,True,False,1,,,331,3256,
RNU6-82P,False,True,False,1,,,1177,198,
RNU6-856P,False,True,False,1,,,292,4099,
RNU6-879P,False,True,False,1,,,393,2387,
RNU6-9,False,True,False,1,,,307,3726,
RNU6-91P,False,True,False,1,,,698,679,
RNU6-97P,False,True,False,1,,,667,753,
RNU6-998P,False,True,False,1,,,442,1893,
RNU6ATAC,False,True,False,1,,,278,4453,
RNU6ATAC16P,False,True,False,1,,,328,3320,
RNU7-70P,False,True,False,1,,,392,2404,
RNU7-73P,False,True,False,1,,,726,611,
RNU7-84P,False,True,False,1,,,618,889,
RNU7-96P,False,True,False,1,,,508,1403,
RNVU1-18,True,True,False,2,14.903085436582217,620,364,2739,
RNVU1-27,False,True,False,1,,,300,3896,
RNVU1-29,True,True,False,2,14.903085436582217,621,359,2818,
RNVU1-7,True,False,False,1,11.684906506184998,1565,,,
RNY1,True,False,False,1,9.361560820388323,3386,,,
RNY1P13,False,True,False,1,,,513,1363,
RNY1P15,False,True,False,1,,,506,1419,
RNY1P4,False,True,False,1,,,422,2085,
RNY3,False,True,False,1,,,296,3997,
RNY3P13,False,True,False,1,,,263,4883,
RNY4P25,False,True,False,1,,,371,2652,
ROBO1,True,False,False,1,10.656420856090367,2218,,,
ROBO2,True,False,False,1,12.140319695219782,1352,,,
ROBO4,True,False,False,1,20.422076157732857,169,,,
ROGDI,True,False,False,1,9.696991395508444,3035,,,
ROPN1B,False,True,False,1,,,283,4300,
ROR1,True,False,False,1,9.849236544131822,2867,,,
ROR2,True,False,False,1,13.935503468337345,815,,,
RORA-AS2,False,True,False,1,,,631,846,
RORC,True,True,False,2,10.537979549547346,2305,275,4528,
RPAP1,False,True,False,1,,,458,1737,
RPAP2,False,True,False,1,,,406,2236,
RPE,False,True,False,1,,,265,4819,
RPL10AP2,False,True,False,1,,,311,3647,
RPL10P14,False,True,False,1,,,375,2599,
RPL10P2,False,True,False,1,,,326,3362,
RPL10P4,False,True,False,1,,,324,3402,
RPL10P6,True,False,False,1,10.25790481477809,2514,,,
RPL12P17,False,True,False,1,,,456,1765,
RPL12P20,False,True,False,1,,,583,1014,
RPL12P24,False,True,False,1,,,438,1928,
RPL12P33,False,True,False,1,,,546,1190,
RPL12P38,False,True,False,1,,,286,4242,
RPL15P13,False,True,False,1,,,535,1234,
RPL15P2,False,True,False,1,,,498,1461,
RPL15P20,False,True,False,1,,,298,3940,
RPL17P17,False,True,False,1,,,282,4329,
RPL17P34,False,True,False,1,,,314,3584,
RPL17P41,False,True,False,1,,,450,1811,
RPL17P44,False,True,False,1,,,339,3127,
RPL19P21,False,True,False,1,,,357,2852,
RPL21P104,False,True,False,1,,,298,3945,
RPL21P111,False,True,False,1,,,448,1833,
RPL21P126,False,True,False,1,,,483,1563,
RPL21P127,False,True,False,1,,,507,1411,
RPL21P131,False,True,False,1,,,510,1388,
RPL21P16,True,False,False,1,8.555348761135415,4489,,,
RPL21P18,False,True,False,1,,,397,2339,
RPL21P33,False,True,False,1,,,469,1655,
RPL21P34,False,True,False,1,,,352,2931,
RPL21P5,False,True,False,1,,,271,4658,
RPL21P7,False,True,False,1,,,534,1238,
RPL21P8,False,True,False,1,,,286,4238,
RPL21P91,False,True,False,1,,,427,2040,
RPL22P1,True,False,False,1,11.983095069834874,1417,,,
RPL23AP36,False,True,False,1,,,309,3683,
RPL23AP42,True,False,False,1,28.8276238418568,38,,,
RPL23AP64,False,True,False,1,,,264,4856,
RPL23AP75,False,True,False,1,,,280,4394,
RPL23P5,False,True,False,1,,,530,1252,
RPL24P9,False,True,False,1,,,297,3972,
RPL26P26,False,True,False,1,,,382,2521,
RPL26P37,False,True,False,1,,,335,3188,
RPL31P20,False,True,False,1,,,696,687,
RPL31P7,False,True,False,1,,,296,4004,
RPL32P15,False,True,False,1,,,366,2712,
RPL32P18,False,True,False,1,,,320,3463,
RPL32P20,False,True,False,1,,,303,3820,
RPL32P3,False,True,False,1,,,300,3894,
RPL32P31,False,True,False,1,,,334,3206,
RPL34P1,False,True,False,1,,,301,3865,
RPL34P26,False,True,False,1,,,454,1784,
RPL34P31,False,True,False,1,,,531,1249,
RPL34P34,False,True,False,1,,,453,1792,
RPL35AP33,False,True,False,1,,,467,1666,
RPL35P4,False,True,False,1,,,456,1764,
RPL36A-HNRNPH2,True,False,False,1,13.72635259726911,864,,,
RPL36AP21,False,True,False,1,,,293,4079,
RPL39P26,False,True,False,1,,,487,1534,
RPL3L,True,True,False,2,11.44958560852897,1706,312,3618,
RPL3P1,False,True,False,1,,,300,3890,
RPL3P3,False,True,False,1,,,497,1467,
RPL3P4,True,False,False,1,20.99962776994008,145,,,
RPL3P6,False,True,False,1,,,280,4392,
RPL3P7,False,True,False,1,,,365,2727,
RPL3P8,False,True,False,1,,,555,1155,
RPL41P2,True,False,False,1,10.351747386222897,2436,,,
RPL4P7,False,True,False,1,,,354,2899,
RPL6P25,False,True,False,1,,,473,1632,
RPL6P6,False,True,False,1,,,409,2212,
RPL7AP44,False,True,False,1,,,281,4364,
RPL7L1P10,False,True,False,1,,,287,4224,
RPL7P14,False,True,False,1,,,366,2714,
RPL7P3,True,True,False,2,9.714043916955468,3009,265,4820,
RPL7P47,False,True,False,1,,,446,1853,
RPL7P51,False,True,False,1,,,340,3110,
RPL7P6,False,True,False,1,,,389,2435,
RPL9P18,False,True,False,1,,,280,4391,
RPL9P33,False,True,False,1,,,280,4396,
RPLP0P8,False,True,False,1,,,461,1712,
RPLP0P9,True,False,False,1,19.73784159404012,196,,,
RPLP1P5,False,True,False,1,,,372,2634,
RPN1,True,False,False,1,10.312111961175088,2469,,,
RPP21,True,False,False,1,9.720823864072228,3005,,,
RPPH1,True,False,False,1,30.67808514766931,31,,,
RPRD1A,False,True,False,1,,,578,1035,
RPRD1B,False,True,False,1,,,435,1950,
RPS10,True,False,False,1,8.339621898995544,4842,,,
RPS12P23,False,True,False,1,,,435,1954,
RPS15AP40,False,True,False,1,,,351,2942,
RPS16P5,False,True,False,1,,,601,945,
RPS17,True,True,False,2,12.844028131343926,1096,388,2450,
RPS18,True,False,False,1,14.59972052056424,673,,,
RPS18P12,False,True,False,1,,,516,1333,
RPS18P13,False,True,False,1,,,516,1336,
RPS18P6,False,True,False,1,,,480,1593,
RPS20P15,False,True,False,1,,,324,3401,
RPS23P2,False,True,False,1,,,421,2102,
RPS27AP10,False,True,False,1,,,527,1271,
RPS27AP11,False,True,False,1,,,303,3815,
RPS27AP3,False,True,False,1,,,307,3729,
RPS27P16,False,True,False,1,,,404,2264,
RPS28P7,True,False,False,1,12.92384641622433,1078,,,
RPS29P22,False,True,False,1,,,582,1016,
RPS2P15,False,True,False,1,,,606,928,
RPS2P36,False,True,False,1,,,386,2468,
RPS2P44,False,True,False,1,,,386,2469,
RPS2P5,True,False,False,1,15.737170804021188,484,,,
RPS3AP12,False,True,False,1,,,269,4702,
RPS3AP25,False,True,False,1,,,312,3628,
RPS3AP36,False,True,False,1,,,547,1188,
RPS3AP49,False,True,False,1,,,609,916,
RPS4Y1,True,False,False,1,28.178479921655484,47,,,
RPS6KA1,True,False,False,1,8.59587062481538,4418,,,
RPS6KA2,True,False,False,1,10.172468999151873,2591,,,
RPS6KA4,True,False,False,1,10.811629839187995,2115,,,
RPS6KB1,False,True,False,1,,,454,1780,
RPS7P4,False,True,False,1,,,274,4564,
RPS9,True,False,False,1,13.996653554894626,797,,,
RPSAP16,False,True,False,1,,,461,1710,
RPSAP49,False,True,False,1,,,312,3625,
RPTOR,True,True,False,2,9.805588629972062,2921,466,1668,
RPUSD1,True,True,False,2,8.898949580685722,4007,280,4374,
RRAD,True,False,False,1,15.029500819281404,591,,,
RRAGD,True,False,False,1,12.351118700026923,1267,,,
RRAS,True,False,False,1,8.91809943464582,3977,,,
RRBP1,True,False,False,1,8.795600459470284,4128,,,
RRM2,True,False,False,1,9.995546224422878,2741,,,
RRN3,True,False,False,1,10.149075904151598,2611,,,
RSAD1,True,True,False,2,8.645393230380904,4340,270,4669,
RSAD2,True,False,False,1,10.690057649111852,2186,,,
RSC1A1,True,False,False,1,9.790190243596452,2935,,,
RSKR,False,True,False,1,,,266,4784,
RSPO3,True,False,False,1,9.658124123264246,3076,,,
RSPRY1,False,True,False,1,,,483,1561,
RSU1P3,False,True,False,1,,,900,393,
RTCA-AS1,False,True,False,1,,,291,4116,
RTCB,False,True,False,1,,,331,3245,
RTEL1,True,True,False,2,9.801750595027936,2926,439,1919,
RTEL1-TNFRSF6B,True,False,False,1,9.291804632477511,3466,,,
RTKN,True,True,False,2,9.299374593686286,3455,281,4342,
RTL5,True,False,False,1,8.686087269131388,4279,,,
RTL6,True,False,False,1,9.4937665760996,3259,,,
RTN4RL1,True,False,False,1,8.420304836910208,4698,,,
RTRAF,False,True,False,1,,,327,3334,
RTTN,False,True,False,1,,,332,3233,
RUBCN,True,False,False,1,8.386701782792018,4745,,,
RUFY1-AS1,False,True,False,1,,,282,4332,
RUNX1,True,False,False,1,8.584494443696,4435,,,
RUNX1T1,True,False,False,1,8.468936570195345,4635,,,
RUNX3,True,False,False,1,9.543975938006565,3196,,,
RUSC2,True,False,False,1,11.979050858391115,1420,,,
RUSF1,True,True,False,2,13.90910692496373,827,430,1996,
RUVBL2,False,True,False,1,,,379,2550,
RWDD3-DT,False,True,False,1,,,584,1007,
RXRA,True,False,False,1,8.31979919594279,4871,,,
RXRB,True,False,False,1,11.876465941633844,1478,,,
RXRG,True,False,False,1,11.374397853889963,1755,,,
RYK,False,True,False,1,,,326,3360,
RYR1,True,False,False,1,8.94342901680069,3942,,,
RYR2,True,True,True,3,38.91461118070816,13,347,3000,both
S100A1,True,False,False,1,14.819949882222076,631,,,
S100A10,True,False,False,1,8.305905669267576,4894,,,
S100A11,True,False,False,1,10.182218838718832,2579,,,
S100A16,True,False,False,1,13.659543284590733,878,,,
S100A4,True,False,False,1,11.13110554734664,1914,,,
S100A6,True,False,False,1,12.0341391795754,1399,,,
S100A7A,False,True,False,1,,,962,336,
S100A8,True,False,False,1,15.431335391668815,533,,,
S100A9,True,True,False,2,19.70138583872284,197,356,2859,
S100B,True,False,False,1,9.18269538265787,3606,,,
S100PBP,False,True,False,1,,,289,4148,
S1PR1,True,False,False,1,12.098853049504882,1376,,,
SAA1,True,False,False,1,9.298616592444828,3458,,,
SAG,False,True,False,1,,,1300,144,
SALL1,True,False,False,1,11.726318717623837,1546,,,
SALL2,True,False,False,1,9.544536549735534,3194,,,
SALL4,True,False,False,1,8.588231114092155,4428,,,
SALL4P7,False,True,False,1,,,266,4798,
SALRNA3,False,True,False,1,,,374,2615,
SAMD11,True,False,False,1,8.324596240038618,4862,,,
SAMD4A,True,False,False,1,8.782757386468534,4148,,,
SAMD7,False,True,False,1,,,374,2608,
SAMD9,True,False,False,1,13.024847068504933,1053,,,
SAMD9L,True,False,False,1,14.619288628605464,668,,,
SAMM50,False,True,False,1,,,296,3982,
SAMMSON,False,True,False,1,,,557,1140,
SAMSN1,True,False,False,1,10.725410954006929,2166,,,
SAP30L-AS1,False,True,False,1,,,332,3238,
SAPCD2,True,False,False,1,9.835253862973367,2886,,,
SARS2,True,False,False,1,8.547366797750856,4501,,,
SASH3,True,True,False,2,12.052416361881434,1391,720,623,
SBF1,True,False,False,1,9.797485772498623,2931,,,
SBF2,False,True,False,1,,,271,4643,
SBK1,True,False,False,1,9.244623159014417,3526,,,
SBNO2,True,False,False,1,12.91182875757981,1083,,,
SCAF1,True,True,False,2,13.27559552617459,974,481,1577,
SCAF8,False,True,False,1,,,699,676,
SCAI,False,True,False,1,,,402,2283,
SCAMP5,True,False,False,1,8.578173159701837,4444,,,
SCAP,True,True,False,2,8.543330363526367,4505,457,1748,
SCARA3,True,False,False,1,15.380610956716971,539,,,
SCARA5,True,False,False,1,15.227980384782864,564,,,
SCARB2,False,True,False,1,,,414,2162,
SCARF1,True,False,False,1,11.555950155987755,1644,,,
SCARF2,True,False,False,1,12.17255692626169,1336,,,
SCARNA1,False,True,False,1,,,312,3632,
SCARNA10,True,True,False,2,20.19656151141997,179,339,3126,
SCARNA12,True,False,False,1,12.812709352110938,1103,,,
SCARNA13,True,False,False,1,15.102033500907238,579,,,
SCARNA2,True,False,False,1,17.482248132264818,300,,,
SCARNA21,True,True,False,2,10.940206083324108,2029,370,2669,
SCARNA3,False,True,False,1,,,992,308,
SCARNA5,True,True,False,2,13.139507069410737,1011,330,3282,
SCARNA6,True,True,False,2,8.616958234638076,4385,290,4139,
SCARNA7,True,False,False,1,16.768673167570263,352,,,
SCARNA9,True,False,False,1,8.361308886241574,4796,,,
SCAT1,False,True,False,1,,,293,4082,
SCD,True,False,False,1,12.595660137439856,1169,,,
SCFD1,False,True,False,1,,,297,3953,
SCG2,True,False,False,1,12.618057398893807,1164,,,
SCG3,False,True,False,1,,,330,3266,
SCHIP1,True,False,False,1,10.341645598457808,2445,,,
SCML4,False,True,False,1,,,386,2466,
SCN1A-AS1,False,True,False,1,,,779,528,
SCN2B,True,True,False,2,11.88597804284074,1476,349,2966,
SCN3A,True,False,False,1,8.509562981828058,4561,,,
SCN4B,True,False,False,1,11.57168363459213,1632,,,
SCN5A,True,False,False,1,20.659263714270008,156,,,
SCN7A,True,False,False,1,12.079292279354096,1382,,,
SCNN1D,False,True,False,1,,,353,2914,
SCO1,False,True,False,1,,,429,2008,
SCRIB,True,True,False,2,12.429722679760935,1232,364,2738,
SCRN1,True,False,False,1,8.739880273623196,4213,,,
SCRN2,True,False,False,1,8.779462762920081,4154,,,
SCUBE3,True,False,False,1,11.205560280130674,1870,,,
SCYL1,True,True,False,2,8.624574448705696,4375,466,1669,
SCYL2,False,True,False,1,,,310,3657,
SDAD1,False,True,False,1,,,357,2848,
SDAD1-AS1,False,True,False,1,,,330,3280,
SDC1,True,False,False,1,13.14806444163886,1009,,,
SDC2,True,False,False,1,10.181984855211958,2580,,,
SDCBP2-AS1,False,True,False,1,,,314,3590,
SDF4,True,True,False,2,9.038145053453649,3801,264,4836,
SDHAP3,False,True,False,1,,,494,1484,
SDHAP4,False,True,False,1,,,741,587,
SDK1,True,False,False,1,9.744553184745342,2987,,,
SDK2,True,True,False,2,13.401804058571413,940,557,1138,
SEC14L2,True,False,False,1,9.705346529732909,3022,,,
SEC14L5,True,False,False,1,9.5312308031508,3213,,,
SEC16A,True,True,False,2,8.813592067855506,4101,429,2011,
SEC22C,False,True,False,1,,,328,3307,
SEC23IP,False,True,False,1,,,271,4640,
SEC24B,False,True,False,1,,,492,1495,
SEC24B-AS1,False,True,False,1,,,269,4704,
SEC24C,False,True,False,1,,,605,929,
SEC24D,False,True,False,1,,,284,4282,
SEC31B,True,True,False,2,8.684246716844601,4285,371,2640,
SEC61A1,True,True,False,2,10.661420082058669,2214,603,935,
SECISBP2L,False,True,False,1,,,345,3033,
SECTM1,True,False,False,1,10.987414735051445,1997,,,
SEL1L3,True,False,False,1,12.18864614443334,1331,,,
SELE,True,False,False,1,12.938269275055063,1074,,,
SELENBP1,True,False,False,1,8.444593766140528,4666,,,
SELENOM,True,False,False,1,8.811649146942907,4103,,,
SELENON,True,False,False,1,12.85681695022567,1092,,,
SELENOO,True,True,False,2,9.020292962412324,3829,334,3197,
SELENOP,True,False,False,1,15.461772539070184,525,,,
SELENOV,False,True,False,1,,,457,1755,
SELL,True,False,False,1,13.921938380002167,822,,,
SELP,True,False,False,1,13.686566125738874,872,,,
SELPLG,True,False,False,1,9.173000358834368,3618,,,
SEMA3A,True,False,False,1,9.157283384705782,3646,,,
SEMA3B,True,False,False,1,10.433922169785989,2380,,,
SEMA3C,True,False,False,1,10.890100281547214,2069,,,
SEMA3D,True,False,False,1,8.377214021331712,4763,,,
SEMA3F,True,False,False,1,14.982038722095009,601,,,
SEMA3F-AS1,False,True,False,1,,,303,3818,
SEMA3G,True,False,False,1,12.229930971269551,1315,,,
SEMA4B,True,False,False,1,9.709219753106186,3016,,,
SEMA4C,True,True,False,2,9.61792564855016,3119,324,3398,
SEMA4D,True,False,False,1,10.708318797232488,2175,,,
SEMA4G,False,True,False,1,,,292,4085,
SEMA5A,True,False,False,1,12.656017317337396,1154,,,
SEMA5B,True,False,False,1,9.657054889714404,3080,,,
SEMA6A,True,False,False,1,9.639010488382782,3092,,,
SEMA6A-AS1,False,True,False,1,,,291,4120,
SEMA6B,True,False,False,1,14.244443248411732,741,,,
SEMA6C,True,False,False,1,11.68828977399223,1563,,,
SEMA6D,True,False,False,1,10.076805489868464,2659,,,
SEMA7A,True,False,False,1,8.977141638120614,3893,,,
SENCR,True,False,False,1,9.035026865688264,3806,,,
SENP3,True,True,False,2,11.79727516743799,1508,392,2397,
SENP3-EIF4A1,True,False,False,1,9.879812916560027,2834,,,
SENP6,False,True,False,1,,,692,699,
SEPSECS-AS1,False,True,False,1,,,752,567,
SEPTIN3,False,True,False,1,,,523,1292,
SEPTIN4,True,False,False,1,8.671419590746478,4307,,,
SEPTIN5,True,False,False,1,11.490183303818364,1678,,,
SEPTIN7P12,False,True,False,1,,,318,3508,
SEPTIN7P14,False,True,False,1,,,508,1404,
SEPTIN9,True,False,False,1,10.977626579779256,2009,,,
SERINC2,True,False,False,1,11.03353198830509,1968,,,
SERPINA1,True,False,False,1,19.92923990270215,185,,,
SERPINA10,False,True,False,1,,,347,3012,
SERPINA11,False,True,False,1,,,306,3747,
SERPINA3,True,False,False,1,16.391482877398825,385,,,
SERPINA4,False,True,False,1,,,284,4273,
SERPINA5,True,False,False,1,9.866965437322753,2850,,,
SERPINB13,False,True,False,1,,,721,621,
SERPINB2,True,False,False,1,14.26694517183207,735,,,
SERPINB8,False,True,False,1,,,262,4905,
SERPINC1,False,True,False,1,,,314,3576,
SERPIND1,True,False,False,1,10.858366251106458,2083,,,
SERPINE1,True,False,False,1,25.05393988294272,73,,,
SERPINE2,True,False,False,1,11.96633228842479,1428,,,
SERPINF1,True,False,False,1,13.251218439697894,986,,,
SERPING1,True,False,False,1,11.179151263081028,1881,,,
SERPINH1,True,False,False,1,11.909103907475776,1457,,,
SERTAD3,True,False,False,1,8.404227902740375,4723,,,
SETD1A,True,True,False,2,9.630840777585158,3104,309,3671,
SETD2,False,True,False,1,,,263,4881,
SETDB1,False,True,False,1,,,581,1020,
SETDB2,False,True,False,1,,,271,4644,
SETP10,False,True,False,1,,,300,3891,
SETX,False,True,False,1,,,432,1976,
SEZ6L2,True,False,False,1,11.814113816693832,1502,,,
SF3A2,True,False,False,1,11.98693928656547,1416,,,
SF3B4,True,False,False,1,8.549725404118844,4497,,,
SF3B5,False,True,False,1,,,274,4557,
SF3B6,False,True,False,1,,,284,4277,
SFMBT2,True,False,False,1,11.06192122948162,1951,,,
SFRP1,True,False,False,1,15.591763059720854,505,,,
SFRP2,True,False,False,1,13.313976084570031,965,,,
SFRP4,True,False,False,1,17.491739935628555,298,,,
SFRP5,True,False,False,1,15.442181336050565,529,,,
SFTPD-AS1,False,True,False,1,,,980,323,
SFXN3,True,False,False,1,8.648072511080782,4335,,,
SGCA,True,False,True,2,16.29723394353013,402,,,both
SGCB,False,False,True,1,,,,,both
SGCD,True,False,True,2,16.173235189056843,421,,,both
SGCE,False,False,True,1,,,,,both
SGCG,True,False,True,2,12.157891583589972,1343,,,both
SGCZ,False,False,True,1,,,,,both
SGK1,True,False,False,1,8.528144973876511,4534,,,
SGK2,False,True,False,1,,,272,4600,
SGMS2,True,False,False,1,9.971149019689236,2765,,,
SGSH,True,False,False,1,9.21963648476744,3558,,,
SGSM1,True,False,False,1,8.871446722999911,4035,,,
SGSM2,True,True,False,2,8.662398566972822,4317,574,1054,
SGTA,True,True,False,2,9.168602792103288,3627,490,1508,
SH2B3,True,True,False,2,9.33171002202492,3418,307,3714,
SH2D1A,False,True,False,1,,,306,3746,
SH2D3C,True,False,False,1,13.864244227798617,835,,,
SH2D5,True,False,False,1,8.466920277855595,4638,,,
SH3BGR,True,False,False,1,15.584531587385817,506,,,
SH3BGRL3,True,False,False,1,8.781024119695951,4152,,,
SH3BP1,True,False,False,1,8.71043864694619,4247,,,
SH3BP4,True,False,False,1,9.601969658571472,3137,,,
SH3BP5-AS1,False,True,False,1,,,343,3064,
SH3BP5L,True,False,False,1,10.78958423141043,2126,,,
SH3D19,True,False,False,1,10.419095165940918,2395,,,
SH3GL1,True,True,False,2,9.461147100927924,3291,560,1119,
SH3GL1P1,False,True,False,1,,,697,684,
SH3GL2,True,False,False,1,8.340069099475732,4840,,,
SH3GL3,True,True,False,2,13.02858574068477,1051,274,4554,
SH3GLB2,True,False,False,1,8.413270638402006,4713,,,
SH3PXD2A,True,False,False,1,8.548510605762468,4499,,,
SH3PXD2B,True,False,False,1,10.881453590329686,2071,,,
SH3RF2,True,False,False,1,12.090012424757385,1379,,,
SH3RF3,True,False,False,1,9.440343610767114,3312,,,
SH3TC1,True,False,False,1,11.973787218555854,1425,,,
SHANK2,True,False,False,1,8.533104162717366,4524,,,
SHANK3,True,False,False,1,10.194606785313772,2568,,,
SHB,True,False,False,1,8.440032686044075,4670,,,
SHC1,True,True,False,2,11.128589060634312,1917,344,3047,
SHC2,True,False,False,1,12.834008161609091,1098,,,
SHC3,True,False,False,1,10.67947501743867,2194,,,
SHD,True,False,False,1,11.536557699784442,1652,,,
SHE,True,False,False,1,13.480518734826758,920,,,
SHF,False,True,False,1,,,301,3858,
SHFL,False,True,False,1,,,294,4038,
SHISA3,True,False,False,1,10.594875192695492,2263,,,
SHISA4,True,False,False,1,8.87129403570909,4036,,,
SHISA5P2,False,True,False,1,,,584,1006,
SHISAL1,True,False,False,1,8.875959849042331,4031,,,
SHKBP1,True,False,False,1,9.130593814792702,3677,,,
SHLD2P2,False,True,False,1,,,649,799,
SHMT1,True,False,False,1,12.52457403147194,1205,,,
SHQ1,False,True,False,1,,,268,4715,
SHROOM2,True,False,False,1,11.119641609220835,1924,,,
SHROOM3,True,False,False,1,10.175930686360449,2586,,,
SIDT1,False,True,False,1,,,369,2674,
SIGLEC1,True,True,False,2,13.262157317785558,985,455,1768,
SIGLEC10,False,True,False,1,,,353,2913,
SIGLEC5,False,True,False,1,,,557,1141,
SIGLEC7,False,True,False,1,,,519,1321,
SIGLEC9,True,True,False,2,8.357816907322917,4801,649,798,
SIGLECL1,False,True,False,1,,,396,2349,
SIGMAR1,True,False,False,1,8.550127135852765,4495,,,
SIK1,True,False,False,1,8.999085297676498,3858,,,
SIKE1,False,True,False,1,,,264,4835,
SIN3A,False,True,False,1,,,371,2645,
SIN3B,True,True,False,2,9.162037110263611,3640,704,662,
SINHCAFP3,True,False,False,1,15.162468665166353,571,,,
SIPA1,True,False,False,1,11.128084308595524,1918,,,
SIPA1L2,True,False,False,1,12.343339021156009,1271,,,
SIPA1L3,True,False,False,1,8.684168810180907,4286,,,
SIRPA,True,False,False,1,8.973115193341169,3903,,,
SIRPB2,True,False,False,1,9.134284285009247,3671,,,
SIRPD,False,True,False,1,,,317,3514,
SIRPG,False,True,False,1,,,276,4495,
SIRT5,False,True,False,1,,,398,2323,
SIRT6,True,True,False,2,9.28861872160399,3473,488,1520,
SIX5,True,False,False,1,13.816951038904694,846,,,
SKA1,True,False,False,1,9.978224231373396,2757,,,
SKA3,True,False,False,1,8.677857294181763,4298,,,
SKAP1-AS2,False,True,False,1,,,265,4822,
SKI,True,False,False,1,9.25758790244336,3507,,,
SKIV2L,True,False,False,1,8.6015834910555,4406,,,
SLA,True,True,False,2,13.772153714539106,855,551,1173,
SLAIN1,True,False,False,1,9.632274847929038,3097,,,
SLAMF1,False,True,False,1,,,363,2745,
SLAMF6,False,True,False,1,,,422,2083,
SLC10A1,False,True,False,1,,,265,4802,
SLC11A1,False,True,False,1,,,442,1887,
SLC12A4,True,False,False,1,9.486200064047669,3267,,,
SLC12A7,True,False,False,1,15.579477887356347,507,,,
SLC12A9,False,True,False,1,,,276,4500,
SLC13A4,False,True,False,1,,,327,3342,
SLC14A1,True,False,False,1,10.062498873688297,2680,,,
SLC15A2,False,True,False,1,,,317,3517,
SLC15A3,True,False,False,1,10.093550380217648,2644,,,
SLC16A1,True,False,False,1,16.89720125028773,341,,,
SLC16A10,False,True,False,1,,,316,3528,
SLC16A12,True,False,False,1,11.765121525251727,1521,,,
SLC16A2,True,False,False,1,9.723749365385196,3002,,,
SLC16A3,True,False,False,1,11.756502931222794,1528,,,
SLC16A4-AS1,False,True,False,1,,,386,2473,
SLC17A1,False,True,False,1,,,295,4013,
SLC17A2,False,True,False,1,,,355,2875,
SLC17A9,True,False,False,1,10.291144207142311,2481,,,
SLC19A2,True,False,False,1,8.692944699072385,4270,,,
SLC1A1,True,False,False,1,10.268456160743492,2507,,,
SLC1A3,True,False,False,1,16.178160354321026,419,,,
SLC1A5,True,False,False,1,11.282544542138451,1823,,,
SLC1A6,False,True,False,1,,,681,723,
SLC20A2,True,True,False,2,8.322500592133421,4869,326,3361,
SLC22A10,False,True,False,1,,,276,4507,
SLC22A15,True,False,False,1,8.677630518836724,4299,,,
SLC22A17,True,False,False,1,11.111428441138624,1927,,,
SLC22A20P,False,True,False,1,,,344,3049,
SLC22A25,False,True,False,1,,,1177,197,
SLC22A3,True,False,False,1,10.42208233394597,2392,,,
SLC22A5,False,True,False,1,,,342,3076,
SLC23A1,False,True,False,1,,,279,4418,
SLC24A3,True,False,False,1,10.813267726487505,2114,,,
SLC24A4,False,True,False,1,,,340,3103,
SLC25A1,True,False,False,1,9.195838653942229,3591,,,
SLC25A10,True,False,False,1,9.274694391219578,3491,,,
SLC25A16,False,True,False,1,,,318,3494,
SLC25A22,True,True,False,2,9.663214095191336,3073,275,4534,
SLC25A23,True,False,False,1,9.892920852251342,2822,,,
SLC25A25,True,False,False,1,9.512650250637725,3237,,,
SLC25A27,True,True,False,2,9.70675813909662,3020,342,3073,
SLC25A29,True,False,False,1,12.02335370836716,1404,,,
SLC25A39,True,False,False,1,9.167197178946443,3631,,,
SLC25A3P1,False,True,False,1,,,709,650,
SLC25A4,True,False,False,1,11.73597188675499,1541,,,
SLC25A46,False,True,False,1,,,626,860,
SLC25A47,False,True,False,1,,,279,4411,
SLC25A5-AS1,False,True,False,1,,,296,4001,
SLC26A1,False,True,False,1,,,267,4737,
SLC26A4-AS1,False,True,False,1,,,424,2069,
SLC26A6,True,False,False,1,9.397909249869974,3351,,,
SLC26A9,True,False,False,1,11.845317968929452,1488,,,
SLC27A4,True,False,False,1,9.446189225709697,3303,,,
SLC27A6,True,True,False,2,20.98741370146299,146,331,3247,
SLC28A3,True,False,False,1,9.966826812732371,2771,,,
SLC29A1,True,False,False,1,9.969857292303994,2769,,,
SLC29A2,True,True,False,2,11.139705789033409,1909,343,3063,
SLC2A10,True,False,False,1,8.776372726651605,4161,,,
SLC2A12,True,False,False,1,9.767226898150057,2961,,,
SLC2A3P1,True,False,False,1,12.221976787644667,1324,,,
SLC2A3P2,False,True,False,1,,,421,2100,
SLC2A4,True,True,False,2,12.448030592163532,1222,287,4220,
SLC30A3,True,False,False,1,12.015375294630376,1408,,,
SLC30A5,False,True,False,1,,,429,2010,
SLC30A6,False,True,False,1,,,454,1782,
SLC30A9,False,True,False,1,,,403,2271,
SLC32A1,False,True,False,1,,,370,2660,
SLC35B2,True,False,False,1,9.065031297571752,3769,,,
SLC35C2,False,True,False,1,,,358,2824,
SLC35F1,True,True,False,2,11.143435701077983,1907,283,4310,
SLC35F5,False,True,False,1,,,303,3805,
SLC38A10,True,False,False,1,8.358858253089181,4799,,,
SLC38A3,True,False,False,1,10.7537011148612,2152,,,
SLC38A5,True,False,False,1,11.370226282494444,1759,,,
SLC39A1,True,False,False,1,8.392535406258036,4739,,,
SLC39A13,True,True,False,2,8.854981536592398,4058,266,4783,
SLC39A14,True,False,False,1,10.51312820840801,2328,,,
SLC39A7,True,False,False,1,12.812406471560324,1104,,,
SLC40A1,True,False,False,1,8.63039249842909,4363,,,
SLC41A1,True,False,False,1,9.857587666350978,2858,,,
SLC41A3-AS1,False,True,False,1,,,346,3025,
SLC43A2,True,False,False,1,9.114496877435046,3699,,,
SLC43A3,True,False,False,1,9.61706099755038,3121,,,
SLC44A5,True,False,False,1,10.73531335151604,2163,,,
SLC4A1AP,False,True,False,1,,,262,4904,
SLC4A2,True,True,False,2,12.85205977563752,1094,414,2163,
SLC4A3,True,True,False,2,20.94147993172892,149,310,3656,
SLC4A4,True,False,False,1,12.131421218025984,1355,,,
SLC52A2,True,False,False,1,11.537640533566158,1651,,,
SLC5A1,True,True,False,2,20.251643807391236,176,456,1759,
SLC5A6,True,False,False,1,8.332424476166997,4853,,,
SLC6A1,True,False,False,1,9.15493061889303,3650,,,
SLC6A6,True,False,False,1,9.564994849756154,3179,,,
SLC6A8,True,False,False,1,10.534820713359675,2306,,,
SLC6A9,True,False,False,1,9.309352271832866,3444,,,
SLC7A1,True,False,False,1,8.426264460722523,4687,,,
SLC7A11,True,False,False,1,14.386584276036611,713,,,
SLC7A2,True,False,False,1,14.997001177451311,595,,,
SLC7A3,False,True,False,1,,,322,3432,
SLC7A5,True,False,False,1,14.157426065499807,762,,,
SLC7A8,True,False,False,1,9.10614999925119,3710,,,
SLC8A1,True,False,True,2,15.767661389101049,476,,,both
SLC8A1-AS1,True,False,False,1,11.206676135041368,1867,,,
SLC8A2,False,False,True,1,,,,,both
SLC8A3,False,False,True,1,,,,,both
SLC8B1,False,True,False,1,,,380,2536,
SLC9A1,True,False,False,1,9.535477258591374,3206,,,
SLC9A3-AS1,True,False,False,1,9.43018569253593,3322,,,
SLC9A3R1,True,False,False,1,9.336630582495202,3414,,,
SLC9A3R2,True,False,False,1,11.894454696345663,1468,,,
SLC9A8,False,True,False,1,,,348,2988,
SLC9A9-AS1,False,True,False,1,,,420,2112,
SLCO1B1,False,True,False,1,,,359,2810,
SLCO2A1,True,False,False,1,12.147673122351586,1347,,,
SLCO2B1,True,False,False,1,13.83073446888286,842,,,
SLCO4A1,True,False,False,1,9.621344970218368,3115,,,
SLCO5A1,True,False,False,1,10.02905902323555,2707,,,
SLFN11,True,False,False,1,14.948661771344582,605,,,
SLFN12L,False,True,False,1,,,475,1619,
SLIT1,False,True,False,1,,,470,1651,
SLIT2,True,False,False,1,10.528266825404645,2310,,,
SLIT3,True,False,False,1,13.568504663338274,899,,,
SLN,True,False,False,1,11.830551759294146,1496,,,
SLPI,True,False,False,1,9.276305795506676,3488,,,
SLX1A,True,False,False,1,8.94431297858603,3941,,,
SLX1B,True,False,False,1,8.503202830041875,4568,,,
SMAD4,False,True,False,1,,,449,1820,
SMAD6,True,False,False,1,9.342663171258849,3407,,,
SMARCA1,True,False,False,1,9.55964888458835,3183,,,
SMARCAD1,False,True,False,1,,,384,2494,
SMARCB1,True,False,False,1,14.89775139625004,622,,,
SMARCD2,True,True,False,2,9.123662389848269,3687,375,2594,
SMC2-DT,False,True,False,1,,,1066,251,
SMC5-DT,False,True,False,1,,,331,3262,
SMCO1,True,False,False,1,11.05397137758979,1955,,,
SMCR5,False,True,False,1,,,325,3382,
SMCR8,False,True,False,1,,,358,2835,
SMG1,False,True,False,1,,,608,920,
SMG1P1,False,True,False,1,,,302,3846,
SMG1P3,True,True,False,2,9.08646517216916,3744,279,4419,
SMG5,True,True,False,2,11.292155053126232,1815,729,604,
SMG8,True,False,False,1,8.336449943599595,4848,,,
SMG9,False,True,False,1,,,291,4107,
SMIM10L2B,True,True,False,2,9.505003285369057,3248,370,2665,
SMIM14-DT,False,True,False,1,,,361,2786,
SMIM35,False,True,False,1,,,328,3325,
SMN1,True,False,False,1,9.695528821631855,3038,,,
SMN2,True,False,False,1,9.074252094692085,3758,,,
SMO,True,True,False,2,10.802255003814842,2121,301,3856,
SMOC1,True,False,False,1,9.6411475906421,3090,,,
SMOC2,True,False,False,1,18.288604734327183,248,,,
SMPD1,True,False,False,1,9.120748713777337,3693,,,
SMPD4,False,True,False,1,,,595,963,
SMPD4BP,True,True,False,2,8.70945657303162,4249,357,2845,
SMPX,True,False,False,1,33.19198747943881,24,,,
SMTN,True,False,False,1,11.469747517335742,1689,,,
SMTNL2,True,False,False,1,14.323596935305144,720,,,
SMU1,False,True,False,1,,,435,1952,
SMURF1,True,False,False,1,12.134835692745073,1353,,,
SMYD1,True,True,False,2,40.09682895594733,9,287,4211,
SMYD2,True,False,False,1,9.251882879287958,3513,,,
SMYD3-AS1,False,True,False,1,,,512,1370,
SMYD5,True,True,False,2,8.56914126125461,4464,278,4444,
SNAI1,True,False,False,1,10.047838031461364,2693,,,
SNAI2,True,False,False,1,11.015109546549764,1977,,,
SNAP25,True,False,False,1,8.863195444027971,4048,,,
SNAP91,True,True,False,2,15.977857333595864,445,347,2992,
SNAPC2,False,True,False,1,,,261,4922,
SNAPC3,False,True,False,1,,,356,2860,
SNAPC4,False,True,False,1,,,271,4647,
SNCA,True,False,False,1,10.983167392378908,2001,,,
SNCAIP,True,False,False,1,9.574862971398847,3166,,,
SNCG,True,False,False,1,10.378471224588749,2422,,,
SND1,True,True,False,2,9.393285827433877,3354,514,1357,
SNED1,True,False,False,1,11.400092214239873,1739,,,
SNHG18,True,False,False,1,8.600431553236389,4412,,,
SNHG22,True,False,False,1,9.40497069624399,3347,,,
SNORA11,False,True,False,1,,,266,4791,
SNORA11F,False,True,False,1,,,474,1628,
SNORA12,False,True,False,1,,,407,2230,
SNORA16B,False,True,False,1,,,460,1722,
SNORA20,False,True,False,1,,,300,3888,
SNORA22,False,True,False,1,,,376,2586,
SNORA23,False,True,False,1,,,291,4115,
SNORA28,False,True,False,1,,,678,729,
SNORA2C,False,True,False,1,,,262,4913,
SNORA31,False,True,False,1,,,269,4699,
SNORA33,False,True,False,1,,,397,2338,
SNORA37,False,True,False,1,,,427,2039,
SNORA3B,False,True,False,1,,,290,4137,
SNORA46,False,True,False,1,,,274,4562,
SNORA47,False,True,False,1,,,288,4193,
SNORA48,True,False,False,1,9.030830162420305,3810,,,
SNORA49,False,True,False,1,,,267,4746,
SNORA50A,False,True,False,1,,,499,1456,
SNORA53,True,False,False,1,9.506580910293753,3245,,,
SNORA5A,False,True,False,1,,,292,4096,
SNORA5C,False,True,False,1,,,410,2204,
SNORA63,True,False,False,1,8.519076186808952,4546,,,
SNORA65,False,True,False,1,,,432,1983,
SNORA66,False,True,False,1,,,509,1395,
SNORA70G,False,True,False,1,,,679,727,
SNORA73A,True,True,False,2,16.061638416830363,436,300,3897,
SNORA73B,True,True,False,2,15.419457306969456,536,341,3092,
SNORA74D,False,True,False,1,,,339,3128,
SNORA79B,False,True,False,1,,,262,4915,
SNORD100,False,True,False,1,,,322,3438,
SNORD104,False,True,False,1,,,284,4290,
SNORD13,False,True,False,1,,,300,3892,
SNORD14A,False,True,False,1,,,320,3475,
SNORD15B,False,True,False,1,,,377,2577,
SNORD17,True,False,False,1,13.9245800015231,820,,,
SNORD3A,True,False,False,1,25.86240145107701,64,,,
SNORD3B-1,True,False,False,1,8.627989319697223,4368,,,
SNORD3C,True,False,False,1,11.628523825324162,1595,,,
SNORD3D,True,False,False,1,15.627021620226907,500,,,
SNORD46,False,True,False,1,,,269,4700,
SNORD59A,False,True,False,1,,,277,4481,
SNORD6,False,True,False,1,,,290,4136,
SNORD62A,False,True,False,1,,,266,4794,
SNORD62B,False,True,False,1,,,266,4793,
SNORD89,False,True,False,1,,,328,3317,
SNORD94,False,True,False,1,,,549,1182,
SNPH,True,False,False,1,9.5281116889545,3218,,,
SNRNP200,False,True,False,1,,,364,2733,
SNRNP70,True,True,False,2,10.675339437120009,2202,595,962,
SNRPA,True,False,False,1,8.616307186209859,4387,,,
SNRPD2,False,True,False,1,,,267,4733,
SNRPGP18,False,True,False,1,,,2821,4,
SNTA1,True,True,True,3,13.50639504363277,911,355,2871,both
SNTB1,True,False,True,2,9.041599747887169,3797,,,both
SNTB2,False,False,True,1,,,,,both
SNW1,False,True,False,1,,,268,4711,
SNX10,True,False,False,1,10.350243550119131,2439,,,
SNX13,False,True,False,1,,,561,1115,
SNX14,False,True,False,1,,,472,1638,
SNX17,False,True,False,1,,,266,4774,
SNX19,False,True,False,1,,,324,3392,
SNX19P2,False,True,False,1,,,381,2530,
SNX20,False,True,False,1,,,262,4906,
SNX33,True,False,False,1,8.56156044819938,4480,,,
SNX4,False,True,False,1,,,296,3985,
SNX5,False,True,False,1,,,266,4771,
SOCS3,True,False,False,1,10.01027068197535,2727,,,
SOCS4,False,True,False,1,,,299,3916,
SOCS7,True,False,False,1,12.064452792037123,1387,,,
SOD3,True,False,False,1,16.093791811779894,430,,,
SOGA1,True,False,False,1,9.135355166569624,3668,,,
SORBS1,True,True,False,2,16.962230000693282,337,276,4496,
SORBS2,True,False,False,1,16.362291758062085,394,,,
SORBS2-AS1,True,True,False,2,10.51004594880038,2332,272,4619,
SORBS3,True,False,False,1,9.947440231838325,2788,,,
SORCS1,True,False,False,1,14.08668395262118,778,,,
SORCS2,True,False,False,1,9.129937728772427,3678,,,
SORCS3,True,True,False,2,12.141619378515726,1350,331,3253,
SORL1,True,False,False,1,12.690621189970646,1144,,,
SORL1-AS1,False,True,False,1,,,565,1099,
SORT1,True,False,False,1,8.744348812753174,4205,,,
SOS1,False,True,False,1,,,609,912,
SOS2,False,True,False,1,,,262,4895,
SOX1,False,True,False,1,,,265,4816,
SOX1-OT,False,True,False,1,,,767,550,
SOX11,True,False,False,1,13.856928554599737,838,,,
SOX17,True,False,False,1,15.868333549782594,465,,,
SOX18,True,False,False,1,14.98817211882365,597,,,
SOX2-OT,False,True,False,1,,,443,1881,
SOX5-AS1,False,True,False,1,,,770,541,
SOX6,True,False,False,1,8.49832124573805,4579,,,
SOX7,True,False,False,1,10.710192477741373,2174,,,
SOX9,True,False,False,1,13.290684686062464,970,,,
SOX9-AS1,False,True,False,1,,,423,2079,
SP1,False,True,False,1,,,265,4817,
SP100,False,True,False,1,,,273,4569,
SP3,False,True,False,1,,,356,2861,
SPACA5,False,True,False,1,,,827,470,
SPAG16-DT,False,True,False,1,,,538,1222,
SPAG5,True,True,False,2,9.740413177460448,2989,267,4729,
SPAG5-AS1,False,True,False,1,,,308,3705,
SPAG9,False,True,False,1,,,348,2978,
SPANXA2-OT1,False,True,False,1,,,329,3305,
SPARC,True,False,False,1,11.503949333500078,1668,,,
SPARCL1,True,False,False,1,23.52714517485983,95,,,
SPAST,False,True,False,1,,,322,3423,
SPATA18,True,False,False,1,8.956243014191022,3922,,,
SPATA20,True,False,False,1,10.540920863041492,2300,,,
SPATA25,False,True,False,1,,,387,2455,
SPATA2L,True,True,False,2,8.315444722015991,4879,283,4306,
SPATA31B1P,False,True,False,1,,,439,1917,
SPATA31D5P,False,True,False,1,,,922,370,
SPATA6L,False,True,False,1,,,545,1194,
SPC25,True,False,False,1,8.706190044844748,4254,,,
SPCS2P4,True,False,False,1,9.283053512068768,3482,,,
SPCS3,False,True,False,1,,,338,3133,
SPDYE16,False,True,False,1,,,265,4830,
SPDYE2,True,False,False,1,8.63024711077938,4364,,,
SPECC1L-ADORA2A,True,False,False,1,8.368247675860646,4782,,,
SPEG,True,True,False,2,16.95607549902403,338,339,3114,
SPEM3,False,True,False,1,,,308,3709,
SPG11,False,True,False,1,,,853,443,
SPHK1,True,False,False,1,10.300888801044737,2476,,,
SPHKAP,True,True,False,2,25.89186813606803,63,400,2303,
SPI1,True,True,False,2,13.516719401473006,908,390,2415,
SPIN3,False,True,False,1,,,456,1763,
SPINDOC,True,True,False,2,10.175491868787786,2587,285,4260,
SPINK5,True,False,False,1,10.338030599573443,2452,,,
SPINT1,True,False,False,1,9.727360703296569,2998,,,
SPINT2,True,False,False,1,11.426768486215993,1721,,,
SPNS2,True,False,False,1,9.57789901079831,3161,,,
SPOCD1,True,False,False,1,13.789254054710955,851,,,
SPOCK1,True,False,False,1,15.287358383577084,551,,,
SPOCK2,True,False,False,1,14.823283391465418,630,,,
SPON1,True,False,False,1,11.221384114296754,1860,,,
SPON2,True,False,False,1,12.108469206090057,1364,,,
SPP1,True,False,False,1,11.786648826767898,1515,,,
SPR,True,False,False,1,8.752329317660866,4198,,,
SPRED3,False,True,False,1,,,309,3677,
SPRING1,False,True,False,1,,,308,3694,
SPRY2,True,False,False,1,8.482943328290865,4602,,,
SPRY4,True,False,False,1,11.416636766089375,1729,,,
SPSB1,True,False,False,1,9.659811495213578,3074,,,
SPSB4,True,True,False,2,14.332310805895595,718,341,3088,
SPTAN1,True,False,False,1,9.521797351243926,3231,,,
SPTB,True,True,False,2,20.540117262935595,164,352,2924,
SPTBN1-AS1,False,True,False,1,,,419,2123,
SPTBN2,True,False,False,1,9.039998929657344,3798,,,
SPTBN4,False,True,False,1,,,267,4738,
SPTBN5,True,False,False,1,11.004156771082446,1986,,,
SPTLC1,False,True,False,1,,,412,2179,
SPTLC2,False,True,False,1,,,315,3555,
SPX,True,False,False,1,9.31120406425633,3442,,,
SQOR,True,False,False,1,9.986616745559006,2749,,,
SQSTM1,True,False,False,1,9.565634767794789,3177,,,
SRC,True,False,False,1,9.68174291915451,3051,,,
SRCAP,True,False,False,1,11.049981548180847,1959,,,
SRCIN1,False,True,False,1,,,393,2392,
SRD5A3-AS1,False,True,False,1,,,361,2785,
SREBF2,True,False,False,1,11.822464099845998,1498,,,
SRF,True,False,False,1,9.804859314335662,2922,,,
SRGAP2D,True,False,False,1,9.712064186205396,3010,,,
SRGAP3,False,True,False,1,,,603,937,
SRGAP3-AS2,False,True,False,1,,,481,1579,
SRGAP3-AS3,False,True,False,1,,,387,2460,
SRGN,True,False,False,1,26.55027132648973,60,,,
SRL,True,True,False,2,26.3318023520047,62,490,1510,
SRM,True,False,False,1,9.338122463172276,3411,,,
SRMP2,False,True,False,1,,,943,351,
SRP54,False,True,False,1,,,410,2200,
SRP9P1,True,False,False,1,10.080275481551414,2657,,,
SRPK3,True,True,False,2,10.86762166674498,2079,294,4042,
SRPX,True,False,False,1,15.433606756222254,531,,,
SRPX2,True,False,False,1,13.232363896146955,992,,,
SRRM2,True,False,False,1,8.54815948158498,4500,,,
SRRM2-AS1,False,True,False,1,,,333,3220,
SRSF12,False,True,False,1,,,335,3179,
SRXN1,True,False,False,1,9.096747443693737,3729,,,
SS18,False,True,False,1,,,277,4475,
SSC5D,True,False,False,1,11.153185547725888,1903,,,
SSH2,True,False,False,1,8.36489210038678,4790,,,
SSH3,True,False,False,1,8.999751521641134,3855,,,
SSNA1,False,True,False,1,,,277,4479,
SSPN,True,False,True,2,9.367041396435903,3381,,,both
SSR2,False,True,False,1,,,272,4608,
SSTR1,True,False,False,1,8.481350630890493,4607,,,
SSU72,False,True,False,1,,,295,4020,
SSX3,False,True,False,1,,,363,2748,
SSX6P,False,True,False,1,,,327,3344,
ST14,True,False,False,1,9.541477551652893,3199,,,
ST3GAL4,True,False,False,1,9.738555073040487,2991,,,
ST6GAL1,True,False,False,1,9.260406256017834,3505,,,
ST6GAL2,True,False,False,1,10.467752770967998,2360,,,
ST6GALNAC3,True,False,False,1,9.525064005997152,3224,,,
ST6GALNAC4,True,False,False,1,8.905434027568583,3996,,,
ST6GALNAC5,True,False,False,1,9.989535664138772,2747,,,
ST6GALNAC6,True,False,False,1,10.62911659971456,2239,,,
ST7-AS2,False,True,False,1,,,410,2205,
ST8SIA2,True,False,False,1,13.80296319897043,848,,,
ST8SIA3,False,True,False,1,,,367,2699,
ST8SIA4,True,False,False,1,8.600675340905271,4411,,,
ST8SIA5-DT,False,True,False,1,,,332,3242,
STAB1,True,False,False,1,19.59672832358773,201,,,
STAG3,False,True,False,1,,,667,751,
STAG3L5P,False,True,False,1,,,629,854,
STAG3L5P-PVRIG2P-PILRB,True,False,False,1,9.437175089587154,3316,,,
STAM2,False,True,False,1,,,426,2045,
STAMBP,False,True,False,1,,,293,4065,
STARD3,False,True,False,1,,,340,3101,
STARD4,True,False,False,1,8.67083762365624,4308,,,
STARD4-AS1,True,False,False,1,8.968077396651188,3909,,,
STARD8,True,False,False,1,8.84699452799131,4067,,,
STAT4,True,False,False,1,11.2763371120568,1827,,,
STAT5A,False,True,False,1,,,267,4734,
STAT5B,False,True,False,1,,,267,4742,
STAU1,False,True,False,1,,,292,4088,
STBD1,True,False,False,1,11.976196388224292,1421,,,
STC1,True,False,False,1,12.18176955350182,1334,,,
STC2,True,False,False,1,16.35304295591448,396,,,
STEAP1,True,False,False,1,12.249457670481942,1310,,,
STEAP3,True,False,False,1,10.040583438354243,2696,,,
STEAP4,True,True,False,2,13.106815396928509,1023,338,3132,
STIM1,True,False,False,1,8.575206096736663,4451,,,
STIMATE,True,False,False,1,9.77766731861155,2951,,,
STING1,True,False,False,1,9.336812820014888,3413,,,
STK10,False,True,False,1,,,262,4892,
STK11,True,False,False,1,8.551142253378034,4493,,,
STK11IP,True,True,False,2,8.32382190158285,4866,579,1029,
STK26,True,False,False,1,9.337104526355448,3412,,,
STK32B,True,False,False,1,8.382271602427258,4751,,,
STK33,False,True,False,1,,,420,2108,
STK35,False,True,False,1,,,301,3855,
STK36,False,True,False,1,,,384,2495,
STK39,True,False,False,1,8.660646432531653,4319,,,
STK40,True,False,False,1,9.745219566596289,2986,,,
STKLD1,False,True,False,1,,,419,2128,
STMN2,True,False,False,1,9.232675134611917,3543,,,
STMN3,True,False,False,1,9.552726763434276,3189,,,
STMN4,False,True,False,1,,,600,948,
STON1-GTF2A1L,True,False,False,1,8.520351607841537,4543,,,
STOX2,True,False,False,1,12.154321478138003,1344,,,
STRA6,True,False,False,1,8.345786826029448,4832,,,
STRC,False,True,False,1,,,312,3630,
STRIP2,True,False,False,1,11.493996509907811,1673,,,
STRN4,True,False,False,1,8.901230579543368,4001,,,
STT3B,False,True,False,1,,,499,1453,
STUM,True,False,False,1,12.753731257725969,1120,,,
STX16-NPEPL1,True,False,False,1,9.071125299057575,3764,,,
STX17,False,True,False,1,,,355,2877,
STX17-DT,False,True,False,1,,,316,3540,
STX18-AS1,False,True,False,1,,,1130,222,
STX18-IT1,False,True,False,1,,,611,910,
STX1A,True,False,False,1,8.431681021561605,4677,,,
STX4,False,True,False,1,,,348,2981,
STX5,False,True,False,1,,,337,3155,
STXBP2,True,False,False,1,10.933412384345148,2032,,,
STXBP6,True,False,False,1,10.773062812532489,2136,,,
STYXL2,True,True,False,2,28.411864181649,45,447,1846,
SUB1,False,True,False,1,,,285,4256,
SUGP2,False,True,False,1,,,755,559,
SULF1,True,False,False,1,15.56052801667747,510,,,
SULF2,True,False,False,1,9.682636483750874,3050,,,
SULT1B1,True,False,False,1,10.165177832213107,2597,,,
SULT1E1,True,False,False,1,16.61627473753535,367,,,
SUMO1,False,True,False,1,,,302,3836,
SUMO2P8,False,True,False,1,,,2358,12,
SUN2,True,False,False,1,10.02744157116407,2710,,,
SUPT5H,False,True,False,1,,,555,1152,
SUPT6H,False,True,False,1,,,339,3116,
SUPT7L,False,True,False,1,,,437,1930,
SURF4,False,True,False,1,,,469,1654,
SUSD2,True,False,False,1,9.734313810220485,2995,,,
SUSD4,True,False,False,1,8.421582918913813,4694,,,
SV2A,True,False,False,1,8.98281637582822,3884,,,
SV2C,True,False,False,1,8.810330686473046,4105,,,
SVEP1,True,False,False,1,13.13026610316663,1015,,,
SVOPL,False,True,False,1,,,288,4182,
SYDE1,True,False,False,1,11.606544786574936,1610,,,
SYK,True,True,False,2,13.516273932902797,909,526,1275,
SYMPK,True,True,False,2,9.705185226818385,3023,788,516,
SYN1,True,False,False,1,8.913527062524016,3982,,,
SYN3,False,True,False,1,,,368,2691,
SYNCRIP,False,True,False,1,,,393,2384,
SYNDIG1,True,False,False,1,13.219430841895663,995,,,
SYNGAP1,True,True,False,2,11.893687947966912,1472,305,3766,
SYNM,True,False,False,1,12.379415142351414,1252,,,
SYNPO,True,False,False,1,15.930352405258592,453,,,
SYNPO2,True,False,False,1,13.038608027120077,1049,,,
SYNPO2L,True,True,False,2,25.2205167711382,71,324,3397,
SYPL2,True,False,False,1,12.94230889745239,1073,,,
SYT13,True,False,False,1,10.640956882623628,2227,,,
SYT2,True,True,False,2,8.291989824148017,4913,434,1960,
SYT6,False,True,False,1,,,395,2360,
SYT7,True,False,False,1,11.62077830136866,1603,,,
SYT9,True,False,False,1,10.979875368028416,2005,,,
SYTL5,True,False,False,1,15.04446779526152,587,,,
SZT2,False,True,False,1,,,551,1174,
TAB1,True,True,False,2,9.015479726893696,3838,799,502,
TACC2,True,False,False,1,10.76596093345004,2144,,,
TACC3,True,False,False,1,9.335015017130331,3416,,,
TACR3,False,True,False,1,,,296,3993,
TADA3,False,True,False,1,,,333,3219,
TAF1,False,True,False,1,,,602,940,
TAF1C,True,False,False,1,9.676877667700698,3056,,,
TAF2,False,True,False,1,,,315,3553,
TAF4,True,False,False,1,8.415876379118666,4705,,,
TAF6L,True,True,False,2,9.136360043017245,3666,306,3744,
TAF9,True,False,False,1,8.353737979574342,4812,,,
TAFAZZIN,False,True,False,1,,,301,3853,
TAGAP,True,True,False,2,10.64621644316852,2223,684,715,
TAGAP-AS1,False,True,False,1,,,859,436,
TAGLN,True,False,False,1,12.660562060837329,1152,,,
TAGLN2,True,False,False,1,12.299431487632134,1292,,,
TAL1,True,False,False,1,11.917524116686211,1454,,,
TALAM1,True,False,False,1,12.007365439597066,1411,,,
TAMALIN,True,False,False,1,10.561335500211966,2293,,,
TANC1,True,False,False,1,9.956839688190009,2778,,,
TAOK1,False,True,False,1,,,417,2139,
TAOK2,True,True,False,2,11.858386478346471,1486,859,435,
TAP1,True,False,False,1,13.103966002003592,1025,,,
TAP2,True,False,False,1,13.269163239838084,980,,,
TAPBP,True,False,False,1,12.740682189163634,1124,,,
TAPBPL,False,True,False,1,,,262,4902,
TARBP2,False,True,False,1,,,308,3696,
TARS3,False,True,False,1,,,313,3610,
TAS1R2,False,True,False,1,,,477,1608,
TAS2R13,False,True,False,1,,,1158,205,
TAS2R3,False,True,False,1,,,353,2911,
TAS2R30,False,True,False,1,,,322,3441,
TAS2R50,False,True,False,1,,,829,466,
TASL,False,True,False,1,,,501,1445,
TASOR,False,True,False,1,,,769,544,
TASOR2,False,True,False,1,,,569,1077,
TAT,False,True,False,1,,,458,1740,
TATDN1P1,False,True,False,1,,,901,391,
TBC1D10A,True,False,False,1,8.530169673223995,4529,,,
TBC1D10B,False,True,False,1,,,547,1186,
TBC1D10C,True,False,False,1,9.63075281515265,3105,,,
TBC1D13,False,True,False,1,,,299,3901,
TBC1D14,True,False,False,1,10.3812133427751,2419,,,
TBC1D16,True,False,False,1,9.845941949959562,2870,,,
TBC1D17,True,False,False,1,8.716590610656649,4241,,,
TBC1D2,True,False,False,1,9.24914062176471,3516,,,
TBC1D2B,True,True,False,2,9.386638168370435,3361,363,2749,
TBC1D3B,False,True,False,1,,,451,1806,
TBC1D3L,True,False,False,1,10.819247540741744,2109,,,
TBC1D4,True,False,False,1,9.145972091481118,3658,,,
TBC1D5,False,True,False,1,,,342,3071,
TBC1D8,True,False,False,1,9.288136183908884,3474,,,
TBC1D9,True,False,False,1,8.85151538691471,4062,,,
TBC1D9B,True,False,False,1,9.602148751127746,3136,,,
TBK1,False,True,False,1,,,325,3377,
TBKBP1,True,False,False,1,10.861066298503214,2081,,,
TBL3,False,True,False,1,,,339,3122,
TBX15,True,False,False,1,8.783062835833546,4147,,,
TBX18,True,False,False,1,12.575735515655976,1180,,,
TBX2,True,False,False,1,13.674112375760176,874,,,
TBX20,True,False,False,1,19.216189561331895,216,,,
TBX3,True,False,False,1,10.59486858963472,2264,,,
TBX5,True,False,False,1,19.480106367700294,209,,,
TBX5-AS1,True,False,False,1,14.006809974791162,793,,,
TBXAS1,True,True,False,2,8.570823187000563,4461,270,4666,
TC2N,True,False,False,1,11.26680374663064,1836,,,
TCAF1P1,True,False,False,1,11.1781276988805,1883,,,
TCAP,True,True,False,2,30.41682645681664,33,344,3048,
TCEA3,True,False,False,1,9.835682405439307,2883,,,
TCF19,True,False,False,1,10.880998820118624,2072,,,
TCF20,True,False,False,1,12.73639439081452,1126,,,
TCF21,True,False,False,1,11.57411979143814,1631,,,
TCF4-AS1,False,True,False,1,,,477,1610,
TCF4-AS2,False,True,False,1,,,287,4226,
TCHHL1,False,True,False,1,,,700,673,
TCIM,True,False,False,1,13.858440069846027,837,,,
TCIRG1,True,False,False,1,11.064961561395718,1950,,,
TCL6,False,True,False,1,,,264,4847,
TCP1,False,True,False,1,,,421,2097,
TCP11X2,False,True,False,1,,,338,3145,
TEAD1,True,False,False,1,11.011805168453288,1980,,,
TEAD2,True,False,False,1,12.42560394561444,1234,,,
TEAD3,True,True,False,2,12.492367074256736,1211,293,4057,
TEAD4,True,False,False,1,12.726550627598966,1133,,,
TECRL,True,False,False,1,29.110041379006095,36,,,
TEF,True,False,False,1,10.155895692664917,2605,,,
TEK,True,False,False,1,13.330168798697292,959,,,
TEKT4P2,True,False,False,1,10.545967067259989,2298,,,
TELO2,True,True,False,2,11.34119949027735,1771,479,1595,
TENM1,True,False,False,1,10.402265349631795,2406,,,
TENM2,True,False,False,1,14.578850715446452,678,,,
TENM3,True,False,False,1,12.922553884404522,1079,,,
TENM4,True,False,False,1,10.968618362497937,2013,,,
TENT2,False,True,False,1,,,389,2431,
TENT5B,True,False,False,1,9.438950738093808,3314,,,
TENT5C,True,False,False,1,9.007232425131052,3845,,,
TESC,True,False,False,1,13.24581955818778,987,,,
TESK1,True,False,False,1,8.737030254746212,4218,,,
TESPA1,False,True,False,1,,,394,2371,
TET2-AS1,False,True,False,1,,,503,1440,
TEX10,False,True,False,1,,,398,2325,
TEX261,True,True,False,2,9.148547883226106,3656,344,3045,
TEX264,False,True,False,1,,,274,4556,
TF,False,True,False,1,,,374,2603,
TFAP2A,True,False,False,1,10.212338023512718,2551,,,
TFE3,True,True,False,2,11.382565227028,1750,426,2044,
TFEB,True,False,False,1,8.881734929933913,4025,,,
TFEC,True,False,False,1,11.649830727942538,1579,,,
TFG,False,True,False,1,,,398,2322,
TFPI2,True,False,False,1,16.19923804340912,414,,,
TGFA,True,False,False,1,8.313060163031038,4881,,,
TGFB1,True,False,True,2,13.082209104650053,1030,,,both
TGFB1I1,True,False,False,1,9.46406970248517,3289,,,
TGFB2,True,False,True,2,10.482783992560938,2354,,,both
TGFB2-OT1,True,False,False,1,10.08691610966917,2649,,,
TGFB3,False,False,True,1,,,,,both
TGFBI,True,False,False,1,16.80560340866424,348,,,
TGFBR2,True,False,False,1,11.804100140333894,1506,,,
TGFBRAP1,False,True,False,1,,,278,4445,
TGIF2-RAB5IF,True,False,False,1,8.47977985010356,4613,,,
TGM2,True,False,False,1,17.26973527027481,310,,,
TGM6,False,True,False,1,,,924,368,
THADA,False,True,False,1,,,296,3986,
THAP12P2,False,True,False,1,,,443,1883,
THAP4,False,True,False,1,,,411,2193,
THBD,True,False,False,1,12.908915556155131,1084,,,
THBS1,True,False,False,1,15.92957492477316,454,,,
THBS1-IT1,True,False,False,1,8.641569748685232,4348,,,
THBS2,True,False,False,1,23.543731473371217,94,,,
THBS2-AS1,True,False,False,1,8.574467228211095,4452,,,
THBS3,True,False,False,1,8.47980787742957,4612,,,
THBS4,True,False,False,1,15.212209872848984,567,,,
THEM6,True,False,False,1,8.88551522234176,4022,,,
THEMIS2,True,True,False,2,11.008254636451843,1983,324,3393,
THNSL2,True,False,False,1,10.233681971275535,2533,,,
THOC3,True,False,False,1,8.573457188685868,4456,,,
THOC6,True,False,False,1,9.437057952710854,3317,,,
THRB,True,False,False,1,9.114056788079669,3702,,,
THRB-AS1,False,True,False,1,,,271,4656,
THRB-IT1,False,True,False,1,,,354,2901,
THSD1,True,False,False,1,8.82453523057466,4088,,,
THSD4,True,False,False,1,11.908898207639131,1458,,,
THSD7A,True,False,False,1,9.955889674379712,2781,,,
THTPA,True,False,False,1,9.720178706606436,3006,,,
THY1,True,False,False,1,15.077098256308986,584,,,
THY1-AS1,True,False,False,1,11.87930456347022,1477,,,
TIAM1,True,False,False,1,9.970278415073697,2768,,,
TICAM1,True,False,False,1,9.505147944792323,3247,,,
TICRR,True,False,False,1,8.500988070624969,4573,,,
TIE1,True,False,False,1,16.606879687055933,368,,,
TIGD1,False,True,False,1,,,1014,289,
TIMM22,True,False,False,1,12.567633431302092,1184,,,
TIMP1,True,False,False,1,9.924724800601432,2805,,,
TIMP2,True,False,False,1,11.075338473384038,1942,,,
TIMP3,True,False,False,1,19.32987982340297,212,,,
TIMP4,True,False,False,1,10.453169557904824,2371,,,
TINAGL1,True,False,False,1,14.002267719668408,795,,,
TIPRL,False,True,False,1,,,442,1889,
TJAP1,True,True,False,2,8.637781903408955,4354,457,1751,
TJP1,True,False,False,1,11.452017787657166,1702,,,
TJP2,True,False,False,1,8.573814646571591,4454,,,
TJP3,False,True,False,1,,,320,3460,
TK1,True,False,False,1,11.929696072849117,1451,,,
TKT,True,False,False,1,8.598467413020455,4414,,,
TLCD2,True,False,False,1,11.392986396201996,1743,,,
TLCD4,True,True,False,2,15.033179521930526,589,278,4447,
TLE2,True,False,False,1,10.124155331611162,2627,,,
TLE5,True,False,False,1,13.348980020886016,954,,,
TLK2,False,True,False,1,,,447,1840,
TLL1,True,False,False,1,8.417262625800468,4703,,,
TLN1,True,False,False,1,8.523686067262123,4539,,,
TLN2,True,True,False,2,9.857218159372886,2859,297,3964,
TLR1,True,False,False,1,10.071492976805962,2666,,,
TLR2,True,True,False,2,10.56179126995524,2292,265,4808,
TLR4,True,False,False,1,13.671944458381384,875,,,
TLR6,False,True,False,1,,,292,4091,
TLR8,True,True,False,2,9.689822547149612,3044,744,575,
TM4SF1,True,False,False,1,17.486419231839324,299,,,
TM4SF18,True,False,False,1,15.209246710499649,568,,,
TM4SF5,False,True,False,1,,,301,3859,
TM9SF1,False,True,False,1,,,272,4632,
TM9SF3,False,True,False,1,,,269,4683,
TMBIM1,True,False,False,1,9.070416576446364,3766,,,
TMC6,True,False,False,1,10.69064252001541,2185,,,
TMC8,True,False,False,1,9.182056986929169,3608,,,
TMCC1-DT,False,True,False,1,,,455,1776,
TMCC3,True,False,False,1,9.38241261031418,3368,,,
TMCO5A,False,True,False,1,,,1096,240,
TMED10,False,True,False,1,,,288,4185,
TMED2-DT,False,True,False,1,,,389,2436,
TMED7-TICAM2,True,False,False,1,10.548984787569651,2296,,,
TMED8,False,True,False,1,,,297,3955,
TMEFF1,True,False,False,1,10.67092046762046,2208,,,
TMEM100,True,False,False,1,8.92013062310491,3974,,,
TMEM104,True,False,False,1,8.560727352130137,4483,,,
TMEM115,True,True,False,2,8.684051348675114,4287,511,1377,
TMEM119,True,False,False,1,9.289694649096312,3468,,,
TMEM125,False,True,False,1,,,266,4785,
TMEM129,True,True,False,2,9.682866058720084,3049,320,3465,
TMEM131,False,True,False,1,,,484,1547,
TMEM132A,True,False,False,1,12.9361021077603,1075,,,
TMEM132C,True,False,False,1,9.899418755238866,2818,,,
TMEM139,True,False,False,1,8.512687954406044,4555,,,
TMEM147-AS1,False,True,False,1,,,618,888,
TMEM14EP,False,True,False,1,,,960,339,
TMEM158,True,False,False,1,11.318656854252378,1796,,,
TMEM161B-DT,False,True,False,1,,,511,1381,
TMEM163,True,False,False,1,10.558699597414142,2294,,,
TMEM164,True,False,False,1,8.766066594834593,4179,,,
TMEM171,True,False,False,1,10.110600160186335,2636,,,
TMEM176A,True,False,False,1,15.28694853932452,552,,,
TMEM176B,True,False,False,1,19.56523247438344,204,,,
TMEM178A,True,False,False,1,9.857214901377173,2860,,,
TMEM178B,True,False,False,1,12.22753481869984,1317,,,
TMEM179,True,True,False,2,8.660037885523808,4320,373,2625,
TMEM181,False,True,False,1,,,282,4324,
TMEM182,False,True,False,1,,,307,3723,
TMEM184B,True,True,False,2,10.0744444794255,2662,309,3678,
TMEM184C,False,True,False,1,,,502,1444,
TMEM198,True,True,False,2,9.541312395707166,3200,334,3203,
TMEM200A,True,False,False,1,12.421368277961294,1237,,,
TMEM200B,True,False,False,1,8.50895254706629,4562,,,
TMEM200C,True,False,False,1,10.507200961395514,2335,,,
TMEM201,True,False,False,1,9.216395279024692,3566,,,
TMEM204,True,False,False,1,9.172755690540036,3619,,,
TMEM212,False,True,False,1,,,298,3938,
TMEM212-AS1,False,True,False,1,,,1057,257,
TMEM213,False,True,False,1,,,262,4912,
TMEM214,True,True,False,2,10.141300563775038,2614,551,1172,
TMEM222,False,True,False,1,,,335,3184,
TMEM245,False,True,False,1,,,306,3738,
TMEM250,True,True,False,2,10.27852610431844,2497,426,2050,
TMEM255B,True,False,False,1,8.75054324681027,4200,,,
TMEM259,True,True,False,2,11.474518997121136,1687,327,3347,
TMEM271,False,True,False,1,,,283,4317,
TMEM273,True,False,False,1,13.176361411478233,1002,,,
TMEM30A,False,True,False,1,,,343,3057,
TMEM37,True,False,False,1,9.326288684372235,3427,,,
TMEM44,True,False,False,1,8.909236090098783,3991,,,
TMEM47,True,False,False,1,10.500022627199677,2342,,,
TMEM54,True,False,False,1,9.118177821028164,3697,,,
TMEM59L,True,False,False,1,8.41506304565683,4706,,,
TMEM63B,True,True,False,2,13.015367451732503,1056,351,2936,
TMEM71,True,False,False,1,13.959349627030456,811,,,
TMEM72-AS1,False,True,False,1,,,354,2900,
TMEM87B,False,True,False,1,,,293,4070,
TMEM88,True,False,False,1,9.970411709130987,2767,,,
TMEM8B,False,True,False,1,,,273,4577,
TMEM94,True,False,False,1,8.718488618257975,4239,,,
TMEM9B-AS1,False,True,False,1,,,379,2555,
TMOD1,True,False,False,1,13.802329207995552,849,,,
TMPRSS2,False,True,False,1,,,297,3966,
TMSB4X,True,False,False,1,9.869947255643131,2846,,,
TMTC1,True,False,False,1,8.51505061223354,4550,,,
TMUB1,True,True,False,2,10.71852920642722,2169,299,3912,
TNC,True,False,False,1,14.08022644183106,781,,,
TNF,False,False,True,1,,,,,both
TNFAIP1,True,False,False,1,9.101573136282342,3718,,,
TNFAIP2,True,False,False,1,11.333508942184585,1776,,,
TNFAIP3,True,False,False,1,9.874003610481026,2842,,,
TNFAIP6,True,False,False,1,15.602247981393983,504,,,
TNFAIP8L2,False,True,False,1,,,266,4782,
TNFAIP8L3,True,False,False,1,9.802085660399436,2925,,,
TNFRSF10B,True,False,False,1,11.233360467264433,1854,,,
TNFRSF10C,True,False,False,1,9.559643640623197,3184,,,
TNFRSF10D,True,False,False,1,9.613123803146296,3129,,,
TNFRSF11B,True,False,False,1,13.667492704619496,876,,,
TNFRSF12A,True,False,False,1,12.546194398098953,1190,,,
TNFRSF13B,True,False,False,1,15.531058225240669,515,,,
TNFRSF14,True,False,False,1,14.045888090433948,788,,,
TNFRSF19,True,False,False,1,12.708192722433813,1142,,,
TNFRSF1A,True,False,False,1,9.158931822102284,3644,,,
TNFRSF1B,True,True,False,2,11.67767690897207,1571,266,4767,
TNFRSF21,True,False,False,1,10.328390582154212,2457,,,
TNFRSF6B,True,False,False,1,10.25344013193424,2519,,,
TNFSF10,True,False,False,1,13.400422823636404,941,,,
TNFSF18,True,False,False,1,8.349858216461588,4825,,,
TNFSF4,True,False,False,1,8.375915771783653,4765,,,
TNFSF8,True,True,False,2,8.775627810389802,4164,344,3043,
TNIP1,True,False,False,1,9.710841669029572,3013,,,
TNK2,True,False,False,1,9.298737509500928,3457,,,
TNKS,True,True,False,2,10.630862164414966,2237,709,648,
TNKS1BP1,True,False,False,1,12.595705160234123,1167,,,
TNKS2,False,True,False,1,,,363,2744,
TNMD,True,False,False,1,10.282934286906736,2491,,,
TNNC1,True,True,True,3,39.52693090144434,10,317,3513,both
TNNI1,True,False,False,1,35.503084742294746,20,,,
TNNI3,True,False,True,2,39.2636895107238,12,,,both
TNNI3K,True,True,False,2,20.126563801738268,182,441,1898,
TNNT1,True,False,False,1,13.69798402579038,867,,,
TNNT2,True,False,True,2,42.589443098790966,7,,,both
TNNT3,True,False,False,1,10.23459736841646,2532,,,
TNPO1P1,False,True,False,1,,,333,3221,
TNPO2,False,True,False,1,,,574,1053,
TNRC18,True,True,False,2,10.815196993379516,2113,328,3312,
TNRC6A,False,True,False,1,,,396,2341,
TNS1,True,False,False,1,11.468418714548717,1691,,,
TNS2,True,False,False,1,12.743349324213971,1123,,,
TNS3,True,False,False,1,8.874259151744933,4034,,,
TNXB,True,False,False,1,15.91447088035012,457,,,
TOGARAM1,False,True,False,1,,,299,3918,
TOM1L2,True,True,False,2,11.469188761019828,1690,384,2498,
TOMM40L,True,False,False,1,8.654601277518514,4329,,,
TOMM5,False,True,False,1,,,273,4584,
TOMM70,False,True,False,1,,,484,1549,
TOP2A,True,False,False,1,14.930826140936194,608,,,
TOP2B,False,True,False,1,,,545,1192,
TOP3A,False,True,False,1,,,508,1401,
TOP3B,True,True,False,2,10.437912877963068,2378,389,2426,
TOPAZ1,False,True,False,1,,,704,663,
TOPBP1,False,True,False,1,,,378,2563,
TOR1A,False,True,False,1,,,314,3578,
TOR1B,False,True,False,1,,,340,3102,
TOR4A,True,False,False,1,10.544966623262432,2299,,,
TOX,True,False,False,1,8.352786619483798,4814,,,
TOX2,True,False,False,1,9.595874402984462,3147,,,
TP53BP1,False,True,False,1,,,293,4059,
TP53I11,True,False,False,1,9.282501116315066,3483,,,
TP53I13,True,False,False,1,10.068508230055304,2670,,,
TP53I3,True,False,False,1,8.519862237497366,4545,,,
TP53INP2,True,False,False,1,11.371917714034936,1758,,,
TPBG,True,False,False,1,10.711249022164434,2173,,,
TPCN1,True,False,False,1,9.527696597762942,3220,,,
TPD52,True,False,False,1,9.166965275263982,3632,,,
TPD52L2,True,True,False,2,8.559228849321544,4485,487,1528,
TPH2,False,True,False,1,,,1173,200,
TPM1,True,False,True,2,11.268405692145684,1833,,,both
TPM1-AS,True,False,False,1,11.710552192057616,1557,,,
TPM2,True,False,True,2,11.502917970266957,1669,,,both
TPM3,False,False,True,1,,,,,both
TPM4,False,False,True,1,,,,,both
TPP2,False,True,False,1,,,350,2951,
TPPP,True,False,False,1,11.331281177042998,1780,,,
TPPP3,True,False,False,1,9.214250933364337,3568,,,
TPRN,True,True,False,2,9.023462434421631,3821,332,3232,
TPRX1,False,True,False,1,,,313,3609,
TPTEP2,False,True,False,1,,,643,817,
TPX2,True,False,False,1,11.22478554641493,1858,,,
TRABD,True,False,False,1,8.704034331957194,4258,,,
TRABD2B,True,False,False,1,11.345121066101305,1769,,,
TRAC,True,False,False,1,9.167548872616514,3629,,,
TRAF1,True,False,False,1,8.371163444050396,4777,,,
TRAF2,False,True,False,1,,,359,2808,
TRAF3IP2-AS1,False,True,False,1,,,556,1148,
TRAF3IP3,False,True,False,1,,,512,1366,
TRAF4,True,False,False,1,10.175458485019622,2588,,,
TRAF7,True,True,False,2,10.294432636616987,2480,585,1000,
TRAM2,True,True,False,2,9.217684864071355,3562,291,4104,
TRAP1,True,False,False,1,8.328856762900951,4859,,,
TRAPPC1,True,False,False,1,9.45773847907862,3294,,,
TRAPPC10,False,True,False,1,,,554,1160,
TRAPPC11,False,True,False,1,,,691,701,
TRAPPC13,False,True,False,1,,,409,2211,
TRAPPC14,True,False,False,1,8.670426645018201,4310,,,
TRAPPC8,False,True,False,1,,,517,1327,
TRAT1,False,True,False,1,,,497,1465,
TRAV12-3,False,True,False,1,,,278,4452,
TRAV13-1,False,True,False,1,,,296,3998,
TRAV2,False,True,False,1,,,281,4361,
TRAV21,False,True,False,1,,,285,4264,
TRAV23DV6,False,True,False,1,,,271,4654,
TRAV26-1,False,True,False,1,,,283,4311,
TRAV4,False,True,False,1,,,332,3235,
TRAV8-2,False,True,False,1,,,303,3813,
TRAV8-6,False,True,False,1,,,297,3970,
TRAV9-2,False,True,False,1,,,293,4073,
TRBC2,True,False,False,1,12.526881511427527,1204,,,
TRBV2,False,True,False,1,,,278,4455,
TRBV29-1,False,True,False,1,,,291,4118,
TRBV3-1,False,True,False,1,,,266,4800,
TRBV5-1,False,True,False,1,,,305,3767,
TRDN,True,False,False,1,27.252493414847073,54,,,
TRDN-AS1,True,True,False,2,14.742077275023108,642,327,3351,
TREM1,True,False,False,1,10.625231399050126,2245,,,
TREML2,False,True,False,1,,,355,2874,
TRGC2,False,True,False,1,,,312,3627,
TRH,True,False,False,1,10.189651831576295,2573,,,
TRIB1,True,False,False,1,9.209291655348736,3579,,,
TRIB3,True,False,False,1,10.142412622885974,2613,,,
TRIL,True,False,False,1,10.088465247718355,2647,,,
TRIM14,True,False,False,1,8.312783451366693,4882,,,
TRIM17,False,True,False,1,,,342,3075,
TRIM22,True,False,False,1,9.535332752610358,3207,,,
TRIM25,True,True,False,2,8.614364316937907,4392,296,3987,
TRIM26,True,False,False,1,11.894162376428612,1469,,,
TRIM27,True,False,False,1,12.282961903269513,1297,,,
TRIM28,True,True,False,2,12.365498682317307,1262,554,1159,
TRIM3,True,True,False,2,9.14633282877518,3657,299,3902,
TRIM37,False,True,False,1,,,288,4175,
TRIM38,False,True,False,1,,,273,4575,
TRIM39,True,False,False,1,12.107331648984935,1366,,,
TRIM47,True,False,False,1,10.31826234874112,2463,,,
TRIM52,False,True,False,1,,,425,2058,
TRIM54,True,True,False,2,22.7810142743879,112,437,1931,
TRIM55,True,False,False,1,22.85306966432234,109,,,
TRIM58,True,False,False,1,8.481248545804808,4608,,,
TRIM63,True,True,False,2,26.53149879109169,61,322,3431,
TRIM69,True,False,False,1,9.930898963497198,2799,,,
TRIM71,True,True,False,2,10.99864126658742,1990,373,2621,
TRIM73,False,True,False,1,,,320,3468,
TRIM9,True,True,False,2,11.63399601524877,1590,286,4229,
TRIO,True,False,False,1,9.630852037086598,3103,,,
TRIP10,True,False,False,1,9.302564753058348,3450,,,
TRIP12,False,True,False,1,,,708,653,
TRIP13,True,False,False,1,9.133344473357432,3673,,,
TRIP6,True,False,False,1,8.316990667431222,4874,,,
TRMT1,True,True,False,2,9.01995806114147,3830,618,887,
TRMT2A,True,True,False,2,8.394355147545562,4733,326,3358,
TRMT44,False,True,False,1,,,268,4716,
TRMT61A-DT,False,True,False,1,,,770,542,
TRMT9B,True,True,False,2,9.6389849290194,3093,497,1468,
TRMU,False,True,False,1,,,380,2537,
TRNP1,True,False,False,1,8.76832996217456,4177,,,
TRO,True,False,False,1,10.10875712379068,2638,,,
TROAP,True,False,False,1,9.789544622576411,2936,,,
TRPC4,True,False,False,1,8.371464249462086,4776,,,
TRPC4AP,True,True,False,2,9.21805176931568,3560,381,2524,
TRPM2,True,False,False,1,9.432017046429262,3320,,,
TRPM7,False,True,False,1,,,463,1692,
TRPV1,False,True,False,1,,,639,824,
TRPV2,True,False,False,1,10.857444089985512,2085,,,
TRRAP,False,True,False,1,,,565,1098,
TSBP1-AS1,False,True,False,1,,,611,909,
TSC1,False,True,False,1,,,372,2633,
TSC2,False,True,False,1,,,390,2417,
TSC22D4,True,False,False,1,12.423441470590967,1235,,,
TSEN15P2,False,True,False,1,,,342,3078,
TSEN2,False,True,False,1,,,325,3373,
TSEN34,True,False,False,1,15.448090313587716,528,,,
TSHR,False,True,False,1,,,1094,242,
TSHZ2,True,False,False,1,12.233640892155467,1313,,,
TSKU,True,False,False,1,8.554227426647564,4491,,,
TSN,False,True,False,1,,,428,2031,
TSNARE1,False,True,False,1,,,352,2928,
TSPAN11,True,False,False,1,9.843518113272076,2873,,,
TSPAN12,True,False,False,1,11.322344323618523,1794,,,
TSPAN13,True,False,False,1,9.657177230506118,3078,,,
TSPAN15,True,False,False,1,11.26817431156162,1835,,,
TSPAN16,False,True,False,1,,,303,3806,
TSPAN17,True,True,False,2,10.63574458198801,2232,387,2451,
TSPAN18,True,False,False,1,16.036395796005166,437,,,
TSPAN2,True,False,False,1,10.020937722151476,2716,,,
TSPAN32,True,False,False,1,10.78039647162604,2132,,,
TSPAN33,True,False,False,1,9.274612028476923,3493,,,
TSPAN7,True,False,False,1,13.657906851828216,879,,,
TSPAN8,True,False,False,1,10.2428443563867,2524,,,
TSPAN9,True,False,False,1,12.778676064025712,1112,,,
TSPO,True,False,False,1,10.45678427479584,2370,,,
TSPOAP1,True,True,False,2,14.665634985047266,658,548,1183,
TSPYL5,True,False,False,1,10.92589012178878,2042,,,
TSPYL6,False,True,False,1,,,348,2985,
TSSK4,False,True,False,1,,,691,703,
TTBK1,False,True,False,1,,,300,3879,
TTBK2,False,True,False,1,,,385,2478,
TTC21B,False,True,False,1,,,789,514,
TTC23L,False,True,False,1,,,340,3108,
TTC28-AS1,False,True,False,1,,,356,2867,
TTC34,False,True,False,1,,,484,1557,
TTC37,False,True,False,1,,,314,3583,
TTC9,True,False,False,1,9.32768956213382,3426,,,
TTI1,False,True,False,1,,,298,3932,
TTK,True,False,False,1,10.003074897924025,2733,,,
TTLL12,True,True,False,2,9.709502232309246,3015,318,3492,
TTLL7-IT1,False,True,False,1,,,1456,95,
TTN,True,False,True,2,27.439465262453275,51,,,both
TTN-AS1,True,False,False,1,11.311297883941302,1799,,,
TTR,True,False,False,1,10.986041293093365,1999,,,
TTYH2,True,False,False,1,10.297377240648494,2478,,,
TTYH3,True,False,False,1,14.881351981526416,626,,,
TUB,True,False,False,1,9.197771845776815,3589,,,
TUB-AS1,False,True,False,1,,,279,4431,
TUBA1B,True,False,False,1,14.724386016855622,645,,,
TUBA8,True,False,False,1,9.203516555381228,3582,,,
TUBAP1,False,True,False,1,,,272,4621,
TUBB,True,False,False,1,26.583942438424597,59,,,
TUBB1,True,False,False,1,8.57740125688854,4449,,,
TUBB2B,True,False,False,1,11.737151067020712,1539,,,
TUBB3,True,False,False,1,10.1601011436269,2602,,,
TUBB4A,True,False,False,1,8.924144456925658,3965,,,
TUBB4B,True,False,False,1,10.28316046831233,2489,,,
TUBB6,True,False,False,1,9.336248910735971,3415,,,
TUBGCP3,True,False,False,1,9.080628882412952,3752,,,
TUBGCP6,True,True,False,2,9.108471629343493,3706,578,1034,
TUNAR,False,True,False,1,,,387,2461,
TUSC3,True,False,False,1,12.19825139809319,1329,,,
TUSC7,False,True,False,1,,,395,2364,
TUT1,False,True,False,1,,,394,2374,
TUT4,False,True,False,1,,,269,4688,
TWF2,True,False,False,1,10.07954978729376,2658,,,
TWIST2,True,False,False,1,9.530435316663024,3214,,,
TWSG1-DT,False,True,False,1,,,490,1512,
TXLNB,True,False,False,1,17.139996555395932,321,,,
TXLNGY,True,False,False,1,17.248822824466377,313,,,
TXN2P1,False,True,False,1,,,525,1283,
TXNDC11,True,True,False,2,8.604984799409934,4401,295,4017,
TXNDC15,False,True,False,1,,,286,4232,
TXNDC5,True,False,False,1,12.584817767207367,1175,,,
TXNL1,False,True,False,1,,,344,3042,
TYK2,True,True,False,2,8.732003479135253,4224,616,893,
TYMP,True,False,False,1,10.636209436474877,2230,,,
TYMS,True,False,False,1,11.132024229779534,1913,,,
TYRO3P,False,True,False,1,,,413,2177,
TYROBP,True,True,False,2,16.02317116199428,438,509,1391,
TYRP1,True,False,False,1,11.437348543804251,1717,,,
TYW5,False,True,False,1,,,318,3495,
U2AF2,True,True,False,2,11.70718087846768,1558,483,1559,
UAP1L1,True,False,False,1,8.860338618796606,4053,,,
UBA1,True,True,False,2,10.082601244688464,2653,452,1795,
UBA5,False,True,False,1,,,285,4252,
UBA6,False,True,False,1,,,288,4173,
UBA7,True,False,False,1,10.419327476258273,2394,,,
UBALD1,True,False,False,1,10.5143882550522,2324,,,
UBAP1L,False,True,False,1,,,816,484,
UBASH3A,False,True,False,1,,,524,1290,
UBASH3B,True,False,False,1,8.953422472281282,3926,,,
UBE2A,False,True,False,1,,,302,3833,
UBE2C,True,False,False,1,11.968432921725483,1427,,,
UBE2CP1,False,True,False,1,,,381,2531,
UBE2L2,False,True,False,1,,,288,4179,
UBE2M,True,False,False,1,9.681476115313504,3053,,,
UBE2QL1,True,False,False,1,11.363484516699458,1761,,,
UBE2S,True,False,False,1,8.566801736615165,4472,,,
UBE3C,False,True,False,1,,,987,315,
UBE4B,False,True,False,1,,,408,2218,
UBFD1,False,True,False,1,,,310,3654,
UBN2,False,True,False,1,,,299,3910,
UBP1,False,True,False,1,,,612,905,
UBQLN1,False,True,False,1,,,676,732,
UBQLN4,True,True,False,2,9.230894141849376,3544,508,1400,
UBR2,False,True,False,1,,,351,2935,
UBR3,False,True,False,1,,,352,2927,
UBR4,True,False,False,1,8.36587713638379,4788,,,
UBR5,False,True,False,1,,,752,564,
UBR7,True,False,False,1,9.242046960481812,3531,,,
UBTD1,True,False,False,1,9.866987392115362,2849,,,
UBXN4,False,True,False,1,,,344,3046,
UBXN6,True,False,False,1,8.681859980606825,4291,,,
UCHL1,True,False,False,1,14.310462182374064,722,,,
UCK1,False,True,False,1,,,471,1644,
UCP2,True,False,False,1,9.816414045352884,2900,,,
UFC1,False,True,False,1,,,279,4412,
UGDH-AS1,False,True,False,1,,,330,3281,
UGGT1,False,True,False,1,,,441,1900,
UGT1A1,False,True,False,1,,,388,2447,
UGT1A3,False,True,False,1,,,268,4728,
UGT1A4,False,True,False,1,,,286,4246,
UGT1A9,False,True,False,1,,,303,3819,
UGT2B4,True,False,False,1,10.150251566669786,2608,,,
UHMK1,False,True,False,1,,,269,4690,
UHRF1,True,False,False,1,8.494361048911,4584,,,
UHRF2,False,True,False,1,,,282,4325,
UHRF2P1,False,True,False,1,,,1034,276,
ULBP2,True,False,False,1,8.67064463419716,4309,,,
ULK1,True,False,False,1,9.404310283809489,3349,,,
ULK3,True,True,False,2,9.520061300728813,3233,456,1761,
UNC13B,True,True,False,2,10.220055707613366,2545,269,4698,
UNC13D,True,False,False,1,10.38856490251937,2412,,,
UNC45A,False,True,False,1,,,280,4382,
UNC45B,True,True,False,2,32.306197307359994,27,313,3602,
UNC5B,True,False,False,1,10.357313285296138,2429,,,
UNC5C,True,False,False,1,10.930498844601042,2035,,,
UNC5CL,False,True,False,1,,,382,2515,
UNC5D,True,True,False,2,9.191356889920018,3596,396,2344,
UNC79,False,True,False,1,,,372,2630,
UNC80,False,True,False,1,,,665,757,
UNC93B1,True,False,False,1,8.779826584323269,4153,,,
UNKL,True,False,False,1,8.695206520189078,4266,,,
UPF1,True,True,False,2,9.734272140882396,2996,308,3689,
UPK3BL1,True,False,False,1,8.930778633869306,3958,,,
UQCC1,False,True,False,1,,,399,2316,
UQCRC1,True,False,False,1,8.64332540087859,4346,,,
UQCRFS1P1,True,False,False,1,12.262150613196273,1305,,,
UQCRHL,False,True,False,1,,,295,4030,
URB1,False,True,False,1,,,328,3309,
URGCP,False,True,False,1,,,658,780,
UROC1,False,True,False,1,,,459,1731,
USF2,True,False,False,1,9.476624168375832,3273,,,
USH2A,True,False,False,1,8.498576428700227,4577,,,
USO1,False,True,False,1,,,305,3761,
USP12-AS1,False,True,False,1,,,812,490,
USP12P2,False,True,False,1,,,1227,168,
USP14,False,True,False,1,,,266,4772,
USP17L15,False,True,False,1,,,600,951,
USP17L2,False,True,False,1,,,591,984,
USP17L6P,False,True,False,1,,,302,3843,
USP17L7,False,True,False,1,,,360,2802,
USP19,True,True,False,2,10.35460631094142,2435,596,960,
USP2,True,True,False,2,15.803091927151232,473,401,2289,
USP20,True,True,False,2,8.673658967369121,4304,349,2965,
USP22,False,True,False,1,,,331,3249,
USP24,False,True,False,1,,,434,1962,
USP25,False,True,False,1,,,349,2967,
USP32,False,True,False,1,,,476,1613,
USP32P1,True,False,False,1,8.49042351896507,4590,,,
USP34,False,True,False,1,,,719,627,
USP38,False,True,False,1,,,320,3466,
USP46,False,True,False,1,,,291,4109,
USP5,True,True,False,2,10.278536035738638,2496,374,2605,
USP7,False,True,False,1,,,388,2446,
USP9X,False,True,False,1,,,416,2144,
USP9Y,True,False,False,1,13.349677775332903,953,,,
UTP14C,True,False,False,1,12.268660458653352,1301,,,
UTP6,False,True,False,1,,,385,2476,
UTY,True,False,False,1,16.54558263026555,373,,,
UXT-AS1,False,True,False,1,,,743,582,
VAC14,True,True,False,2,10.467248339308066,2363,419,2120,
VAC14-AS1,False,True,False,1,,,364,2740,
VANGL2,True,False,False,1,15.10198750809417,580,,,
VARS1,True,False,False,1,14.972285616475329,603,,,
VARS2,True,False,False,1,11.906647962444708,1460,,,
VASH1,True,False,False,1,11.729251050344534,1545,,,
VASN,True,False,False,1,19.78599933342464,194,,,
VASP,True,False,False,1,8.629035613205087,4366,,,
VAT1,True,True,False,2,11.0370134824282,1966,284,4276,
VAT1L,True,False,False,1,12.654569400645636,1155,,,
VAV1,True,True,False,2,9.07441700065017,3757,474,1623,
VAV2,True,False,False,1,9.36328350195341,3385,,,
VAV3,True,False,False,1,9.11174849874413,3704,,,
VAX1,False,True,False,1,,,286,4234,
VCAM1,True,False,False,1,14.595983008444406,676,,,
VCAN,True,False,False,1,13.531902951944303,903,,,
VCPIP1,False,True,False,1,,,278,4448,
VDAC2P1,False,True,False,1,,,310,3662,
VDR,True,False,False,1,8.460814536320136,4645,,,
VEGFA,True,False,False,1,9.224842139193134,3548,,,
VEGFC,True,False,False,1,9.211331645336877,3574,,,
VENTXP1,False,True,False,1,,,570,1074,
VEPH1,True,False,False,1,11.623021200965187,1600,,,
VEZTP1,False,True,False,1,,,294,4044,
VGLL3,True,False,False,1,9.325159151311274,3430,,,
VIL1,True,False,False,1,9.1878018757924,3600,,,
VIM,True,False,False,1,9.331092956291316,3419,,,
VIPAS39,False,True,False,1,,,330,3270,
VIPR1,True,False,False,1,11.586451366562653,1626,,,
VIPR2,True,False,False,1,11.310575371739825,1800,,,
VIRMA,False,True,False,1,,,963,335,
VIT,True,False,False,1,9.734761548046269,2994,,,
VLDLR,True,False,False,1,9.000819388167502,3852,,,
VNN2,True,True,False,2,10.510368762756377,2331,324,3391,
VPS16,False,True,False,1,,,515,1346,
VPS18,True,True,False,2,10.13971057712434,2615,620,879,
VPS25,False,True,False,1,,,302,3837,
VPS26C,False,True,False,1,,,334,3200,
VPS35,False,True,False,1,,,294,4037,
VPS37A,False,True,False,1,,,287,4216,
VPS39,False,True,False,1,,,301,3860,
VPS41,False,True,False,1,,,327,3331,
VPS4A,False,True,False,1,,,362,2760,
VPS50,False,True,False,1,,,276,4493,
VPS52,True,False,False,1,11.90664523959421,1461,,,
VPS54,False,True,False,1,,,510,1383,
VPS8,False,True,False,1,,,266,4779,
VPS9D1,True,False,False,1,8.89012762181679,4018,,,
VSIG4,True,True,False,2,14.91813020832464,610,400,2304,
VSIR,True,False,False,1,12.369608136575758,1257,,,
VSNL1,True,False,False,1,10.242569334714382,2525,,,
VSTM2A,False,True,False,1,,,304,3792,
VSTM2A-OT1,False,True,False,1,,,354,2898,
VSTM2B-DT,False,True,False,1,,,864,430,
VSTM2L,True,False,False,1,13.318451813800545,962,,,
VSTM4,True,False,False,1,8.346464751184529,4831,,,
VTA1,False,True,False,1,,,288,4171,
VTI1A,False,True,False,1,,,321,3451,
VTN,True,False,False,1,13.651198754209709,882,,,
VWA1,True,False,False,1,9.926704021433872,2803,,,
VWC2,True,True,False,2,13.392353871107348,943,433,1969,
VWDE,True,False,False,1,11.458560411556574,1695,,,
VWF,True,False,False,1,27.860881310177813,49,,,
WAPL,False,True,False,1,,,465,1678,
WARS2-AS1,False,True,False,1,,,787,518,
WARS2-IT1,False,True,False,1,,,583,1013,
WAS,False,True,False,1,,,332,3227,
WASF1,True,False,False,1,8.297434236537892,4904,,,
WASF3-AS1,False,True,False,1,,,279,4428,
WASH2P,False,True,False,1,,,284,4281,
WASH5P,True,True,False,2,9.60559762024577,3132,595,965,
WASH6P,True,False,False,1,8.770713798790315,4171,,,
WASH7P,True,False,False,1,9.476345989668085,3274,,,
WASH9P,True,False,False,1,9.238162220943574,3537,,,
WASHC4,False,True,False,1,,,280,4380,
WASHC5,False,True,False,1,,,661,772,
WDFY1,False,True,False,1,,,349,2962,
WDFY3,False,True,False,1,,,263,4880,
WDFY4,True,False,False,1,12.76388887474031,1116,,,
WDPCP,False,True,False,1,,,571,1063,
WDR11,False,True,False,1,,,300,3874,
WDR18,True,False,False,1,8.757157628439906,4193,,,
WDR24,True,True,False,2,8.927052517244105,3962,381,2526,
WDR26,False,True,False,1,,,559,1127,
WDR27,False,True,False,1,,,341,3090,
WDR3,False,True,False,1,,,362,2759,
WDR33,False,True,False,1,,,438,1925,
WDR46,True,False,False,1,9.016842918924072,3835,,,
WDR5,True,True,False,2,8.631254873364156,4360,544,1198,
WDR55,False,True,False,1,,,445,1857,
WDR59,False,True,False,1,,,333,3215,
WDR6,True,True,False,2,10.035438969880136,2703,448,1831,
WDR61,False,True,False,1,,,296,3991,
WDR75,False,True,False,1,,,470,1648,
WDR81,True,False,False,1,11.206086460276865,1868,,,
WDR82,False,True,False,1,,,1034,275,
WDR86,True,True,False,2,8.803196327501993,4115,358,2828,
WDR90,False,True,False,1,,,332,3230,
WDTC1,True,False,False,1,9.986104554024944,2751,,,
WFDC11,False,True,False,1,,,430,1999,
WFS1,True,False,False,1,10.954899964485575,2021,,,
WIPF3,True,False,False,1,8.942106571319401,3944,,,
WIPI2,False,True,False,1,,,458,1739,
WIZ,True,False,False,1,8.742334891667554,4208,,,
WLS,True,False,False,1,9.037912507059866,3802,,,
WNK2,True,True,False,2,23.52152248496414,96,543,1200,
WNT11,True,False,False,1,9.99294850473182,2743,,,
WNT2,True,False,False,1,8.478707498096787,4616,,,
WNT5A,True,False,False,1,13.09569574400282,1027,,,
WNT5B,True,False,False,1,10.821200199157982,2107,,,
WNT9A,True,False,False,1,9.2279562270604,3546,,,
WSCD1,True,False,False,1,11.332191269440916,1779,,,
WWC1,True,False,False,1,9.535231576286025,3208,,,
WWP1-AS1,False,True,False,1,,,294,4049,
WWTR1,True,False,False,1,8.413460710384195,4711,,,
XAB2,True,True,False,2,12.772162131513475,1114,515,1339,
XG,True,False,False,1,9.615942289868777,3124,,,
XGY2,True,False,False,1,11.319769468467722,1795,,,
XIAPP2,False,True,False,1,,,404,2267,
XIRP1,True,False,False,1,35.847001854620125,19,,,
XIRP2,True,False,False,1,25.150316783491547,72,,,
XIST,True,False,False,1,24.446885650518812,83,,,
XK,True,False,False,1,11.449638925506129,1705,,,
XKR4,False,True,False,1,,,272,4613,
XKR7,False,True,False,1,,,411,2195,
XPO1,False,True,False,1,,,719,626,
XPO4,True,False,False,1,9.58584506838984,3156,,,
XPO5,False,True,False,1,,,686,710,
XPO6,True,True,False,2,9.715375598514562,3008,322,3434,
XPO7,False,True,False,1,,,434,1959,
XRCC3,True,True,False,2,9.442665597235404,3308,312,3616,
XRCC5,False,True,False,1,,,266,4769,
XRCC6,False,True,False,1,,,363,2751,
XYLT1,True,False,False,1,9.37844336690718,3373,,,
YAP1,True,False,False,1,10.789403797640407,2127,,,
YBX1P3,False,True,False,1,,,953,343,
YEATS2,False,True,False,1,,,529,1257,
YEATS2-AS1,False,True,False,1,,,720,624,
YIPF3,False,True,False,1,,,436,1944,
YKT6,True,True,False,2,9.182509187412464,3607,457,1747,
YME1L1,False,True,False,1,,,620,880,
YTHDC2,False,True,False,1,,,335,3172,
YTHDF1,False,True,False,1,,,455,1769,
YTHDF3,False,True,False,1,,,489,1516,
YWHAH-AS1,False,True,False,1,,,408,2217,
YWHAQP5,False,True,False,1,,,320,3472,
ZACN,True,False,False,1,9.351304816149248,3398,,,
ZAN,False,True,False,1,,,432,1980,
ZAP70,True,False,False,1,8.7843178343471,4144,,,
ZBBX,False,True,False,1,,,294,4040,
ZBED10P,True,False,False,1,8.536792720461488,4518,,,
ZBED3-AS1,False,True,False,1,,,629,855,
ZBED6,True,False,False,1,19.597507056091256,200,,,
ZBP1,False,True,False,1,,,506,1416,
ZBTB16,True,False,False,1,13.46792001514755,923,,,
ZBTB17,False,True,False,1,,,274,4552,
ZBTB20-AS1,False,True,False,1,,,353,2921,
ZBTB20-AS3,False,True,False,1,,,756,555,
ZBTB20-AS5,False,True,False,1,,,1750,51,
ZBTB22,True,False,False,1,11.352309357481229,1768,,,
ZBTB25,False,True,False,1,,,372,2628,
ZBTB37,False,True,False,1,,,565,1097,
ZBTB40,False,True,False,1,,,371,2648,
ZBTB45,True,True,False,2,8.82474340993711,4086,383,2504,
ZBTB45P2,True,False,False,1,8.89039877332615,4017,,,
ZBTB47,True,False,False,1,11.7424371182226,1535,,,
ZBTB48,False,True,False,1,,,342,3077,
ZBTB7B,True,False,False,1,11.714477373169537,1553,,,
ZBTB7C-AS1,False,True,False,1,,,569,1081,
ZBTB8B,False,True,False,1,,,457,1758,
ZBTB9,True,False,False,1,8.932624474363374,3955,,,
ZC3H12A,True,False,False,1,8.970479195323207,3907,,,
ZC3H14,False,True,False,1,,,384,2488,
ZC3H18,False,True,False,1,,,290,4134,
ZC3H3,True,True,False,2,10.32303008223903,2462,329,3287,
ZC3H7B,True,True,False,2,10.46344414332668,2365,444,1867,
ZCCHC24,True,False,False,1,8.373568038150536,4772,,,
ZDHHC11,False,True,False,1,,,375,2598,
ZDHHC11B,True,True,False,2,9.865404608852696,2851,401,2291,
ZDHHC16,False,True,False,1,,,397,2337,
ZDHHC20,False,True,False,1,,,278,4449,
ZDHHC3,False,True,False,1,,,306,3745,
ZDHHC5,False,True,False,1,,,350,2952,
ZDHHC6,False,True,False,1,,,271,4637,
ZDHHC8,True,False,False,1,9.429084240352816,3325,,,
ZER1,True,True,False,2,9.809489220723894,2919,302,3840,
ZFC3H1,False,True,False,1,,,269,4687,
ZFHX3-AS1,True,False,False,1,10.386658222569752,2415,,,
ZFP36,True,False,False,1,10.665631979091016,2212,,,
ZFP36L2,True,False,False,1,8.458142718822337,4650,,,
ZFP90,False,True,False,1,,,515,1343,
ZFP91-CNTF,True,False,False,1,8.947650798273045,3933,,,
ZFR,False,True,False,1,,,362,2758,
ZFR2,False,True,False,1,,,491,1502,
ZFTA,True,False,False,1,9.022729012340289,3824,,,
ZFY,True,False,False,1,16.291247761890038,403,,,
ZFYVE1,False,True,False,1,,,405,2249,
ZFYVE26,False,True,False,1,,,612,903,
ZFYVE27,True,True,False,2,8.805517084525864,4111,410,2202,
ZFYVE28,True,False,False,1,8.316174903428065,4877,,,
ZGPAT,True,False,False,1,10.903613756977125,2058,,,
ZHX2,True,False,False,1,8.350445778256768,4824,,,
ZKSCAN2-DT,False,True,False,1,,,528,1267,
ZKSCAN3,False,True,False,1,,,276,4508,
ZKSCAN5,False,True,False,1,,,307,3724,
ZKSCAN8,False,True,False,1,,,515,1345,
ZMIZ2,True,False,False,1,9.631492225986904,3100,,,
ZMYM3,True,True,False,2,8.462553722807337,4643,338,3139,
ZMYM4,False,True,False,1,,,449,1821,
ZNF101P2,False,True,False,1,,,314,3589,
ZNF12,False,True,False,1,,,308,3700,
ZNF131,False,True,False,1,,,522,1302,
ZNF133,False,True,False,1,,,401,2290,
ZNF134,False,True,False,1,,,304,3793,
ZNF142,False,True,False,1,,,265,4804,
ZNF146,False,True,False,1,,,273,4581,
ZNF154,False,True,False,1,,,276,4504,
ZNF185,True,False,False,1,11.45177700383857,1703,,,
ZNF197,False,True,False,1,,,622,871,
ZNF204P,True,False,False,1,9.071725418960346,3762,,,
ZNF205,True,False,False,1,8.81005574966911,4106,,,
ZNF208,True,False,False,1,9.054439159605726,3779,,,
ZNF211,False,True,False,1,,,286,4233,
ZNF213-AS1,False,True,False,1,,,481,1581,
ZNF219,True,False,False,1,9.247144918776296,3521,,,
ZNF225,False,True,False,1,,,304,3795,
ZNF226,False,True,False,1,,,262,4907,
ZNF234,False,True,False,1,,,288,4200,
ZNF248,True,False,False,1,8.694811180233344,4268,,,
ZNF264,False,True,False,1,,,436,1941,
ZNF274,False,True,False,1,,,370,2664,
ZNF282,True,True,False,2,8.38318314460413,4749,387,2457,
ZNF3,False,True,False,1,,,300,3882,
ZNF300P1,True,False,False,1,8.624379671621483,4376,,,
ZNF318,False,True,False,1,,,493,1491,
ZNF324,False,True,False,1,,,293,4060,
ZNF324B,False,True,False,1,,,288,4195,
ZNF329,False,True,False,1,,,292,4093,
ZNF335,True,True,False,2,8.684525457358932,4283,484,1551,
ZNF33BP1,False,True,False,1,,,363,2753,
ZNF347,False,True,False,1,,,287,4221,
ZNF350-AS1,False,True,False,1,,,1188,191,
ZNF358,True,False,False,1,10.25377618375892,2518,,,
ZNF365,True,False,False,1,8.531740982866156,4525,,,
ZNF366,True,False,False,1,8.793856903088109,4132,,,
ZNF37BP,False,True,False,1,,,328,3324,
ZNF382,False,True,False,1,,,297,3961,
ZNF383,False,True,False,1,,,389,2433,
ZNF384,True,False,False,1,8.655810803177797,4326,,,
ZNF385B,True,False,False,1,9.521379050363857,3232,,,
ZNF417,False,True,False,1,,,413,2173,
ZNF423,True,False,False,1,8.4598424978744,4646,,,
ZNF44,False,True,False,1,,,498,1460,
ZNF440,False,True,False,1,,,338,3143,
ZNF444,True,True,False,2,8.84686231541702,4068,460,1719,
ZNF445,False,True,False,1,,,709,651,
ZNF446,False,True,False,1,,,460,1717,
ZNF45,False,True,False,1,,,335,3177,
ZNF451,False,True,False,1,,,383,2503,
ZNF460,True,False,False,1,8.596388740794119,4416,,,
ZNF461,False,True,False,1,,,311,3648,
ZNF467,True,False,False,1,8.359127756673177,4798,,,
ZNF469,True,False,False,1,11.07807492136341,1941,,,
ZNF483,False,True,False,1,,,445,1860,
ZNF491,False,True,False,1,,,319,3483,
ZNF496-DT,False,True,False,1,,,338,3150,
ZNF497-AS1,False,True,False,1,,,527,1272,
ZNF507,False,True,False,1,,,325,3374,
ZNF510,False,True,False,1,,,299,3899,
ZNF512B,True,True,False,2,11.393026241290151,1742,316,3535,
ZNF513,True,True,False,2,9.64954673664101,3085,587,993,
ZNF514,False,True,False,1,,,709,647,
ZNF517,False,True,False,1,,,534,1236,
ZNF519,False,True,False,1,,,334,3201,
ZNF521,True,False,False,1,9.36677417185363,3382,,,
ZNF529,False,True,False,1,,,548,1184,
ZNF540,False,True,False,1,,,408,2220,
ZNF546,False,True,False,1,,,323,3418,
ZNF548,False,True,False,1,,,335,3185,
ZNF549,False,True,False,1,,,609,913,
ZNF554,False,True,False,1,,,395,2362,
ZNF556,False,True,False,1,,,762,553,
ZNF561,False,True,False,1,,,343,3062,
ZNF566,False,True,False,1,,,264,4845,
ZNF567-DT,False,True,False,1,,,311,3649,
ZNF571,False,True,False,1,,,512,1369,
ZNF574,True,False,False,1,8.341281436883438,4837,,,
ZNF586,False,True,False,1,,,419,2119,
ZNF592,False,True,False,1,,,430,1997,
ZNF594,False,True,False,1,,,396,2350,
ZNF594-DT,False,True,False,1,,,319,3490,
ZNF598,True,True,False,2,9.814539537340623,2903,357,2846,
ZNF606,False,True,False,1,,,368,2689,
ZNF608,True,False,False,1,8.863160741333255,4049,,,
ZNF609,False,True,False,1,,,281,4357,
ZNF615,False,True,False,1,,,264,4849,
ZNF621,False,True,False,1,,,505,1424,
ZNF629,True,True,False,2,9.024142688456074,3819,409,2210,
ZNF638,False,True,False,1,,,375,2592,
ZNF644,False,True,False,1,,,325,3370,
ZNF652-AS1,False,True,False,1,,,262,4919,
ZNF652P1,False,True,False,1,,,414,2166,
ZNF653,False,True,False,1,,,369,2677,
ZNF668,True,False,False,1,9.246072367830417,3522,,,
ZNF670-ZNF695,False,True,False,1,,,535,1232,
ZNF679,False,True,False,1,,,429,2013,
ZNF692,True,True,False,2,9.14143029193274,3661,271,4648,
ZNF7,False,True,False,1,,,416,2145,
ZNF703,True,False,False,1,9.816323767460045,2901,,,
ZNF704,True,False,False,1,12.049193156397548,1392,,,
ZNF707,False,True,False,1,,,334,3212,
ZNF710,True,False,False,1,9.538217230338642,3203,,,
ZNF711,True,False,False,1,11.580878534130006,1630,,,
ZNF713,False,True,False,1,,,280,4387,
ZNF727,False,True,False,1,,,417,2141,
ZNF74,False,True,False,1,,,264,4844,
ZNF75BP,False,True,False,1,,,646,808,
ZNF75CP,False,True,False,1,,,1278,149,
ZNF75D,False,True,False,1,,,305,3764,
ZNF76,True,True,False,2,9.420345249134613,3335,627,856,
ZNF765,False,True,False,1,,,280,4388,
ZNF767P,False,True,False,1,,,743,580,
ZNF768,True,True,False,2,11.965295863019156,1429,479,1597,
ZNF773,False,True,False,1,,,297,3960,
ZNF776,False,True,False,1,,,371,2643,
ZNF777,True,False,False,1,8.75959911359989,4187,,,
ZNF780A,False,True,False,1,,,425,2060,
ZNF780B,False,True,False,1,,,271,4661,
ZNF782,False,True,False,1,,,473,1631,
ZNF783,False,True,False,1,,,380,2542,
ZNF787,True,False,False,1,9.19265342685346,3595,,,
ZNF789,False,True,False,1,,,447,1845,
ZNF790-AS1,False,True,False,1,,,303,3824,
ZNF81,False,True,False,1,,,367,2700,
ZNF814,False,True,False,1,,,390,2421,
ZNF83,False,True,False,1,,,295,4023,
ZNF831,False,True,False,1,,,379,2549,
ZNF84,False,True,False,1,,,344,3050,
ZNF846,False,True,False,1,,,350,2954,
ZNF852,False,True,False,1,,,346,3017,
ZNF853,True,True,False,2,10.807553590259644,2120,268,4720,
ZNF862,True,True,False,2,8.615198589585777,4389,427,2034,
ZNF865,True,False,False,1,11.844967471717348,1489,,,
ZNF875,False,True,False,1,,,353,2916,
ZNF891,False,True,False,1,,,509,1396,
ZP4,False,True,False,1,,,415,2149,
ZPBP2,False,True,False,1,,,476,1614,
ZSCAN10,False,True,False,1,,,281,4346,
ZSCAN25,False,True,False,1,,,460,1721,
ZSCAN29,False,True,False,1,,,348,2984,
ZSCAN30,False,True,False,1,,,568,1083,
ZSWIM4,True,False,False,1,11.300231788242954,1806,,,
ZSWIM8,True,True,False,2,10.281151064580248,2493,569,1079,
ZWINT,True,False,False,1,8.34263215159718,4835,,,
ZXDC,False,True,False,1,,,360,2790,
ZYX,True,False,False,1,12.260516545756152,1306,,,
ZZEF1,True,True,False,2,8.87858196985585,4027,557,1139,
ZZZ3,False,True,False,1,,,277,4465,
