gene,in_variance_set,in_centrality_set,in_kegg_set,n_sources,variance,variance_rank,in_degree,centrality_rank,kegg_pathway
A2M,True,False,False,1,20.15328182179736,181.0,,,
A2ML1,False,True,False,1,,,281.0,4352.0,
A4GALT,True,False,False,1,12.683076056541235,1146.0,,,
AAMP,True,True,False,2,8.937867475536132,3948.0,309.0,3673.0,
AAR2,False,True,False,1,,,432.0,1978.0,
AASDH,False,True,False,1,,,273.0,4580.0,
ABAT,True,False,False,1,9.35921486662768,3388.0,,,
ABCA10,False,True,False,1,,,308.0,3698.0,
ABCA2,True,True,False,2,13.600965258497776,892.0,295.0,4011.0,
ABCA3,True,False,False,1,11.426998460159531,1720.0,,,
ABCA6,True,False,False,1,11.196364997880158,1874.0,,,
ABCA7,True,False,False,1,9.104560970656356,3712.0,,,
ABCA8,True,False,False,1,12.46923370224186,1215.0,,,
ABCA9,True,False,False,1,9.725373138818869,3000.0,,,
ABCB1,True,False,False,1,10.593145517659613,2267.0,,,
ABCB4,True,False,False,1,11.159635516713893,1899.0,,,
ABCB8,True,True,False,2,9.154806131045904,3651.0,524.0,1291.0,
ABCC1,True,False,False,1,12.509128349659363,1206.0,,,
ABCC3,True,False,False,1,10.163063312470973,2601.0,,,
ABCC5,False,True,False,1,,,271.0,4641.0,
ABCC8,False,True,False,1,,,663.0,766.0,
ABCC9,True,False,False,1,10.627844336564642,2242.0,,,
ABCD1,True,False,False,1,10.356063151429808,2432.0,,,
ABCD2,True,False,False,1,10.127355580396172,2624.0,,,
ABCD3,False,True,False,1,,,298.0,3933.0,
ABCE1,False,True,False,1,,,313.0,3607.0,
ABCF2-H2BK1,True,False,False,1,12.622689459980826,1163.0,,,
ABCF3,False,True,False,1,,,814.0,486.0,
ABCG1,True,False,False,1,9.744346113471796,2988.0,,,
ABCG5,False,True,False,1,,,338.0,3137.0,
ABCG8,False,True,False,1,,,494.0,1482.0,
ABHD16A,True,False,False,1,8.303417906881634,4898.0,,,
ABHD18,False,True,False,1,,,289.0,4152.0,
ABHD8,True,True,False,2,9.099328994428182,3725.0,266.0,4776.0,
ABI3,True,False,False,1,13.123334694000611,1018.0,,,
ABI3BP,True,False,False,1,13.481069611258304,919.0,,,
ABL1,True,True,False,2,10.045597544592992,2695.0,459.0,1727.0,
ABLIM1,True,False,False,1,10.846668388605847,2092.0,,,
ABLIM3,True,False,False,1,11.981486578657693,1418.0,,,
ABR,True,False,False,1,11.889312618097078,1474.0,,,
ABRA,True,False,False,1,11.51929402253895,1656.0,,,
ABRAXAS2,False,True,False,1,,,292.0,4090.0,
ABTB1,True,False,False,1,10.968614671393912,2014.0,,,
ABTB2,True,False,False,1,10.628594746809148,2240.0,,,
ACAA1,True,False,False,1,10.866455713800605,2080.0,,,
ACACA,True,False,False,1,8.679047924535316,4295.0,,,
ACACB,True,True,False,2,11.659669571738538,1577.0,592.0,976.0,
ACAD10,False,True,False,1,,,413.0,2171.0,
ACAD9,False,True,False,1,,,657.0,782.0,
ACADS,True,False,False,1,10.189202226319834,2574.0,,,
ACADVL,True,False,False,1,10.412519386928471,2400.0,,,
ACAP1,False,True,False,1,,,268.0,4710.0,
ACAP3,True,True,False,2,11.141555401006087,1908.0,295.0,4014.0,
ACBD4,False,True,False,1,,,278.0,4450.0,
ACE,True,False,True,2,10.786874449379,2128.0,,,hsa05410
ACE2,True,False,False,1,8.875601710650713,4032.0,,,
ACKR1,True,False,False,1,10.610415606076478,2251.0,,,
ACKR3,True,False,False,1,10.514022238831442,2325.0,,,
ACLY,True,True,False,2,9.221306143356896,3555.0,301.0,3857.0,
ACMSD,False,True,False,1,,,295.0,4018.0,
ACOT1,True,False,False,1,10.07392629722328,2664.0,,,
ACOT11,True,True,False,2,8.378730095855849,4761.0,280.0,4384.0,
ACOT7,True,False,False,1,9.709640734661631,3014.0,,,
ACOX2,True,False,False,1,9.304916390174968,3448.0,,,
ACP2,True,False,False,1,9.631546428542077,3099.0,,,
ACSL1,True,False,False,1,9.096974834707463,3728.0,,,
ACSL5,True,True,False,2,10.357108233246926,2430.0,317.0,3520.0,
ACSM2A,False,True,False,1,,,447.0,1843.0,
ACSM2B,False,True,False,1,,,334.0,3196.0,
ACSM5,True,False,False,1,10.285902676438582,2487.0,,,
ACSS1,True,False,False,1,12.638490622235416,1161.0,,,
ACSS2,True,True,False,2,9.747303181789114,2984.0,279.0,4408.0,
ACSS3,True,False,False,1,10.271599953504492,2505.0,,,
ACTA1,True,False,False,1,31.3194401553505,30.0,,,
ACTA2,True,False,False,1,14.932021994505607,607.0,,,
ACTB,False,False,True,1,,,,,both
ACTC1,True,True,True,3,51.6227207372153,2.0,266.0,4780.0,both
ACTG1,False,False,True,1,,,,,both
ACTG2,True,False,False,1,12.107975171747457,1365.0,,,
ACTL6B,False,True,False,1,,,464.0,1687.0,
ACTN2,True,True,False,2,30.47976750890796,32.0,369.0,2675.0,
ACTN4,True,False,False,1,16.000608551632244,443.0,,,
ACTR1B,False,True,False,1,,,353.0,2909.0,
ACTR8,False,True,False,1,,,279.0,4404.0,
ACVRL1,True,False,False,1,15.140836159758257,573.0,,,
ADA2,True,False,False,1,8.544309020632763,4503.0,,,
ADAD1,False,True,False,1,,,428.0,2028.0,
ADAM11,True,True,False,2,13.420691206808398,936.0,506.0,1415.0,
ADAM12,True,False,False,1,12.44413205977534,1226.0,,,
ADAM15,True,False,False,1,15.521980090106169,516.0,,,
ADAM19,True,False,False,1,10.323035679094623,2461.0,,,
ADAM23,True,False,False,1,11.657459346339593,1578.0,,,
ADAM28,True,False,False,1,8.665895919901871,4316.0,,,
ADAM33,True,False,False,1,12.314691138380237,1284.0,,,
ADAM7,False,True,False,1,,,460.0,1716.0,
ADAM8,True,False,False,1,8.84394731560973,4071.0,,,
ADAM9,True,False,False,1,14.08508665945781,779.0,,,
ADAMTS1,True,False,False,1,10.024742670074486,2713.0,,,
ADAMTS10,True,False,False,1,9.5900708318159,3155.0,,,
ADAMTS12,True,False,False,1,15.993091815351203,444.0,,,
ADAMTS13,False,True,False,1,,,465.0,1685.0,
ADAMTS14,True,False,False,1,13.487453202733484,918.0,,,
ADAMTS15,True,False,False,1,16.672716845922032,361.0,,,
ADAMTS18,True,False,False,1,11.37894807007168,1753.0,,,
ADAMTS19,True,False,False,1,11.42489502821684,1723.0,,,
ADAMTS2,True,True,False,2,13.271814466784935,978.0,306.0,3736.0,
ADAMTS20,False,True,False,1,,,315.0,3563.0,
ADAMTS5,True,False,False,1,10.349866771762889,2441.0,,,
ADAMTS7,True,False,False,1,12.811556439642,1105.0,,,
ADAMTS8,True,False,False,1,12.580013330476534,1177.0,,,
ADAMTS9,True,False,False,1,13.916151515655717,824.0,,,
ADAMTSL1,True,False,False,1,14.486886776129484,697.0,,,
ADAMTSL2,True,False,False,1,10.379411944142424,2421.0,,,
ADAMTSL4,True,False,False,1,12.432697790710996,1231.0,,,
ADAMTSL5,True,False,False,1,10.11536637363366,2632.0,,,
ADAP1,True,False,False,1,8.778065277913244,4157.0,,,
ADAP2,False,True,False,1,,,262.0,4910.0,
ADARB1,True,False,False,1,8.509700752696807,4560.0,,,
ADAT1,False,True,False,1,,,271.0,4638.0,
ADCK2,True,False,False,1,8.542785256022066,4506.0,,,
ADCK5,False,True,False,1,,,276.0,4503.0,
ADCY1,True,True,True,3,9.814306247457443,2905.0,328.0,3310.0,hsa05414
ADCY2,False,False,True,1,,,,,hsa05414
ADCY3,True,False,True,2,9.56874510773518,3173.0,,,hsa05414
ADCY4,True,False,True,2,12.314609626760568,1285.0,,,hsa05414
ADCY5,True,True,True,3,22.569582791311618,115.0,705.0,659.0,hsa05414
ADCY6,True,True,True,3,13.32147461292,960.0,377.0,2575.0,hsa05414
ADCY7,True,False,True,2,9.058747109213591,3776.0,,,hsa05414
ADCY8,False,True,True,2,,,284.0,4284.0,hsa05414
ADCY9,True,False,True,2,8.567605954720412,4469.0,,,hsa05414
ADCYAP1R1,True,False,False,1,8.719833389299705,4238.0,,,
ADD1,False,True,False,1,,,447.0,1838.0,
ADD2,True,False,False,1,13.008943245251638,1058.0,,,
ADGRA2,True,False,False,1,15.926658614012682,455.0,,,
ADGRA3,True,False,False,1,8.364849083275143,4791.0,,,
ADGRB2,True,False,False,1,15.110910185362808,577.0,,,
ADGRB3,True,False,False,1,9.220154958554366,3556.0,,,
ADGRD1,True,False,False,1,12.14427241746168,1349.0,,,
ADGRE1,False,True,False,1,,,281.0,4355.0,
ADGRE2,False,True,False,1,,,398.0,2324.0,
ADGRE3,False,True,False,1,,,540.0,1211.0,
ADGRE5,True,False,False,1,10.439861654961916,2376.0,,,
ADGRF5,True,False,False,1,17.000018610427365,330.0,,,
ADGRG1,True,False,False,1,11.645510351965088,1581.0,,,
ADGRG6,True,False,False,1,11.792364385443994,1513.0,,,
ADGRL1,True,False,False,1,10.687579474816976,2187.0,,,
ADGRL3,True,False,False,1,15.2728742494438,553.0,,,
ADGRL4,True,False,False,1,14.25887242937218,736.0,,,
ADGRV1,False,True,False,1,,,694.0,692.0,
ADH1B,True,False,False,1,20.20724188804703,178.0,,,
ADH1C,True,False,False,1,8.42611608291439,4688.0,,,
ADIPOQ,True,False,False,1,8.604627173902335,4402.0,,,
ADIRF,True,False,False,1,19.087695080258584,221.0,,,
ADM2,True,False,False,1,8.82296954154142,4091.0,,,
ADORA1,True,False,False,1,13.724032464520356,865.0,,,
ADORA2A,True,False,False,1,9.504564176947316,3250.0,,,
ADPGK,False,True,False,1,,,307.0,3721.0,
ADPRHL1,True,True,False,2,18.076561956120074,260.0,567.0,1088.0,
ADRA1A,True,True,False,2,9.4991226010263,3252.0,293.0,4064.0,
ADRA2B,True,False,False,1,9.069340254854358,3767.0,,,
ADRB1,True,False,True,2,9.022491528219424,3825.0,,,hsa05414
ADRM1,True,False,False,1,8.498149398241953,4580.0,,,
ADSS1,True,True,False,2,9.683013636962036,3048.0,279.0,4421.0,
AEBP1,True,False,False,1,14.69197576569958,652.0,,,
AFAP1,True,False,False,1,9.524877003004644,3225.0,,,
AFAP1L1,True,False,False,1,10.59598515040166,2261.0,,,
AFAP1L2,True,False,False,1,10.614586067284296,2246.0,,,
AFDN,True,False,False,1,9.16653841207894,3633.0,,,
AFF2,True,False,False,1,8.308294709230365,4887.0,,,
AFF4,False,True,False,1,,,586.0,995.0,
AFM,False,True,False,1,,,355.0,2869.0,
AFP,True,False,False,1,12.148991435553391,1346.0,,,
AFTPH,False,True,False,1,,,299.0,3904.0,
AGAP2,True,False,False,1,10.355850057751782,2433.0,,,
AGAP3,True,True,False,2,10.011579086917866,2725.0,742.0,583.0,
AGAP5,False,True,False,1,,,268.0,4718.0,
AGFG1,False,True,False,1,,,555.0,1150.0,
AGO3,False,True,False,1,,,594.0,968.0,
AGPAT1,True,False,False,1,18.895942492837516,228.0,,,
AGPAT2,True,False,False,1,10.676326185387705,2196.0,,,
AGPS,False,True,False,1,,,398.0,2321.0,
AGRN,True,False,False,1,17.57751899071697,290.0,,,
AGT,True,False,True,2,11.621925447122154,1602.0,,,both
AGTR1,True,False,False,1,9.330972307731344,3420.0,,,
AGXT2,False,True,False,1,,,341.0,3084.0,
AHCTF1,False,True,False,1,,,269.0,4691.0,
AHCY,True,False,False,1,8.375401318725755,4768.0,,,
AHNAK,True,False,False,1,12.151724567119611,1345.0,,,
AHNAK2,True,False,False,1,14.446898159541345,704.0,,,
AHR,True,False,False,1,8.775916047103602,4163.0,,,
AHRR,True,False,False,1,8.965686341154674,3914.0,,,
AHSG,True,False,False,1,9.016510524952968,3837.0,,,
AIF1,True,True,False,2,12.527181813153971,1203.0,445.0,1862.0,
AIF1L,True,False,False,1,16.517180635024836,377.0,,,
AIMP1,False,True,False,1,,,438.0,1926.0,
AJM1,True,False,False,1,8.993999711964046,3867.0,,,
AJUBA,True,False,False,1,9.63044512652338,3106.0,,,
AK5,True,False,False,1,8.882034119603874,4024.0,,,
AKAP1,True,False,False,1,8.735152034205347,4219.0,,,
AKAP10,False,True,False,1,,,279.0,4403.0,
AKAP12,True,False,False,1,9.360260163003524,3387.0,,,
AKAP6,True,True,False,2,15.803703378733234,472.0,462.0,1702.0,
AKR1C1,True,False,False,1,10.0495604749251,2690.0,,,
AKR1C2,True,False,False,1,9.134922838134052,3670.0,,,
AKR1C3,True,False,False,1,9.824294061341249,2894.0,,,
AKR1C4,False,True,False,1,,,307.0,3725.0,
AKR7L,False,True,False,1,,,373.0,2622.0,
AKT1,True,True,False,2,10.364902363144957,2425.0,496.0,1471.0,
AKT1S1,True,True,False,2,9.689064517404043,3045.0,346.0,3018.0,
AKT3,True,False,False,1,13.626434630744876,886.0,,,
ALAS2,True,False,False,1,11.096150308653304,1936.0,,,
ALB,True,False,False,1,13.37285905414476,951.0,,,
ALCAM,True,False,False,1,9.595174158248543,3150.0,,,
ALDH18A1,True,False,False,1,8.304343566590259,4896.0,,,
ALDH1A1,True,False,False,1,15.411670252934275,537.0,,,
ALDH1A2,True,False,False,1,10.931017524882902,2034.0,,,
ALDH1A3,True,False,False,1,16.33005679094619,400.0,,,
ALDH1L1,True,False,False,1,11.420749114186474,1726.0,,,
ALDH1L2,True,True,False,2,10.429080308861282,2389.0,325.0,3372.0,
ALDH4A1,True,False,False,1,13.528500319997974,904.0,,,
ALDH5A1,True,False,False,1,8.316837779528013,4876.0,,,
ALDH8A1,False,True,False,1,,,293.0,4063.0,
ALDOA,True,False,False,1,8.766631691687632,4178.0,,,
ALDOB,False,True,False,1,,,357.0,2844.0,
ALDOC,True,False,False,1,12.099176087644176,1375.0,,,
ALG12,True,False,False,1,9.762272441573788,2966.0,,,
ALG9,False,True,False,1,,,422.0,2082.0,
ALMS1,False,True,False,1,,,313.0,3601.0,
ALOX5,True,True,False,2,11.138252827012076,1910.0,289.0,4165.0,
ALOX5AP,True,False,False,1,10.79826805597398,2123.0,,,
ALPK1,False,True,False,1,,,325.0,3369.0,
ALPK2,True,False,False,1,22.359846339203447,120.0,,,
ALPK3,True,False,False,1,18.96062501885913,225.0,,,
ALPL,True,False,False,1,12.166723308492758,1339.0,,,
ALS2,False,True,False,1,,,532.0,1242.0,
ALS2CL,True,False,False,1,9.925805496637407,2804.0,,,
ALYREF,True,False,False,1,9.291208410923732,3467.0,,,
AMBP,True,False,False,1,8.908822456933699,3992.0,,,
AMBRA1,True,True,False,2,9.26603998837238,3500.0,447.0,1839.0,
AMDHD2,True,False,False,1,8.967662282939411,3911.0,,,
AMER1,True,False,False,1,8.356698992544125,4805.0,,,
AMER2,False,True,False,1,,,537.0,1226.0,
AMHR2,True,False,False,1,9.02203948425958,3826.0,,,
AMIGO2,True,False,False,1,8.393719244371276,4735.0,,,
AMMECR1L,False,True,False,1,,,526.0,1273.0,
AMOT,True,False,False,1,9.106567724644362,3708.0,,,
AMOTL1,True,False,False,1,8.346971624156973,4830.0,,,
AMOTL2,True,False,False,1,11.25707807100192,1840.0,,,
AMPD2,True,False,False,1,8.91118304242046,3988.0,,,
AMT,True,True,False,2,8.654473210985008,4330.0,388.0,2444.0,
AMY2B,True,True,False,2,8.55434523964812,4490.0,394.0,2378.0,
ANAPC1,False,True,False,1,,,428.0,2026.0,
ANAPC2,True,True,False,2,13.052072940050175,1044.0,670.0,741.0,
ANAPC4,False,True,False,1,,,282.0,4321.0,
ANAPC7,False,True,False,1,,,267.0,4744.0,
ANGEL2,False,True,False,1,,,570.0,1070.0,
ANGPT1,True,False,False,1,8.712800545457096,4242.0,,,
ANGPT2,True,False,False,1,9.722928648162682,3004.0,,,
ANGPTL1,True,False,False,1,11.026985357849457,1969.0,,,
ANGPTL2,True,False,False,1,10.628046678522187,2241.0,,,
ANGPTL4,True,False,False,1,11.729369411759572,1544.0,,,
ANK1,True,False,False,1,10.74190163711796,2156.0,,,
ANK2,True,True,False,2,11.45055939484056,1704.0,284.0,4280.0,
ANKIB1,False,True,False,1,,,515.0,1337.0,
ANKLE2,False,True,False,1,,,297.0,3965.0,
ANKMY1,False,True,False,1,,,398.0,2326.0,
ANKRD1,True,False,False,1,26.67493487867181,58.0,,,
ANKRD13B,True,False,False,1,8.762453353942588,4183.0,,,
ANKRD18A,True,False,False,1,9.833538607346236,2888.0,,,
ANKRD2,True,False,False,1,11.5429750715387,1650.0,,,
ANKRD52,True,True,False,2,10.75817332358932,2149.0,342.0,3072.0,
ANKRD61,False,True,False,1,,,529.0,1256.0,
ANKRD63,True,True,False,2,11.373955085233964,1756.0,309.0,3684.0,
ANLN,True,False,False,1,14.105032653385631,770.0,,,
ANO1,True,False,False,1,13.795008474142122,850.0,,,
ANO2,True,False,False,1,9.021550057929703,3828.0,,,
ANO4,True,False,False,1,9.990434247805116,2746.0,,,
ANO5,True,True,False,2,14.995785701346469,596.0,303.0,3810.0,
ANO8,True,True,False,2,9.17117741967746,3621.0,273.0,4570.0,
ANOS1,True,False,False,1,11.903736175192874,1463.0,,,
ANPEP,True,False,False,1,21.547947243985465,133.0,,,
ANTXR1,True,False,False,1,10.578103875503476,2277.0,,,
ANXA1,True,False,False,1,13.336825195344618,956.0,,,
ANXA10,True,False,False,1,8.419793259943317,4699.0,,,
ANXA2,True,False,False,1,9.33990805362742,3409.0,,,
ANXA3,True,False,False,1,9.119418670017142,3696.0,,,
ANXA6,True,False,False,1,8.43559302226917,4673.0,,,
AOAH,True,True,False,2,11.604214559082749,1614.0,860.0,434.0,
AOC3,True,False,False,1,12.438208118810682,1228.0,,,
AOX1,True,False,False,1,13.993201157460929,804.0,,,
AP1B1,True,False,False,1,9.039909070572604,3799.0,,,
AP1G1,False,True,False,1,,,719.0,628.0,
AP1G2,True,False,False,1,8.582204834539345,4439.0,,,
AP1S1,True,False,False,1,11.132503485121308,1911.0,,,
AP2A1,True,True,False,2,11.268378152135751,1834.0,566.0,1092.0,
AP2A2,True,False,False,1,9.536025909738102,3204.0,,,
AP3B1,False,True,False,1,,,384.0,2491.0,
AP3B2,False,True,False,1,,,572.0,1059.0,
AP3D1,False,True,False,1,,,312.0,3614.0,
AP3M1,False,True,False,1,,,320.0,3470.0,
AP4S1,False,True,False,1,,,291.0,4106.0,
APBA1,True,False,False,1,10.609561182575009,2253.0,,,
APBA2,True,False,False,1,9.238637873008452,3536.0,,,
APBB1,True,False,False,1,9.558545931914264,3186.0,,,
APBB1IP,True,False,False,1,12.24179784745238,1311.0,,,
APBB2,True,False,False,1,8.306343675819155,4890.0,,,
APCDD1,True,False,False,1,15.681522456809205,490.0,,,
APCDD1L,True,False,False,1,12.010446714097348,1410.0,,,
APH1A,True,True,False,2,10.676012719102562,2199.0,277.0,4469.0,
API5,False,True,False,1,,,382.0,2518.0,
APLN,True,False,False,1,15.680620867397444,492.0,,,
APLNR,True,False,False,1,16.632160199316733,363.0,,,
APLP1,True,False,False,1,10.285313568699898,2488.0,,,
APOA1,True,False,False,1,17.42230191113638,303.0,,,
APOA2,True,False,False,1,10.589941255729933,2270.0,,,
APOA5,False,True,False,1,,,348.0,2983.0,
APOB,True,False,False,1,17.1894793105122,316.0,,,
APOBEC2,True,True,False,2,22.475196137192317,118.0,331.0,3250.0,
APOBR,True,True,False,2,9.2887063718228,3471.0,556.0,1146.0,
APOC1,True,False,False,1,9.45481258896435,3296.0,,,
APOC4,False,True,False,1,,,299.0,3929.0,
APOD,True,False,False,1,16.14521769821336,425.0,,,
APOE,True,False,False,1,16.524780319972646,376.0,,,
APOF,False,True,False,1,,,391.0,2408.0,
APOH,False,True,False,1,,,310.0,3653.0,
APOL1,True,False,False,1,10.493272392601584,2344.0,,,
APOL3,True,False,False,1,14.738033358487488,644.0,,,
APOL6,False,True,False,1,,,281.0,4362.0,
APP,True,False,False,1,10.466572159060588,2364.0,,,
APPBP2,False,True,False,1,,,279.0,4401.0,
APTX,False,True,False,1,,,289.0,4151.0,
AQP1,True,False,False,1,19.76215549866316,195.0,,,
AQP3,True,False,False,1,8.374517504862542,4770.0,,,
AQP4,True,False,False,1,9.221922810221512,3554.0,,,
AQP7,True,True,False,2,13.273263425583048,976.0,267.0,4740.0,
AQP7B,True,False,False,1,8.32459319578819,4863.0,,,
AQP9,True,True,False,2,13.00615894115123,1059.0,331.0,3246.0,
AQR,False,True,False,1,,,638.0,827.0,
AR,True,False,False,1,8.447866125092768,4662.0,,,
ARAP1,True,False,False,1,13.426612059824986,932.0,,,
ARAP2,True,False,False,1,10.892538651096505,2065.0,,,
ARAP3,True,False,False,1,10.731354820976613,2164.0,,,
ARCN1,False,True,False,1,,,291.0,4105.0,
AREG,True,False,False,1,8.859497079123084,4054.0,,,
AREL1,False,True,False,1,,,492.0,1494.0,
ARF5,True,False,False,1,10.383480927759228,2417.0,,,
ARFGAP1,True,True,False,2,10.962464308483838,2018.0,741.0,586.0,
ARFGAP2,False,True,False,1,,,424.0,2064.0,
ARFGAP3,False,True,False,1,,,338.0,3146.0,
ARFGEF1,False,True,False,1,,,727.0,606.0,
ARFGEF2,False,True,False,1,,,463.0,1694.0,
ARFGEF3,True,False,False,1,8.534744760692966,4522.0,,,
ARFIP2,False,True,False,1,,,312.0,3617.0,
ARGFX,False,True,False,1,,,1406.0,108.0,
ARHGAP11A,True,False,False,1,10.968873179917695,2012.0,,,
ARHGAP15,True,True,False,2,10.905484002320774,2053.0,486.0,1537.0,
ARHGAP22,True,True,False,2,8.4535654009439,4655.0,345.0,3032.0,
ARHGAP23,True,False,False,1,14.98353759741896,599.0,,,
ARHGAP25,True,False,False,1,10.036262777452077,2702.0,,,
ARHGAP27,True,False,False,1,9.18562620103085,3603.0,,,
ARHGAP30,True,True,False,2,10.5627342742037,2291.0,341.0,3091.0,
ARHGAP31,True,False,False,1,9.318171852606312,3436.0,,,
ARHGAP33,True,True,False,2,10.42438773217076,2390.0,447.0,1837.0,
ARHGAP35,False,True,False,1,,,338.0,3141.0,
ARHGAP39,True,False,False,1,8.286673462792077,4918.0,,,
ARHGAP4,True,False,False,1,11.340142226014926,1772.0,,,
ARHGAP42,True,False,False,1,9.21255091212037,3570.0,,,
ARHGAP44,False,True,False,1,,,405.0,2246.0,
ARHGAP45,True,False,False,1,10.335030018083057,2454.0,,,
ARHGAP8,False,True,False,1,,,374.0,2611.0,
ARHGAP9,True,False,False,1,9.952990217940355,2783.0,,,
ARHGDIA,True,True,False,2,13.33446513012309,957.0,278.0,4446.0,
ARHGDIB,True,False,False,1,12.740587172122837,1125.0,,,
ARHGEF1,True,True,False,2,10.431544929610196,2384.0,337.0,3151.0,
ARHGEF10L,True,False,False,1,12.386329586322349,1247.0,,,
ARHGEF11,True,False,False,1,9.601767220333462,3138.0,,,
ARHGEF15,True,False,False,1,15.110511324098454,578.0,,,
ARHGEF17,True,False,False,1,10.413439441237434,2399.0,,,
ARHGEF18,True,True,False,2,8.973309497156077,3902.0,405.0,2247.0,
ARHGEF25,True,False,False,1,13.470608532097046,922.0,,,
ARHGEF28,True,True,False,2,11.006863234474933,1984.0,350.0,2955.0,
ARHGEF37,True,False,False,1,8.998196223073982,3859.0,,,
ARHGEF5,True,False,False,1,10.19832579409477,2564.0,,,
ARHGEF6,True,False,False,1,8.366306149570852,4786.0,,,
ARHGEF9,False,True,False,1,,,509.0,1394.0,
ARID5A,True,False,False,1,9.806235952465734,2920.0,,,
ARIH1,False,True,False,1,,,528.0,1262.0,
ARL8A,True,False,False,1,8.543369060389848,4504.0,,,
ARMC1,False,True,False,1,,,272.0,4601.0,
ARMC10,True,False,False,1,9.27256631665736,3495.0,,,
ARMC6,True,True,False,2,8.643972953477997,4344.0,443.0,1873.0,
ARMCX1,True,False,False,1,8.338215817053069,4844.0,,,
ARMCX2,True,False,False,1,10.47405031314649,2357.0,,,
ARMCX6,True,False,False,1,9.30652144141927,3446.0,,,
ARNT2,True,False,False,1,10.929079846651923,2036.0,,,
ARPIN-AP3S2,True,False,False,1,9.68831726323195,3046.0,,,
ARRB1,True,False,False,1,8.878764931528044,4026.0,,,
ARRB2,True,False,False,1,8.484585727843905,4594.0,,,
ARRDC1,False,True,False,1,,,318.0,3499.0,
ARRDC2,True,True,False,2,10.256102856507091,2516.0,308.0,3691.0,
ARSI,True,False,False,1,8.590614741540946,4424.0,,,
ARSJ,True,False,False,1,10.92235825997941,2044.0,,,
ART3,True,True,False,2,10.497644718777508,2343.0,266.0,4778.0,
ART4,True,False,False,1,9.199316925671187,3588.0,,,
ARVCF,True,False,False,1,12.348813628423208,1269.0,,,
AS3MT,True,False,False,1,9.629371312021448,3109.0,,,
ASAP2,True,False,False,1,9.492527924746623,3260.0,,,
ASAP3,True,True,False,2,11.272130881748682,1830.0,361.0,2773.0,
ASB1,True,False,False,1,8.778166126243105,4156.0,,,
ASB10,True,False,False,1,8.781112259727616,4149.0,,,
ASB11,True,False,False,1,15.011424396014249,593.0,,,
ASB15,True,False,False,1,12.16153300114283,1342.0,,,
ASB18,False,True,False,1,,,311.0,3645.0,
ASB2,True,True,False,2,21.324611789936277,140.0,276.0,4519.0,
ASB4,False,True,False,1,,,344.0,3041.0,
ASB6,False,True,False,1,,,272.0,4606.0,
ASB7,False,True,False,1,,,335.0,3183.0,
ASCC2,False,True,False,1,,,274.0,4548.0,
ASF1B,True,False,False,1,8.944402064980956,3939.0,,,
ASIC1,True,False,False,1,8.291519303156026,4915.0,,,
ASIC3,False,True,False,1,,,383.0,2506.0,
ASNSD1,False,True,False,1,,,392.0,2395.0,
ASPG,True,False,False,1,14.412871940958723,707.0,,,
ASPHD1,True,False,False,1,8.482251692878883,4604.0,,,
ASPM,True,False,False,1,11.72444287300264,1548.0,,,
ASPN,True,False,False,1,16.375158106756572,386.0,,,
ASPSCR1,False,True,False,1,,,318.0,3496.0,
ASS1,True,False,False,1,11.418112388848913,1728.0,,,
ASTN1,True,False,False,1,11.616392726008185,1607.0,,,
ASXL1,False,True,False,1,,,339.0,3120.0,
ASXL2,False,True,False,1,,,330.0,3269.0,
ASXL3,True,False,False,1,9.940700124996969,2791.0,,,
ATAD1,True,False,False,1,8.306246982751796,4893.0,,,
ATAD3A,True,True,False,2,11.557897171559786,1642.0,429.0,2014.0,
ATE1,False,True,False,1,,,273.0,4573.0,
ATF3,True,False,False,1,8.490695997675743,4588.0,,,
ATF6B,True,False,False,1,12.088503245425118,1380.0,,,
ATG101,True,False,False,1,10.612345063373738,2247.0,,,
ATG12,False,True,False,1,,,319.0,3480.0,
ATG13,False,True,False,1,,,273.0,4583.0,
ATG16L1,False,True,False,1,,,792.0,509.0,
ATG16L2,True,False,False,1,8.603507381377938,4403.0,,,
ATG2A,True,True,False,2,10.58821150914149,2272.0,518.0,1323.0,
ATG2B,False,True,False,1,,,607.0,923.0,
ATG4B,False,True,False,1,,,459.0,1732.0,
ATG5,False,True,False,1,,,578.0,1033.0,
ATG9A,True,False,False,1,15.462617792620104,524.0,,,
ATL3,False,True,False,1,,,359.0,2813.0,
ATM,False,True,False,1,,,310.0,3658.0,
ATMIN,False,True,False,1,,,286.0,4235.0,
ATN1,True,False,False,1,14.274152326179545,733.0,,,
ATOH8,True,False,False,1,9.609106758710093,3130.0,,,
ATP10A,True,False,False,1,9.556430096125975,3187.0,,,
ATP11A,True,False,False,1,8.805651533798272,4110.0,,,
ATP11B,False,True,False,1,,,467.0,1663.0,
ATP12A,False,True,False,1,,,297.0,3952.0,
ATP13A1,True,True,False,2,11.545148438254916,1647.0,648.0,800.0,
ATP13A2,True,False,False,1,11.825322676917912,1497.0,,,
ATP13A3,True,False,False,1,8.995500572467487,3863.0,,,
ATP1A1,True,False,False,1,11.12443188013264,1920.0,,,
ATP1A2,True,False,False,1,22.915626646036444,108.0,,,
ATP1A3,True,False,False,1,17.183070719957286,317.0,,,
ATP1B2,True,False,False,1,13.996542792474632,803.0,,,
ATP23,False,True,False,1,,,322.0,3433.0,
ATP2A1,False,False,True,1,,,,,both
ATP2A2,True,False,True,2,11.14500182412476,1905.0,,,both
ATP2A3,True,False,True,2,10.943832571202002,2027.0,,,both
ATP2C1,False,True,False,1,,,289.0,4144.0,
ATP5F1B,True,False,False,1,8.505740252449886,4564.0,,,
ATP5F1D,True,False,False,1,8.295190115264043,4908.0,,,
ATP5MF-PTCD1,True,False,False,1,9.330056349054855,3423.0,,,
ATP6V0C,True,False,False,1,8.622031796292553,4379.0,,,
ATP6V0E2,True,False,False,1,8.96245361487604,3916.0,,,
ATP8A1,True,False,False,1,10.790166337675966,2125.0,,,
ATP8B1,True,True,False,2,9.823699487081782,2896.0,377.0,2571.0,
ATP8B2,True,False,False,1,9.38420721084252,3366.0,,,
ATP8B4,True,False,False,1,9.615096981181368,3127.0,,,
ATR,False,True,False,1,,,474.0,1626.0,
ATRN,True,True,False,2,9.427950393663666,3327.0,384.0,2487.0,
ATRNL1,True,False,False,1,11.276221468507009,1828.0,,,
ATXN1L,False,True,False,1,,,573.0,1058.0,
ATXN2L,True,True,False,2,11.740568529933531,1536.0,272.0,4612.0,
ATXN7,False,True,False,1,,,396.0,2347.0,
ATXN7L3,True,True,False,2,10.487570016779566,2349.0,583.0,1010.0,
AUP1,False,True,False,1,,,359.0,2806.0,
AURKB,True,False,False,1,10.57584993777184,2280.0,,,
AUTS2,True,False,False,1,9.622219579900998,3114.0,,,
AVL9,False,True,False,1,,,520.0,1316.0,
AVPR1A,True,False,False,1,9.035559720185136,3804.0,,,
AXIN1,True,True,False,2,8.81441936065521,4100.0,462.0,1701.0,
AZGP1,True,False,False,1,14.647540689819476,662.0,,,
B2M,True,False,False,1,11.940286869571583,1440.0,,,
B3GALT2,True,False,False,1,11.622229413934315,1601.0,,,
B3GALT5,False,True,False,1,,,454.0,1783.0,
B3GAT3,True,True,False,2,8.471430643033223,4631.0,295.0,4016.0,
B4GALNT1,True,False,False,1,9.527163834051455,3222.0,,,
B4GALNT2,False,True,False,1,,,531.0,1247.0,
B4GALNT3,True,True,False,2,21.34090600037772,139.0,506.0,1417.0,
B4GALNT4,True,False,False,1,10.85751418381059,2084.0,,,
B4GALT2,True,True,False,2,10.967599757867257,2015.0,321.0,3448.0,
B4GALT5,True,False,False,1,8.72955125603806,4230.0,,,
BAAT,False,True,False,1,,,472.0,1639.0,
BABAM1,False,True,False,1,,,357.0,2841.0,
BACE2,True,False,False,1,9.275465535698782,3490.0,,,
BAG3,True,False,False,1,8.760369353030546,4186.0,,,
BAG5,False,True,False,1,,,380.0,2539.0,
BAG6,True,False,False,1,14.189546748262208,756.0,,,
BAHCC1,True,False,False,1,9.35339772807114,3397.0,,,
BAHD1,True,True,False,2,8.645220321244393,4342.0,336.0,3163.0,
BAK1,True,False,False,1,10.523685343831277,2314.0,,,
BAMBI,True,False,False,1,9.390776290766594,3356.0,,,
BAP1,True,True,False,2,9.223151021633152,3551.0,288.0,4183.0,
BASP1,True,False,False,1,10.565279111187497,2287.0,,,
BAX,True,False,False,1,9.776223087620982,2952.0,,,
BAZ1B,False,True,False,1,,,304.0,3779.0,
BBC3,True,False,False,1,9.823674713779976,2897.0,,,
BCAM,True,False,False,1,14.534629158762598,689.0,,,
BCAP29,True,False,False,1,11.18067855992758,1880.0,,,
BCAR1,True,False,False,1,12.492093539043855,1212.0,,,
BCAS2,False,True,False,1,,,279.0,4405.0,
BCAT1,True,False,False,1,9.888106942752628,2829.0,,,
BCHE,True,False,False,1,10.842204203338936,2094.0,,,
BCL11B,True,False,False,1,8.476950686571696,4620.0,,,
BCL2,True,False,False,1,8.530739430281333,4528.0,,,
BCL2A1,True,False,False,1,9.89764440656478,2819.0,,,
BCL2L1,True,False,False,1,10.76985236419444,2141.0,,,
BCL2L13,False,True,False,1,,,428.0,2021.0,
BCL2L15,False,True,False,1,,,390.0,2420.0,
BCL2L2-PABPN1,True,False,False,1,9.125585553517444,3685.0,,,
BCL3,True,False,False,1,9.87384178940958,2843.0,,,
BCL6,True,False,False,1,8.559041909498482,4486.0,,,
BCL6B,True,False,False,1,17.564864295287595,291.0,,,
BCL9L,True,False,False,1,11.240447357942422,1846.0,,,
BCLAF1,False,True,False,1,,,292.0,4084.0,
BCO2,True,True,False,2,10.548756429906057,2297.0,406.0,2241.0,
BCR,True,False,False,1,9.313278523692052,3440.0,,,
BDKRB2,True,False,False,1,10.770629081040578,2140.0,,,
BDNF,True,False,False,1,9.081349139626694,3751.0,,,
BET1L,False,True,False,1,,,274.0,4560.0,
BEX1,True,False,False,1,11.40312964251275,1735.0,,,
BGN,True,False,False,1,20.443096785344245,166.0,,,
BHLHE41,True,False,False,1,9.167503216444317,3630.0,,,
BHMT2,True,False,False,1,8.363658481278346,4794.0,,,
BICC1,True,False,False,1,9.11575170410632,3698.0,,,
BIN1,True,False,False,1,9.07155065633484,3763.0,,,
BIN2,True,True,False,2,13.373675815226656,950.0,529.0,1254.0,
BIRC3,True,False,False,1,8.840123638072917,4075.0,,,
BIRC5,True,False,False,1,11.166608721267592,1892.0,,,
BIRC6,False,True,False,1,,,408.0,2216.0,
BIVM,False,True,False,1,,,269.0,4689.0,
BIVM-ERCC5,True,False,False,1,8.683509542820705,4289.0,,,
BLNK,False,True,False,1,,,338.0,3131.0,
BLOC1S5-TXNDC5,True,False,False,1,12.01547110994576,1407.0,,,
BMF,True,False,False,1,10.219533118103405,2546.0,,,
BMP1,True,True,False,2,11.240054462369656,1847.0,276.0,4502.0,
BMP10,True,False,False,1,10.876382179747267,2075.0,,,
BMP2,True,False,False,1,11.396733003503169,1741.0,,,
BMP4,True,False,False,1,10.211986183414004,2552.0,,,
BMP5,True,False,False,1,23.34534409020057,101.0,,,
BMP6,True,False,False,1,11.070654492751812,1947.0,,,
BMP7,True,True,False,2,20.396051008257057,170.0,407.0,2226.0,
BMPER,True,False,False,1,11.662307749761714,1576.0,,,
BMX,True,False,False,1,15.672584407397933,493.0,,,
BNC1,True,False,False,1,12.957383938904965,1068.0,,,
BOC,True,False,False,1,9.616054558155644,3122.0,,,
BOK,True,False,False,1,13.157484498035586,1006.0,,,
BOLA2,True,False,False,1,11.040826132588595,1965.0,,,
BOP1,True,False,False,1,8.912356619397531,3983.0,,,
BORCS7-ASMT,True,False,False,1,8.728078560915066,4232.0,,,
BPIFA2,False,True,False,1,,,467.0,1664.0,
BPIFA3,False,True,False,1,,,988.0,313.0,
BPIFC,False,True,False,1,,,415.0,2157.0,
BPNT2,False,True,False,1,,,276.0,4497.0,
BRAF,False,True,False,1,,,350.0,2953.0,
BRD1,False,True,False,1,,,272.0,4599.0,
BRD2,True,False,False,1,11.753862245745964,1532.0,,,
BRF1,False,True,False,1,,,706.0,656.0,
BRINP3,True,False,False,1,13.51347990824324,910.0,,,
BRPF3,True,True,False,2,9.048371269995856,3785.0,375.0,2593.0,
BRSK1,True,True,False,2,11.094451512871144,1937.0,262.0,4903.0,
BRWD1,False,True,False,1,,,402.0,2284.0,
BSG,True,False,False,1,9.54184930753193,3197.0,,,
BSN,False,True,False,1,,,521.0,1309.0,
BSND,False,True,False,1,,,342.0,3074.0,
BST1,True,False,False,1,8.357353808866023,4802.0,,,
BST2,True,False,False,1,12.366880284290922,1259.0,,,
BTAF1,False,True,False,1,,,285.0,4253.0,
BTBD1,True,False,False,1,8.686489547547115,4278.0,,,
BTBD18,False,True,False,1,,,476.0,1616.0,
BTBD2,True,True,False,2,11.569310622110594,1634.0,490.0,1509.0,
BTF3,False,True,False,1,,,273.0,4579.0,
BTG2,True,False,False,1,9.174923102115228,3616.0,,,
BTN3A3,True,True,False,2,8.57148375984618,4458.0,281.0,4341.0,
BTNL9,True,True,False,2,11.17809695107706,1884.0,443.0,1879.0,
BTRC,False,True,False,1,,,416.0,2146.0,
BUB1,True,False,False,1,10.207478424376523,2559.0,,,
BUB1B,True,False,False,1,10.986115591654269,1998.0,,,
BUD23,False,True,False,1,,,371.0,2639.0,
BVES,True,True,False,2,13.052386919148624,1043.0,268.0,4713.0,
C10ORF71,True,True,False,2,20.83064069308802,153.0,351.0,2940.0,
C11ORF21,True,False,False,1,14.268566600238817,734.0,,,
C11ORF68,True,False,False,1,8.571251741857276,4459.0,,,
C11ORF96,True,False,False,1,10.274135125568533,2500.0,,,
C12ORF40,False,True,False,1,,,1044.0,269.0,
C12ORF50,False,True,False,1,,,671.0,740.0,
C12ORF75,True,False,False,1,8.373275810028346,4773.0,,,
C14ORF180,True,True,False,2,17.25303530555903,312.0,334.0,3202.0,
C15ORF39,True,False,False,1,8.962097963566658,3917.0,,,
C15ORF62,False,True,False,1,,,515.0,1344.0,
C16ORF54,False,True,False,1,,,295.0,4024.0,
C16ORF72,False,True,False,1,,,288.0,4187.0,
C16ORF96,False,True,False,1,,,466.0,1671.0,
C19ORF33,True,False,False,1,8.339699628684333,4841.0,,,
C1ORF105,True,False,False,1,10.875421928002662,2076.0,,,
C1ORF115,True,False,False,1,12.572153005358237,1182.0,,,
C1ORF162,True,False,False,1,8.900534293086011,4002.0,,,
C1ORF198,True,False,False,1,8.550937438842732,4494.0,,,
C1ORF216,True,False,False,1,9.00380078865239,3849.0,,,
C1ORF226,True,False,False,1,9.137122339367446,3665.0,,,
C1ORF43,False,True,False,1,,,288.0,4180.0,
C1QA,True,True,False,2,18.052265007590528,261.0,336.0,3165.0,
C1QB,True,True,False,2,18.249515140545657,250.0,302.0,3841.0,
C1QC,True,False,False,1,17.224011109463795,314.0,,,
C1QTNF1,True,False,False,1,14.243444289727485,746.0,,,
C1QTNF5,True,False,False,1,12.301665176452834,1291.0,,,
C1QTNF7,True,False,False,1,8.361051054764822,4797.0,,,
C1QTNF9,False,True,False,1,,,281.0,4367.0,
C1R,True,False,False,1,14.282483899172652,730.0,,,
C1S,True,False,False,1,15.223146016245252,565.0,,,
C20ORF27,True,False,False,1,8.823008492308318,4090.0,,,
C2ORF49,False,True,False,1,,,688.0,706.0,
C2ORF50,False,True,False,1,,,1702.0,57.0,
C2ORF72,True,False,False,1,8.426511457432985,4686.0,,,
C2ORF78,False,True,False,1,,,405.0,2251.0,
C2ORF88,True,False,False,1,8.537342603859328,4517.0,,,
C2ORF92,False,True,False,1,,,585.0,1003.0,
C3,True,False,False,1,18.719048251081688,234.0,,,
C3AR1,True,False,False,1,10.178335283206907,2582.0,,,
C3ORF18,False,True,False,1,,,278.0,4439.0,
C3ORF85,False,True,False,1,,,312.0,3629.0,
C4A,True,False,False,1,19.010289676691876,224.0,,,
C4B,True,False,False,1,13.173446766795047,1005.0,,,
C4BPA,False,True,False,1,,,265.0,4806.0,
C4ORF48,True,False,False,1,8.653664042120733,4332.0,,,
C4ORF50,False,True,False,1,,,308.0,3703.0,
C5AR1,True,False,False,1,8.583424459008896,4436.0,,,
C5ORF46,True,False,False,1,11.682195808802131,1567.0,,,
C6,True,False,False,1,16.071131526961228,433.0,,,
C6ORF47,True,False,False,1,10.890949728427742,2067.0,,,
C6ORF89,False,True,False,1,,,262.0,4911.0,
C7,True,False,False,1,20.20783421154306,177.0,,,
C8A,False,True,False,1,,,434.0,1961.0,
C8B,False,True,False,1,,,315.0,3550.0,
C9ORF131,False,True,False,1,,,715.0,636.0,
CA12,True,False,False,1,12.873387221382004,1090.0,,,
CA2,True,False,False,1,12.980392890001038,1065.0,,,
CA3,True,False,False,1,9.836560205486984,2881.0,,,
CA4,True,False,False,1,10.395979451717508,2408.0,,,
CA8,True,False,False,1,8.994118700179014,3865.0,,,
CACFD1,True,False,False,1,8.450960957557768,4657.0,,,
CACHD1,True,False,False,1,9.3230457287653,3432.0,,,
CACNA1B,True,True,False,2,8.773765586456884,4165.0,433.0,1967.0,
CACNA1C,True,False,True,2,17.73408865517952,281.0,,,both
CACNA1D,True,False,True,2,9.091435928919251,3736.0,,,both
CACNA1F,False,False,True,1,,,,,both
CACNA1G,True,True,False,2,12.454411923518984,1219.0,392.0,2394.0,
CACNA1H,True,False,False,1,14.449736671581247,703.0,,,
CACNA1S,False,False,True,1,,,,,both
CACNA2D1,True,False,True,2,11.454786805371969,1697.0,,,both
CACNA2D2,True,True,True,3,9.54571287456328,3192.0,315.0,3548.0,both
CACNA2D3,True,False,True,2,9.92110270806078,2809.0,,,both
CACNA2D4,False,False,True,1,,,,,both
CACNB1,False,False,True,1,,,,,both
CACNB2,True,True,True,3,10.73097799995965,2165.0,590.0,985.0,both
CACNB3,False,False,True,1,,,,,both
CACNB4,False,False,True,1,,,,,both
CACNG1,False,False,True,1,,,,,both
CACNG2,False,False,True,1,,,,,both
CACNG3,False,True,True,2,,,516.0,1332.0,both
CACNG4,False,True,True,2,,,330.0,3265.0,both
CACNG5,False,True,True,2,,,534.0,1235.0,both
CACNG6,True,False,True,2,9.2060888405931,3580.0,,,both
CACNG7,True,False,True,2,12.715167909797598,1137.0,,,both
CACNG8,False,False,True,1,,,,,both
CACTIN,True,True,False,2,8.51255219692176,4557.0,579.0,1028.0,
CAD,True,True,False,2,8.454682469561195,4652.0,287.0,4207.0,
CADM1,True,False,False,1,10.334940155641284,2455.0,,,
CADM3,True,False,False,1,12.227135658549118,1319.0,,,
CADM4,True,True,False,2,10.902383588154596,2059.0,389.0,2427.0,
CADPS,True,False,False,1,14.094392859828783,774.0,,,
CADPS2,True,False,False,1,9.544919626962162,3193.0,,,
CALCRL,True,False,False,1,11.442040895569226,1711.0,,,
CALD1,True,False,False,1,8.560738397364478,4482.0,,,
CALHM2,True,False,False,1,8.646383101701675,4338.0,,,
CALHM5,True,False,False,1,9.41444331205878,3339.0,,,
CALR,True,False,False,1,9.454687102745908,3297.0,,,
CAMK2A,True,True,False,2,12.409871646446486,1239.0,327.0,3333.0,
CAMK2B,True,False,False,1,13.316320536398072,964.0,,,
CAMK2N1,True,False,False,1,8.95184800879718,3928.0,,,
CAMKK1,True,False,False,1,8.378794570129964,4760.0,,,
CAMKV,False,True,False,1,,,386.0,2467.0,
CAMSAP1,False,True,False,1,,,411.0,2189.0,
CAMSAP3,True,True,False,2,9.615537879142169,3126.0,348.0,2979.0,
CAMTA2,True,False,False,1,10.016802490237852,2717.0,,,
CAND1,False,True,False,1,,,423.0,2074.0,
CAND2,True,True,False,2,12.330340046972388,1275.0,341.0,3087.0,
CANT1,True,True,False,2,9.526868997403268,3223.0,389.0,2432.0,
CANX,True,False,False,1,11.075174933128336,1943.0,,,
CAP2,True,False,False,1,11.45944513135229,1694.0,,,
CAPG,True,False,False,1,9.960933733317717,2775.0,,,
CAPN1,True,False,False,1,11.35943132144811,1764.0,,,
CAPN10,True,True,False,2,8.49811656815693,4581.0,384.0,2492.0,
CAPN13,False,True,False,1,,,406.0,2240.0,
CAPN15,True,True,False,2,11.05370361323633,1956.0,430.0,1995.0,
CAPN5,True,False,False,1,8.860509469912941,4052.0,,,
CAPN7,False,True,False,1,,,484.0,1548.0,
CAPRIN1,False,True,False,1,,,556.0,1143.0,
CAPS2,False,True,False,1,,,380.0,2541.0,
CARD10,True,False,False,1,11.400254996523651,1738.0,,,
CARD11,True,False,False,1,11.722255633149988,1549.0,,,
CARD16,True,False,False,1,8.960409785256273,3919.0,,,
CARD6,True,True,False,2,9.506669034274932,3244.0,307.0,3717.0,
CARM1,True,False,False,1,9.222075182493086,3553.0,,,
CARMIL3,False,True,False,1,,,328.0,3314.0,
CARNS1,True,False,False,1,9.760065558598216,2970.0,,,
CARS1,True,False,False,1,8.935627196729184,3950.0,,,
CASKIN1,True,False,False,1,8.993783538144024,3868.0,,,
CASKIN2,True,False,False,1,10.350172934973754,2440.0,,,
CASP1,True,False,False,1,9.523659296308496,3228.0,,,
CASP10,False,True,False,1,,,334.0,3195.0,
CASP4,True,False,False,1,9.816506184575651,2899.0,,,
CASP8,False,True,False,1,,,307.0,3712.0,
CASQ1,True,True,False,2,17.09184738386855,323.0,415.0,2151.0,
CASQ2,True,False,False,1,35.31175155995938,21.0,,,
CASR,False,True,False,1,,,341.0,3081.0,
CASZ1,True,False,False,1,14.15903340396855,761.0,,,
CATSPER2,False,True,False,1,,,541.0,1207.0,
CATSPERG,False,True,False,1,,,303.0,3803.0,
CAV1,True,False,False,1,15.26432513614376,554.0,,,
CAV3,True,False,True,2,11.191954620375084,1876.0,,,both
CAVIN1,True,False,False,1,13.903841586014693,829.0,,,
CAVIN2,True,False,False,1,11.841143777813606,1492.0,,,
CAVIN3,True,False,False,1,9.658353258657526,3075.0,,,
CAVIN4,True,False,False,1,11.993910751082405,1415.0,,,
CBARP,True,False,False,1,8.657432542632561,4324.0,,,
CBFA2T2,False,True,False,1,,,463.0,1691.0,
CBFA2T3,True,False,False,1,10.467315101340612,2362.0,,,
CBR3,True,False,False,1,10.358258576012986,2428.0,,,
CBS,True,False,False,1,10.345681796834413,2444.0,,,
CBX2,True,False,False,1,9.522199406831051,3230.0,,,
CBX7,True,False,False,1,9.841197498913427,2877.0,,,
CC2D1B,False,True,False,1,,,458.0,1738.0,
CC2D2B,False,True,False,1,,,285.0,4262.0,
CCAR2,True,True,False,2,8.644373857715221,4343.0,812.0,488.0,
CCDC106,True,False,False,1,9.238948855028989,3534.0,,,
CCDC141,True,False,False,1,14.027080380556503,790.0,,,
CCDC22,False,True,False,1,,,314.0,3574.0,
CCDC3,True,False,False,1,12.772167149588237,1113.0,,,
CCDC30,False,True,False,1,,,719.0,629.0,
CCDC33,False,True,False,1,,,366.0,2718.0,
CCDC40,False,True,False,1,,,334.0,3199.0,
CCDC57,False,True,False,1,,,489.0,1515.0,
CCDC69,True,False,False,1,10.532514395374792,2308.0,,,
CCDC71,True,True,False,2,10.634225744442274,2235.0,270.0,4672.0,
CCDC78,False,True,False,1,,,271.0,4646.0,
CCDC8,True,True,False,2,11.263870817161845,1838.0,284.0,4286.0,
CCDC80,True,False,False,1,12.573686199839456,1181.0,,,
CCDC85A,True,False,False,1,10.214085090301204,2550.0,,,
CCDC85B,True,False,False,1,11.360499129543902,1763.0,,,
CCDC85C,True,True,False,2,9.904705838667171,2815.0,324.0,3399.0,
CCDC86,True,False,False,1,8.335095842937895,4849.0,,,
CCDC88B,False,True,False,1,,,353.0,2915.0,
CCDC88C,True,False,False,1,11.167252500087525,1891.0,,,
CCDC9,True,False,False,1,8.685051537817985,4281.0,,,
CCDC92,True,False,False,1,8.624645126035842,4374.0,,,
CCDC9B,True,False,False,1,12.53111315971813,1200.0,,,
CCHCR1,True,False,False,1,8.628910319804431,4367.0,,,
CCKBR,False,True,False,1,,,361.0,2776.0,
CCL11,True,False,False,1,8.380093899490364,4757.0,,,
CCL14,True,False,False,1,13.951929666249104,813.0,,,
CCL2,True,False,False,1,15.95137314405676,448.0,,,
CCL21,True,False,False,1,11.73623448007025,1540.0,,,
CCL5,True,False,False,1,10.51361550122479,2327.0,,,
CCM2,False,True,False,1,,,291.0,4110.0,
CCM2L,True,False,False,1,11.251532460427336,1841.0,,,
CCN1,True,False,False,1,14.7663568397896,640.0,,,
CCN2,True,False,False,1,18.35300206647388,243.0,,,
CCN3,True,False,False,1,10.56464518548422,2288.0,,,
CCN4,True,False,False,1,11.390280751385555,1745.0,,,
CCN5,True,False,False,1,9.421326796731556,3334.0,,,
CCNA1,True,False,False,1,9.529511445834771,3217.0,,,
CCNB1,True,False,False,1,8.699774239925942,4262.0,,,
CCNB2,True,False,False,1,8.825791151006046,4085.0,,,
CCND1,True,False,False,1,11.072594558887342,1945.0,,,
CCND2,True,False,False,1,9.242076337294735,3530.0,,,
CCND3,True,False,False,1,8.711705899852035,4245.0,,,
CCNF,False,True,False,1,,,316.0,3533.0,
CCNT2,False,True,False,1,,,298.0,3931.0,
CCR1,True,True,False,2,11.408965933742577,1733.0,504.0,1428.0,
CCR2,True,True,False,2,8.722792251258337,4235.0,632.0,843.0,
CCR5,False,True,False,1,,,575.0,1049.0,
CCSER1,False,True,False,1,,,289.0,4156.0,
CCT4,False,True,False,1,,,327.0,3336.0,
CCT6A,False,True,False,1,,,415.0,2152.0,
CCT8,False,True,False,1,,,392.0,2396.0,
CD109,True,False,False,1,9.465485531414156,3287.0,,,
CD14,True,False,False,1,14.616480258950244,669.0,,,
CD151,True,False,False,1,11.510205576073428,1664.0,,,
CD163,True,True,False,2,18.66917062249208,235.0,380.0,2540.0,
CD180,False,True,False,1,,,263.0,4875.0,
CD1C,False,True,False,1,,,302.0,3839.0,
CD2,True,True,False,2,8.36452689253831,4792.0,563.0,1108.0,
CD209,True,False,False,1,8.38069265570288,4755.0,,,
CD24,True,False,False,1,12.589879872458097,1172.0,,,
CD247,False,True,False,1,,,355.0,2878.0,
CD248,True,False,False,1,16.62476037329425,365.0,,,
CD274,True,False,False,1,9.896748114506185,2820.0,,,
CD276,True,True,False,2,13.664120422090084,877.0,264.0,4838.0,
CD2BP2,False,True,False,1,,,299.0,3914.0,
CD300A,True,True,False,2,10.9329022940076,2033.0,517.0,1328.0,
CD300E,True,False,False,1,9.14059934821534,3662.0,,,
CD300LB,False,True,False,1,,,645.0,811.0,
CD300LF,False,True,False,1,,,743.0,581.0,
CD300LG,True,True,False,2,8.973824753653854,3901.0,374.0,2607.0,
CD33,False,True,False,1,,,374.0,2604.0,
CD34,True,False,False,1,14.803403539408045,634.0,,,
CD36,True,False,False,1,17.6673494431933,284.0,,,
CD3E,True,True,False,2,8.769234506726484,4174.0,487.0,1530.0,
CD4,True,False,False,1,11.215347728803094,1864.0,,,
CD40LG,False,True,False,1,,,320.0,3459.0,
CD44,True,False,False,1,13.465146218436828,925.0,,,
CD48,True,True,False,2,11.175880498433262,1887.0,564.0,1103.0,
CD5,False,True,False,1,,,304.0,3783.0,
CD52,True,True,False,2,11.423755860885253,1724.0,323.0,3410.0,
CD53,True,True,False,2,15.495296560634324,520.0,627.0,858.0,
CD6,False,True,False,1,,,288.0,4172.0,
CD68,True,False,False,1,14.484187301870152,698.0,,,
CD74,True,True,False,2,17.879295314163397,273.0,323.0,3405.0,
CD81,True,False,False,1,8.67674721026965,4300.0,,,
CD84,True,True,False,2,10.071157180842842,2667.0,395.0,2356.0,
CD86,True,True,False,2,10.228408081459785,2538.0,592.0,977.0,
CD9,True,False,False,1,9.76613139859054,2962.0,,,
CD93,True,False,False,1,23.611207326210124,92.0,,,
CD99L2,True,False,False,1,11.308633930190512,1802.0,,,
CDA,True,False,False,1,8.642840946580165,4347.0,,,
CDAN1,False,True,False,1,,,713.0,640.0,
CDC20,True,False,False,1,13.33090557881342,958.0,,,
CDC25A,True,False,False,1,8.63568664428737,4357.0,,,
CDC25B,True,False,False,1,9.376043156476245,3376.0,,,
CDC25C,True,False,False,1,8.421292531413396,4696.0,,,
CDC34,True,False,False,1,9.381840767627928,3369.0,,,
CDC37,True,True,False,2,8.39312702657469,4737.0,267.0,4731.0,
CDC40,False,True,False,1,,,273.0,4582.0,
CDC42BPB,True,False,False,1,9.126065852304428,3683.0,,,
CDC42EP1,True,False,False,1,12.54309773551796,1192.0,,,
CDC42EP2,True,False,False,1,9.417808815330329,3337.0,,,
CDC42EP4,True,False,False,1,9.980540547285807,2755.0,,,
CDC42EP5,True,False,False,1,11.821392217572562,1500.0,,,
CDC45,True,False,False,1,9.485741147617018,3268.0,,,
CDCA2,True,False,False,1,9.24593269531263,3523.0,,,
CDCA5,True,False,False,1,9.87599276152279,2840.0,,,
CDCA8,True,False,False,1,9.441652503632596,3310.0,,,
CDCP1,True,False,False,1,10.737643335456156,2162.0,,,
CDH1,True,False,False,1,9.780296314462944,2946.0,,,
CDH11,True,False,False,1,14.05859400515716,785.0,,,
CDH13,True,False,False,1,10.520316141655384,2318.0,,,
CDH19,True,False,False,1,13.771434774333756,857.0,,,
CDH2,True,False,False,1,13.056369520937295,1039.0,,,
CDH23,True,True,False,2,10.602267103260688,2257.0,379.0,2548.0,
CDH24,True,False,False,1,10.280095322264756,2494.0,,,
CDH3,True,True,False,2,14.527484100012895,690.0,342.0,3067.0,
CDH4,True,False,False,1,8.731961592889911,4225.0,,,
CDH5,True,False,False,1,23.8669549453387,85.0,,,
CDH6,True,False,False,1,9.365020196005108,3383.0,,,
CDH8,True,False,False,1,10.081089689564877,2656.0,,,
CDIP1,True,False,False,1,9.512098059530524,3239.0,,,
CDK1,True,False,False,1,10.361960304375003,2427.0,,,
CDK12,False,True,False,1,,,295.0,4022.0,
CDK13,False,True,False,1,,,588.0,989.0,
CDK16,True,False,False,1,9.103173206141395,3714.0,,,
CDK18,True,True,False,2,15.264176147066982,555.0,322.0,3429.0,
CDK20,False,True,False,1,,,291.0,4112.0,
CDK9,False,True,False,1,,,449.0,1818.0,
CDKN1A,True,False,False,1,13.38128904621706,947.0,,,
CDKN1C,True,False,False,1,10.224241609283975,2542.0,,,
CDKN2A,True,False,False,1,11.581385850339627,1629.0,,,
CDKN2B,True,False,False,1,8.973889097217794,3900.0,,,
CDO1,True,False,False,1,8.349245106533731,4827.0,,,
CDR2L,True,False,False,1,9.389521513534792,3357.0,,,
CDS1,True,False,False,1,8.951928654224877,3927.0,,,
CDYL2,True,False,False,1,8.759230339972138,4188.0,,,
CEACAM3,False,True,False,1,,,470.0,1649.0,
CEACAM4,False,True,False,1,,,333.0,3225.0,
CEBPA,True,False,False,1,11.6453408145718,1582.0,,,
CEBPD,True,False,False,1,8.732059883341215,4223.0,,,
CECR2,True,False,False,1,9.330289676346256,3422.0,,,
CELF3,False,True,False,1,,,376.0,2583.0,
CELSR1,True,False,False,1,12.575889287201871,1179.0,,,
CELSR2,True,False,False,1,10.256267212265431,2515.0,,,
CELSR3,True,True,False,2,8.717727650126088,4240.0,362.0,2757.0,
CEMIP,True,False,False,1,16.690327668659293,360.0,,,
CEMIP2,True,False,False,1,9.325298819907104,3429.0,,,
CENPB,True,False,False,1,11.12080280140136,1923.0,,,
CENPE,True,False,False,1,8.868436702599912,4040.0,,,
CENPF,True,False,False,1,10.665857650680383,2211.0,,,
CENPT,True,False,False,1,8.95154397551427,3929.0,,,
CEP131,True,False,False,1,8.614744696229698,4391.0,,,
CEP170,True,False,False,1,9.674651602421262,3062.0,,,
CEP170B,True,False,False,1,14.049485806476868,787.0,,,
CEP55,True,False,False,1,11.605777260184368,1611.0,,,
CEP57L1,False,True,False,1,,,269.0,4696.0,
CEP95,False,True,False,1,,,283.0,4315.0,
CERCAM,True,False,False,1,12.014102462574112,1409.0,,,
CERS2,True,False,False,1,8.484137250796639,4596.0,,,
CERS4,True,True,False,2,9.756490183867289,2974.0,274.0,4547.0,
CERS6,True,False,False,1,9.475034326538822,3278.0,,,
CES1,True,False,False,1,14.776191221714598,638.0,,,
CES3,False,True,False,1,,,274.0,4558.0,
CFAP221,False,True,False,1,,,321.0,3452.0,
CFAP61,True,True,False,2,8.82372121929032,4089.0,348.0,2980.0,
CFAP65,False,True,False,1,,,375.0,2597.0,
CFAP69,False,True,False,1,,,324.0,3390.0,
CFAP70,False,True,False,1,,,279.0,4415.0,
CFAP92,False,True,False,1,,,423.0,2075.0,
CFB,True,False,False,1,11.48482455046114,1680.0,,,
CFC1,True,False,False,1,10.607855286904549,2255.0,,,
CFD,True,False,False,1,11.020962270125043,1974.0,,,
CFH,True,False,False,1,15.3321490929724,541.0,,,
CFHR2,False,True,False,1,,,302.0,3834.0,
CFHR4,False,True,False,1,,,376.0,2582.0,
CFHR5,False,True,False,1,,,372.0,2631.0,
CFI,True,False,False,1,10.563168353850685,2290.0,,,
CFP,False,True,False,1,,,393.0,2382.0,
CGGBP1,False,True,False,1,,,267.0,4739.0,
CGN,True,False,False,1,9.177914662794905,3611.0,,,
CGNL1,True,False,False,1,13.346949738278887,955.0,,,
CHAC1,True,False,False,1,9.219217382121515,3559.0,,,
CHCHD10,True,False,False,1,10.894080224301744,2064.0,,,
CHCHD2,True,False,False,1,15.261684917142924,560.0,,,
CHD3,True,False,False,1,8.7959637596203,4125.0,,,
CHDH,True,True,False,2,9.10821742536881,3707.0,357.0,2838.0,
CHERP,True,False,False,1,10.57482701604911,2281.0,,,
CHI3L1,True,False,False,1,11.163106000078082,1896.0,,,
CHI3L2,True,False,False,1,8.790431343689477,4135.0,,,
CHKB,True,False,False,1,9.112499421297448,3703.0,,,
CHL1,True,False,False,1,11.73519174773982,1542.0,,,
CHM,False,True,False,1,,,432.0,1982.0,
CHMP1A,False,True,False,1,,,357.0,2843.0,
CHMP7,False,True,False,1,,,535.0,1233.0,
CHN2,True,False,False,1,8.514054838115129,4554.0,,,
CHP2,False,True,False,1,,,397.0,2336.0,
CHPF,True,False,False,1,16.307175088024405,401.0,,,
CHPF2,True,True,False,2,11.391969661374649,1744.0,343.0,3055.0,
CHRD,True,False,False,1,9.025969195236994,3817.0,,,
CHRDL1,True,False,False,1,11.300380396042687,1805.0,,,
CHRM2,True,False,False,1,21.23305571903289,143.0,,,
CHST10,True,False,False,1,8.540561584678343,4512.0,,,
CHST15,True,False,False,1,10.52374440764059,2313.0,,,
CHST2,True,False,False,1,8.593181551940628,4422.0,,,
CHST3,True,False,False,1,10.128463799583171,2623.0,,,
CHSY3,True,False,False,1,8.414393626284188,4708.0,,,
CHTF18,True,False,False,1,9.018337752394125,3833.0,,,
CHTF8,True,False,False,1,11.432986408244894,1718.0,,,
CHUK,False,True,False,1,,,270.0,4675.0,
CIAO1,False,True,False,1,,,459.0,1729.0,
CIAO2B,False,True,False,1,,,281.0,4353.0,
CIAO3,False,True,False,1,,,280.0,4377.0,
CIB2,True,False,False,1,10.124003410701915,2628.0,,,
CIC,True,True,False,2,12.357398851007966,1264.0,438.0,1923.0,
CILP,True,False,False,1,13.068141283086089,1035.0,,,
CISH,True,False,False,1,9.052958048858049,3780.0,,,
CITED4,True,False,False,1,8.70707032948257,4253.0,,,
CIZ1,True,True,False,2,9.560732052279176,3181.0,378.0,2561.0,
CKAP2L,True,False,False,1,8.989762656832514,3877.0,,,
CKAP4,True,False,False,1,9.128146501905562,3681.0,,,
CKB,True,False,False,1,12.851949642030188,1095.0,,,
CKM,True,True,False,2,36.28504221910977,18.0,272.0,4602.0,
CKMT2,True,True,False,2,21.5742783655231,131.0,489.0,1514.0,
CLASP1,False,True,False,1,,,532.0,1243.0,
CLASP2,False,True,False,1,,,339.0,3119.0,
CLASRP,True,True,False,2,9.751506116352932,2976.0,524.0,1289.0,
CLCC1,False,True,False,1,,,296.0,3988.0,
CLCN2,False,True,False,1,,,301.0,3854.0,
CLCN6,True,False,False,1,8.678436695314925,4296.0,,,
CLCN7,True,False,False,1,9.90257036943769,2816.0,,,
CLCNKA,False,True,False,1,,,292.0,4094.0,
CLCNKB,False,True,False,1,,,356.0,2863.0,
CLDN1,True,False,False,1,10.283119444074163,2490.0,,,
CLDN11,True,False,False,1,11.836223550624371,1494.0,,,
CLDN20,False,True,False,1,,,427.0,2038.0,
CLDN5,True,False,False,1,17.951028356507933,271.0,,,
CLDN6,True,True,False,2,15.451583136378646,527.0,297.0,3967.0,
CLEC10A,True,False,False,1,9.085538449488084,3745.0,,,
CLEC11A,True,False,False,1,9.991288043638376,2744.0,,,
CLEC12A,True,True,False,2,8.986407630052575,3880.0,442.0,1891.0,
CLEC14A,True,False,False,1,20.720081735232643,154.0,,,
CLEC16A,False,True,False,1,,,413.0,2169.0,
CLEC2B,True,False,False,1,9.590302103944452,3154.0,,,
CLEC3B,True,False,False,1,14.684269120167684,654.0,,,
CLEC5A,False,True,False,1,,,331.0,3261.0,
CLEC7A,True,True,False,2,8.830229924516047,4082.0,532.0,1244.0,
CLGN,True,False,False,1,15.31456239817883,542.0,,,
CLIC1,True,False,False,1,12.893514189933876,1086.0,,,
CLIC4,True,False,False,1,9.103092101045156,3715.0,,,
CLIC5,True,True,False,2,25.54116868004811,68.0,421.0,2096.0,
CLIC6,True,False,False,1,9.175884980059468,3615.0,,,
CLIP2,True,False,False,1,10.391711962474725,2410.0,,,
CLIP3,True,False,False,1,10.57695929717814,2279.0,,,
CLMP,True,False,False,1,10.68664524499948,2189.0,,,
CLN5,False,True,False,1,,,287.0,4208.0,
CLN8,True,False,False,1,9.76114069041239,2968.0,,,
CLPTM1,True,True,False,2,12.734900448765076,1127.0,289.0,4146.0,
CLPTM1L,True,False,False,1,9.098500262685487,3726.0,,,
CLPX,False,True,False,1,,,436.0,1945.0,
CLSTN1,True,False,False,1,8.392443116412652,4740.0,,,
CLSTN2,True,False,False,1,12.13372776821625,1354.0,,,
CLSTN3,True,False,False,1,10.48617492269164,2351.0,,,
CLTA,False,True,False,1,,,263.0,4873.0,
CLTB,True,False,False,1,8.58078226221288,4442.0,,,
CLTC,False,True,False,1,,,306.0,3743.0,
CLU,True,False,False,1,10.00160740025278,2737.0,,,
CLUH,True,False,False,1,13.518840473818212,907.0,,,
CMIP,True,False,False,1,8.445801901688721,4664.0,,,
CMKLR1,True,False,False,1,12.185362928081476,1332.0,,,
CMKLR2,True,False,False,1,9.666159609081523,3072.0,,,
CMPK2,True,False,False,1,9.409552113774104,3342.0,,,
CMTM5,True,False,False,1,14.379884473223523,714.0,,,
CMTR1,True,True,False,2,9.574739014970842,3168.0,682.0,722.0,
CMYA5,True,True,False,2,28.30696771999807,46.0,438.0,1927.0,
CNKSR1,True,False,False,1,8.35149276496803,4819.0,,,
CNN1,True,False,False,1,17.72429801169967,282.0,,,
CNN3,True,False,False,1,8.949481982594678,3932.0,,,
CNOT1,False,True,False,1,,,306.0,3741.0,
CNOT10,False,True,False,1,,,269.0,4695.0,
CNOT11,True,False,False,1,8.459470881390427,4647.0,,,
CNOT3,True,False,False,1,9.929593018545432,2800.0,,,
CNOT6,False,True,False,1,,,303.0,3804.0,
CNOT8,False,True,False,1,,,347.0,2994.0,
CNR1,True,False,False,1,8.80804540516372,4108.0,,,
CNRIP1,True,False,False,1,9.049432741451922,3782.0,,,
CNTFR,True,False,False,1,13.39704002292492,942.0,,,
CNTN1,True,False,False,1,13.175621918876375,1004.0,,,
CNTN2,False,True,False,1,,,405.0,2250.0,
CNTN3,True,False,False,1,9.528008757269845,3219.0,,,
CNTN4,True,False,False,1,11.806537905720996,1505.0,,,
CNTN5,True,False,False,1,9.509867748047512,3240.0,,,
CNTNAP1,True,False,False,1,11.620047810867488,1604.0,,,
CNTNAP2,True,True,False,2,9.691519331726443,3042.0,315.0,3564.0,
CNTNAP3B,True,False,False,1,9.285606131824672,3478.0,,,
CNTNAP3C,True,False,False,1,9.128163764200243,3680.0,,,
CNTROB,False,True,False,1,,,422.0,2084.0,
COASY,False,True,False,1,,,296.0,3981.0,
COBL,True,True,False,2,19.357334750643812,210.0,486.0,1539.0,
COG3,False,True,False,1,,,423.0,2077.0,
COG4,False,True,False,1,,,341.0,3083.0,
COL11A1,True,False,False,1,16.153890444723014,423.0,,,
COL11A2,True,False,False,1,12.317766434280092,1282.0,,,
COL12A1,True,False,False,1,17.74247294945207,280.0,,,
COL13A1,True,False,False,1,10.90165388728108,2060.0,,,
COL14A1,True,False,False,1,16.823932660994824,347.0,,,
COL15A1,True,False,False,1,16.83317745780849,346.0,,,
COL16A1,True,False,False,1,16.01973429893692,440.0,,,
COL18A1,True,False,False,1,18.145466042347955,256.0,,,
COL19A1,True,False,False,1,8.634955665599364,4358.0,,,
COL1A1,True,False,False,1,27.364597192788747,53.0,,,
COL1A2,True,False,False,1,22.63787192994314,113.0,,,
COL21A1,True,False,False,1,16.5427067214373,374.0,,,
COL22A1,True,False,False,1,11.703315126592864,1560.0,,,
COL23A1,True,True,False,2,12.954607265741483,1070.0,297.0,3950.0,
COL26A1,True,True,False,2,9.675526109842522,3058.0,305.0,3762.0,
COL27A1,True,False,False,1,8.483290338702114,4600.0,,,
COL28A1,False,True,False,1,,,361.0,2780.0,
COL2A1,True,True,False,2,20.56903451433723,162.0,281.0,4347.0,
COL3A1,True,False,False,1,28.702959209947267,40.0,,,
COL4A1,True,False,False,1,15.24308766004312,562.0,,,
COL4A2,True,False,False,1,14.458972792976311,700.0,,,
COL4A4,True,False,False,1,11.317301891985412,1797.0,,,
COL4A5,True,False,False,1,11.493419543678444,1674.0,,,
COL4A6,True,False,False,1,14.559522917845824,682.0,,,
COL5A1,True,False,False,1,16.48741301126533,379.0,,,
COL5A2,True,False,False,1,15.297720478350282,546.0,,,
COL5A3,True,False,False,1,15.877726825054651,461.0,,,
COL6A1,True,False,False,1,16.19120466505951,418.0,,,
COL6A2,True,False,False,1,21.511917653351464,134.0,,,
COL6A3,True,False,False,1,20.971592659509135,147.0,,,
COL6A6,True,False,False,1,10.850852753647848,2089.0,,,
COL7A1,True,False,False,1,15.402812145421064,538.0,,,
COL8A1,True,False,False,1,13.204979790715964,998.0,,,
COL8A2,True,False,False,1,8.8204006328782,4093.0,,,
COL9A1,True,True,False,2,9.919801416679595,2811.0,328.0,3308.0,
COL9A2,True,False,False,1,8.684468334980942,4284.0,,,
COL9A3,True,False,False,1,9.83883553469757,2879.0,,,
COLEC12,True,False,False,1,8.669688496124168,4313.0,,,
COLGALT1,True,True,False,2,8.991321669955166,3874.0,317.0,3515.0,
COLGALT2,True,False,False,1,10.475457169467663,2356.0,,,
COLQ,True,True,False,2,9.260485104147818,3504.0,542.0,1204.0,
COMMD3-BMI1,True,False,False,1,8.340584716627086,4838.0,,,
COMP,True,False,False,1,11.048768503215417,1961.0,,,
COPA,False,True,False,1,,,266.0,4775.0,
COPB1,False,True,False,1,,,393.0,2383.0,
COPB2,False,True,False,1,,,457.0,1754.0,
COPG1,True,False,False,1,9.128005263316076,3682.0,,,
COPS2,False,True,False,1,,,358.0,2827.0,
COPS5,False,True,False,1,,,355.0,2876.0,
COPS7A,False,True,False,1,,,262.0,4898.0,
COPZ1,False,True,False,1,,,288.0,4176.0,
COPZ2,True,False,False,1,9.224610933102014,3549.0,,,
COQ8A,True,False,False,1,10.3031137053966,2475.0,,,
COQ8B,False,True,False,1,,,376.0,2580.0,
COQ9,False,True,False,1,,,274.0,4546.0,
CORIN,True,True,False,2,15.293552960836683,548.0,359.0,2811.0,
CORO1A,True,True,False,2,11.605662959428953,1612.0,264.0,4837.0,
CORO1B,True,False,False,1,9.42697517712852,3329.0,,,
CORO2B,True,False,False,1,9.757031177930806,2973.0,,,
CORO6,True,False,False,1,15.030485240149146,590.0,,,
COTL1,True,False,False,1,11.359191145301216,1765.0,,,
COX11,False,True,False,1,,,272.0,4611.0,
COX6A2,True,False,False,1,20.869532964680666,150.0,,,
COX7A1,True,False,False,1,14.491356252955844,695.0,,,
COX7A2L,False,True,False,1,,,306.0,3740.0,
CP,True,False,False,1,11.18785200035718,1877.0,,,
CPA3,True,False,False,1,8.703717431763593,4259.0,,,
CPA4,True,False,False,1,11.42301386557683,1725.0,,,
CPB2,False,True,False,1,,,474.0,1622.0,
CPE,True,False,False,1,13.58931324028107,895.0,,,
CPED1,True,False,False,1,10.437858938871868,2379.0,,,
CPLANE1,False,True,False,1,,,293.0,4071.0,
CPLX2,False,True,False,1,,,523.0,1293.0,
CPNE4,True,False,False,1,9.445591029834215,3304.0,,,
CPNE5,True,False,False,1,15.897999612979335,459.0,,,
CPNE6,False,True,False,1,,,450.0,1814.0,
CPNE7,True,False,False,1,11.675479849149012,1572.0,,,
CPSF1,True,True,False,2,10.209408321436262,2555.0,782.0,521.0,
CPSF2,False,True,False,1,,,496.0,1472.0,
CPSF3,False,True,False,1,,,279.0,4406.0,
CPSF7,False,True,False,1,,,329.0,3293.0,
CPT1B,True,False,False,1,14.493462436740051,693.0,,,
CPTP,True,False,False,1,9.97375344690628,2764.0,,,
CPVL,True,False,False,1,18.81420355845624,229.0,,,
CPXM1,True,False,False,1,13.216053563012013,996.0,,,
CPXM2,True,False,False,1,13.754199952442644,859.0,,,
CPZ,True,False,False,1,10.66460053771718,2213.0,,,
CR1,True,True,False,2,10.429379069156465,2388.0,665.0,761.0,
CRABP2,True,False,False,1,16.16717043675727,422.0,,,
CRACDL,True,False,False,1,9.595415281886568,3148.0,,,
CRAMP1,False,True,False,1,,,522.0,1300.0,
CRB2,True,True,False,2,13.063157565191966,1038.0,543.0,1199.0,
CREB1,False,True,False,1,,,262.0,4899.0,
CREB3L1,True,False,False,1,11.380954801203416,1751.0,,,
CRHBP,True,False,False,1,8.754308341317783,4196.0,,,
CRHR1,False,True,False,1,,,272.0,4603.0,
CRIM1,True,False,False,1,10.5920990050279,2268.0,,,
CRIP1,True,False,False,1,9.48332987367496,3269.0,,,
CRIP2,True,False,False,1,11.50716977820589,1666.0,,,
CRISPLD1,True,False,False,1,10.53374745123065,2307.0,,,
CRISPLD2,True,False,False,1,9.248644057770989,3517.0,,,
CRLF1,True,False,False,1,10.236623222179656,2528.0,,,
CRMP1,True,False,False,1,10.500253743258584,2341.0,,,
CRNKL1,False,True,False,1,,,413.0,2170.0,
CROCC,True,False,False,1,8.309304825887681,4886.0,,,
CRTAC1,True,False,False,1,10.839307864193074,2098.0,,,
CRTC1,False,True,False,1,,,299.0,3900.0,
CRTC2,True,False,False,1,9.83836172502484,2880.0,,,
CRY2,True,True,False,2,9.439336554572408,3313.0,473.0,1630.0,
CRYAB,True,False,False,1,25.5539843384576,67.0,,,
CRYBG1,True,False,False,1,9.38430926848944,3365.0,,,
CRYM,True,False,False,1,13.610518201520872,888.0,,,
CSDC2,True,False,False,1,16.210287943302216,410.0,,,
CSF1,True,False,False,1,11.143949742425978,1906.0,,,
CSF1R,True,True,False,2,13.493849861747906,916.0,431.0,1991.0,
CSF2RB,True,False,False,1,17.056952321939285,326.0,,,
CSF3,True,False,False,1,12.458349477790067,1218.0,,,
CSF3R,True,True,False,2,11.178813979568666,1882.0,432.0,1977.0,
CSGALNACT1,True,False,False,1,9.799234258454645,2929.0,,,
CSK,True,False,False,1,10.405806836691106,2402.0,,,
CSNK1A1L,False,True,False,1,,,292.0,4092.0,
CSNK1D,False,True,False,1,,,309.0,3674.0,
CSNK1G2,True,True,False,2,8.356364554772206,4807.0,263.0,4874.0,
CSNK2A1,False,True,False,1,,,403.0,2273.0,
CSNK2B,True,False,False,1,11.29827201123086,1810.0,,,
CSNKA2IP,False,True,False,1,,,515.0,1349.0,
CSPG4,True,False,False,1,15.870059693815104,464.0,,,
CSPG5,True,True,False,2,8.776899036903355,4159.0,289.0,4147.0,
CSRNP1,True,False,False,1,9.21128395368974,3575.0,,,
CSRNP3,True,False,False,1,10.750361254552985,2153.0,,,
CSRP1,True,False,False,1,10.743247704922,2155.0,,,
CSRP3,True,False,False,1,39.28040711480367,11.0,,,
CST3,True,False,False,1,9.945777645067476,2789.0,,,
CST7,True,True,False,2,8.363742066578551,4793.0,515.0,1340.0,
CSTA,True,False,False,1,10.08777351227377,2648.0,,,
CSTF1,False,True,False,1,,,311.0,3639.0,
CT45A5,False,True,False,1,,,377.0,2578.0,
CTCFL,False,True,False,1,,,769.0,543.0,
CTDP1,True,False,False,1,9.01759508733246,3834.0,,,
CTDSP1,True,True,False,2,9.761149750702955,2967.0,291.0,4111.0,
CTHRC1,True,False,False,1,11.299086914053214,1808.0,,,
CTIF,True,False,False,1,8.569066837085295,4465.0,,,
CTNNA2,False,True,False,1,,,441.0,1897.0,
CTNNA3,True,True,False,2,21.674426046428145,129.0,579.0,1030.0,
CTNND2,True,True,False,2,15.636121138906976,499.0,267.0,4741.0,
CTSD,True,False,False,1,12.20562061741275,1328.0,,,
CTSF,True,False,False,1,12.05274026171566,1390.0,,,
CTSO,True,False,False,1,15.830043502170966,467.0,,,
CTSS,True,False,False,1,10.183449528550764,2578.0,,,
CTSV,True,False,False,1,9.091899619787856,3734.0,,,
CTTNBP2,True,False,False,1,11.544577586874038,1648.0,,,
CTU2,False,True,False,1,,,410.0,2203.0,
CTXN1,True,False,False,1,12.919613447854706,1080.0,,,
CTXND1,False,True,False,1,,,360.0,2799.0,
CUEDC1,True,False,False,1,8.494480280443021,4583.0,,,
CUEDC2,False,True,False,1,,,267.0,4732.0,
CUL1,False,True,False,1,,,473.0,1629.0,
CUL2,False,True,False,1,,,405.0,2248.0,
CUL3,False,True,False,1,,,412.0,2178.0,
CUL4A,False,True,False,1,,,330.0,3268.0,
CUL5,False,True,False,1,,,275.0,4532.0,
CUL7,True,True,False,2,9.883327742762726,2832.0,549.0,1181.0,
CUX2,True,True,False,2,14.33227447646984,719.0,349.0,2963.0,
CX3CL1,True,False,False,1,10.433161903755863,2381.0,,,
CX3CR1,True,False,False,1,10.174093657659157,2590.0,,,
CXADR,True,False,False,1,11.510667622797394,1663.0,,,
CXCL1,True,False,False,1,21.78329221642355,125.0,,,
CXCL12,True,False,False,1,15.95682469059662,447.0,,,
CXCL14,True,False,False,1,10.303726645774264,2474.0,,,
CXCL2,True,False,False,1,14.489980681650655,696.0,,,
CXCL3,True,False,False,1,11.636107993116685,1587.0,,,
CXCL5,True,False,False,1,13.271056435641476,979.0,,,
CXCL6,True,False,False,1,19.202828669588637,217.0,,,
CXCL8,True,False,False,1,23.610149601575916,93.0,,,
CXCR1,False,True,False,1,,,281.0,4351.0,
CXCR2,True,False,False,1,8.586842432672086,4430.0,,,
CXCR4,True,False,False,1,13.535452681460326,902.0,,,
CXORF38,False,True,False,1,,,267.0,4743.0,
CXXC1,False,True,False,1,,,272.0,4607.0,
CXXC4,True,False,False,1,11.821460070864166,1499.0,,,
CYBA,True,False,False,1,11.099227227539672,1934.0,,,
CYBB,True,True,False,2,15.946399744155055,451.0,429.0,2012.0,
CYBRD1,True,True,False,2,10.935383928206562,2030.0,310.0,3652.0,
CYC1,True,False,False,1,8.450364770302789,4660.0,,,
CYFIP1,True,False,False,1,20.26653627225954,175.0,,,
CYFIP2,True,False,False,1,8.430726090444717,4678.0,,,
CYGB,True,False,False,1,12.710502213621275,1139.0,,,
CYP11B1,False,True,False,1,,,404.0,2260.0,
CYP1A1,True,False,False,1,9.812222827000584,2907.0,,,
CYP1A2,False,True,False,1,,,280.0,4381.0,
CYP1B1,True,False,False,1,12.876966743516308,1088.0,,,
CYP26B1,True,False,False,1,11.30376052965609,1804.0,,,
CYP27A1,True,False,False,1,9.71641224600581,3007.0,,,
CYP2A6,False,True,False,1,,,303.0,3822.0,
CYP2C18,False,True,False,1,,,427.0,2035.0,
CYP2C9,False,True,False,1,,,406.0,2238.0,
CYP2D7,False,True,False,1,,,286.0,4247.0,
CYP2J2,True,False,False,1,20.58104948635021,161.0,,,
CYP2S1,True,False,False,1,8.679481356612959,4293.0,,,
CYP39A1,True,False,False,1,8.930103916922855,3959.0,,,
CYP3A4,False,True,False,1,,,514.0,1355.0,
CYP46A1,False,True,False,1,,,385.0,2475.0,
CYP4A11,False,True,False,1,,,363.0,2750.0,
CYP4A22,False,True,False,1,,,384.0,2493.0,
CYP4F12,False,True,False,1,,,349.0,2970.0,
CYP4F2,False,True,False,1,,,353.0,2917.0,
CYP4F8,False,True,False,1,,,264.0,4846.0,
CYP4X1,True,False,False,1,8.79705975268048,4122.0,,,
CYP7B1,True,False,False,1,9.35658607971424,3391.0,,,
CYRIA,True,False,False,1,8.73424920444715,4220.0,,,
CYSLTR2,True,False,False,1,9.7806943365487,2945.0,,,
CYTH1,True,True,False,2,8.708064645050742,4251.0,265.0,4803.0,
CYTH3,True,False,False,1,8.60118759939367,4409.0,,,
CYTH4,True,True,False,2,11.900200314121118,1464.0,612.0,904.0,
CYTIP,True,True,False,2,10.66120523524661,2215.0,354.0,2892.0,
CYTL1,True,False,False,1,11.737341143082745,1538.0,,,
CYYR1,True,False,False,1,14.00313472617948,794.0,,,
DAAM2,True,False,False,1,11.164536094191146,1895.0,,,
DAB1,True,False,False,1,14.130259086042946,767.0,,,
DAB2IP,True,False,False,1,11.401769014785083,1737.0,,,
DACT1,True,False,False,1,12.840646848619448,1097.0,,,
DAG1,True,True,True,3,10.067610037305856,2672.0,296.0,3994.0,both
DAGLA,True,False,False,1,9.59351286741878,3152.0,,,
DAO,False,True,False,1,,,274.0,4550.0,
DAP,True,False,False,1,8.504468631097161,4567.0,,,
DAPK1,True,False,False,1,11.068398881008886,1949.0,,,
DAPK3,True,False,False,1,11.11012496052199,1931.0,,,
DAPP1,True,False,False,1,9.217160520022205,3563.0,,,
DAXX,True,False,False,1,10.338416483030851,2451.0,,,
DBN1,True,False,False,1,9.836254850295468,2882.0,,,
DBNDD1,True,False,False,1,9.799257477665549,2928.0,,,
DBNDD2,True,False,False,1,8.620991537426203,4380.0,,,
DBT,False,True,False,1,,,346.0,3016.0,
DCAF15,True,False,False,1,11.06058221979964,1952.0,,,
DCAF16,False,True,False,1,,,349.0,2968.0,
DCAF17,False,True,False,1,,,428.0,2023.0,
DCAF8,False,True,False,1,,,441.0,1899.0,
DCBLD1,False,True,False,1,,,298.0,3935.0,
DCBLD2,True,False,False,1,9.413325271096824,3341.0,,,
DCDC2B,False,True,False,1,,,566.0,1094.0,
DCHS1,True,False,False,1,16.0672775535593,435.0,,,
DCHS2,False,True,False,1,,,443.0,1880.0,
DCLK1,True,False,False,1,8.924968697639894,3963.0,,,
DCLK2,True,False,False,1,10.028555958963686,2708.0,,,
DCLRE1C,False,True,False,1,,,281.0,4349.0,
DCN,True,False,False,1,23.794819840083353,86.0,,,
DCTD,False,True,False,1,,,349.0,2964.0,
DCTN1,True,False,False,1,8.309908193462958,4884.0,,,
DCTN4,False,True,False,1,,,683.0,716.0,
DCTN5,False,True,False,1,,,491.0,1505.0,
DCUN1D2,False,True,False,1,,,415.0,2153.0,
DCUN1D4,False,True,False,1,,,314.0,3575.0,
DDAH1,True,False,False,1,10.5404488425687,2302.0,,,
DDAH2,True,False,False,1,10.39660119017451,2407.0,,,
DDHD1,False,True,False,1,,,263.0,4865.0,
DDHD2,False,True,False,1,,,481.0,1575.0,
DDIT4,True,False,False,1,8.744308636429869,4206.0,,,
DDO,True,False,False,1,9.070824145655925,3765.0,,,
DDR1,True,False,False,1,16.659513976861554,362.0,,,
DDR2,True,False,False,1,11.761534261512608,1522.0,,,
DDTL,True,False,False,1,9.69416053120074,3040.0,,,
DDX18,False,True,False,1,,,324.0,3389.0,
DDX19A,False,True,False,1,,,309.0,3676.0,
DDX23,False,True,False,1,,,325.0,3375.0,
DDX25,False,True,False,1,,,274.0,4549.0,
DDX39B,True,False,False,1,10.7963613421844,2124.0,,,
DDX3Y,True,False,False,1,22.829539302831627,110.0,,,
DDX41,False,True,False,1,,,290.0,4135.0,
DDX42,False,True,False,1,,,740.0,590.0,
DDX56,False,True,False,1,,,380.0,2538.0,
DEF6,False,True,False,1,,,413.0,2168.0,
DEFB108B,False,True,False,1,,,529.0,1259.0,
DENND11,True,False,False,1,9.080281014768874,3753.0,,,
DENND1C,True,False,False,1,9.242613428901327,3528.0,,,
DENND2A,True,False,False,1,8.598362884180746,4415.0,,,
DENND3,True,False,False,1,9.20996126110771,3577.0,,,
DENND4B,True,True,False,2,9.51468395718575,3235.0,421.0,2101.0,
DENND5B,False,True,False,1,,,371.0,2646.0,
DENND6A,False,True,False,1,,,368.0,2690.0,
DENR,False,True,False,1,,,368.0,2688.0,
DEPDC1,True,False,False,1,11.332583701596642,1778.0,,,
DEPDC5,False,True,False,1,,,339.0,3115.0,
DEPP1,True,False,False,1,10.165962173486394,2596.0,,,
DEPTOR,True,False,False,1,9.405633132488989,3346.0,,,
DERL1,False,True,False,1,,,277.0,4474.0,
DERPC,True,False,False,1,9.403380535103896,3350.0,,,
DES,True,False,True,2,41.8102688277144,8.0,,,both
DESI2,False,True,False,1,,,281.0,4345.0,
DGAT2,True,False,False,1,8.435784085915103,4672.0,,,
DGCR2,True,True,False,2,9.879312419734111,2836.0,458.0,1735.0,
DGCR8,False,True,False,1,,,269.0,4685.0,
DGKD,True,False,False,1,8.816506318483839,4097.0,,,
DGKG,True,False,False,1,10.011201852094418,2726.0,,,
DGKI,True,False,False,1,11.97416416335132,1424.0,,,
DGKQ,True,True,False,2,9.488910665443566,3264.0,527.0,1269.0,
DGKZ,True,False,False,1,10.442340205097464,2375.0,,,
DHCR24,True,False,False,1,12.400834130662776,1241.0,,,
DHCR7,True,False,False,1,9.574827997772996,3167.0,,,
DHPS,False,True,False,1,,,267.0,4730.0,
DHRS13,True,False,False,1,8.46468240811675,4642.0,,,
DHRS7C,True,False,False,1,8.571083047951598,4460.0,,,
DHRS9,True,False,False,1,9.74947120028533,2978.0,,,
DHX15,False,True,False,1,,,382.0,2514.0,
DHX16,True,False,False,1,9.60048555888231,3140.0,,,
DHX29,False,True,False,1,,,329.0,3288.0,
DHX30,False,True,False,1,,,267.0,4736.0,
DHX34,True,True,False,2,8.679080886219706,4294.0,278.0,4443.0,
DHX37,True,True,False,2,8.541275468589856,4510.0,360.0,2792.0,
DHX38,False,True,False,1,,,292.0,4089.0,
DHX57,False,True,False,1,,,620.0,881.0,
DHX58,True,True,False,2,9.580114234983498,3160.0,286.0,4231.0,
DHX8,False,True,False,1,,,329.0,3289.0,
DHX9,False,True,False,1,,,287.0,4213.0,
DIAPH3,True,False,False,1,8.876205022748163,4029.0,,,
DIDO1,False,True,False,1,,,850.0,446.0,
DIO1,False,True,False,1,,,285.0,4263.0,
DIO2,True,False,False,1,11.180733173020322,1879.0,,,
DIP2A,False,True,False,1,,,403.0,2275.0,
DIP2B,False,True,False,1,,,287.0,4205.0,
DIPK1B,True,False,False,1,10.60843071441751,2254.0,,,
DIPK1C,False,True,False,1,,,282.0,4326.0,
DIPK2B,True,True,False,2,11.68135759505138,1569.0,265.0,4811.0,
DIRAS1,True,False,False,1,14.2840527814563,729.0,,,
DIS3,False,True,False,1,,,820.0,480.0,
DIS3L2,False,True,False,1,,,275.0,4529.0,
DISP3,False,True,False,1,,,309.0,3679.0,
DKK1,True,False,False,1,15.533847239305292,513.0,,,
DKK2,True,False,False,1,8.853538973457164,4059.0,,,
DKK3,True,False,False,1,13.647428757218558,883.0,,,
DLEU7,False,True,False,1,,,727.0,607.0,
DLG2,False,True,False,1,,,623.0,869.0,
DLG5,True,False,False,1,11.80955476808472,1504.0,,,
DLGAP2,False,True,False,1,,,365.0,2726.0,
DLGAP5,True,False,False,1,13.12403626972233,1017.0,,,
DLK1,True,False,False,1,19.62913918380398,199.0,,,
DLL1,True,False,False,1,9.85793223227806,2857.0,,,
DLL4,True,False,False,1,12.17083194061581,1337.0,,,
DLST,True,True,False,2,10.906100286182133,2051.0,283.0,4303.0,
DMAC2,False,True,False,1,,,261.0,4923.0,
DMD,True,False,True,2,9.995058238928824,2742.0,,,both
DMKN,True,False,False,1,10.390952848519357,2411.0,,,
DMPK,True,True,False,2,12.004022126255482,1413.0,322.0,3425.0,
DMTF1,False,True,False,1,,,388.0,2443.0,
DMTN,True,False,False,1,12.727374423170357,1132.0,,,
DMXL1,False,True,False,1,,,480.0,1583.0,
DNAAF3,True,False,False,1,8.9346332384501,3951.0,,,
DNAH1,True,True,False,2,9.700633859833914,3028.0,507.0,1409.0,
DNAH17,False,True,False,1,,,373.0,2618.0,
DNAH6,False,True,False,1,,,322.0,3428.0,
DNAH9,False,True,False,1,,,322.0,3421.0,
DNAJA3,False,True,False,1,,,288.0,4174.0,
DNAJA4,True,False,False,1,11.376353978040806,1754.0,,,
DNAJB2,True,True,False,2,9.878449050705193,2837.0,270.0,4668.0,
DNAJB5,True,False,False,1,8.976611582306303,3895.0,,,
DNAJC10,False,True,False,1,,,300.0,3872.0,
DNAJC11,False,True,False,1,,,324.0,3388.0,
DNAJC13,False,True,False,1,,,576.0,1042.0,
DNAJC14,True,False,False,1,8.511273306586165,4559.0,,,
DNAJC27,False,True,False,1,,,275.0,4525.0,
DNAJC5,True,True,False,2,9.322821521268615,3434.0,417.0,2138.0,
DNAJC6,True,False,False,1,8.559020924150058,4487.0,,,
DNAJC7,False,True,False,1,,,426.0,2048.0,
DNASE1L1,True,False,False,1,12.334984746605905,1274.0,,,
DNER,True,False,False,1,9.100303492807328,3721.0,,,
DNHD1,False,True,False,1,,,556.0,1145.0,
DNM1,True,False,False,1,8.993708900579053,3869.0,,,
DNM2,True,True,False,2,9.005780577271377,3846.0,692.0,698.0,
DNMBP,True,False,False,1,8.501230300222108,4571.0,,,
DOC2B,True,False,False,1,8.341894958497981,4836.0,,,
DOCK10,True,False,False,1,12.368586335263092,1258.0,,,
DOCK2,True,False,False,1,11.047495212297346,1962.0,,,
DOCK3,True,False,False,1,8.606867340791563,4400.0,,,
DOCK4,True,False,False,1,9.84826625608986,2868.0,,,
DOCK6,True,False,False,1,10.890274151611116,2068.0,,,
DOCK8,True,True,False,2,8.585501117108025,4434.0,420.0,2106.0,
DOHH,True,False,False,1,9.200197971326045,3586.0,,,
DOK1,True,False,False,1,8.347091755252096,4829.0,,,
DOK2,True,True,False,2,10.82244427035356,2106.0,337.0,3154.0,
DOK4,True,False,False,1,10.984476940612556,2000.0,,,
DOK5,True,False,False,1,8.897022850624186,4010.0,,,
DOK6,True,False,False,1,10.264934798274831,2509.0,,,
DOK7,True,True,False,2,14.170305627105302,759.0,487.0,1529.0,
DOP1A,False,True,False,1,,,432.0,1975.0,
DOT1L,True,False,False,1,8.512575817738355,4556.0,,,
DPEP2,True,True,False,2,9.008384862578414,3844.0,462.0,1703.0,
DPF3,True,False,False,1,10.13204562780048,2619.0,,,
DPH3,False,True,False,1,,,304.0,3790.0,
DPP10,False,True,False,1,,,439.0,1916.0,
DPP3,True,True,False,2,8.525624404416652,4536.0,303.0,3821.0,
DPP4,True,False,False,1,11.588908492907024,1625.0,,,
DPP7,True,False,False,1,10.519326783408564,2320.0,,,
DPP8,False,True,False,1,,,614.0,895.0,
DPT,True,False,False,1,19.922338698267417,186.0,,,
DPY19L2,True,True,False,2,10.094849505168575,2643.0,347.0,2998.0,
DPY19L4,False,True,False,1,,,281.0,4350.0,
DPYD,True,True,False,2,9.519534548558552,3234.0,286.0,4239.0,
DPYSL3,True,False,False,1,14.518506069414276,691.0,,,
DPYSL4,True,False,False,1,11.61666324812528,1606.0,,,
DPYSL5,True,True,False,2,8.924658115682819,3964.0,396.0,2345.0,
DRAM1,False,True,False,1,,,394.0,2372.0,
DRAP1,True,False,False,1,8.751936175991569,4199.0,,,
DRC3,False,True,False,1,,,492.0,1497.0,
DRD1,True,False,False,1,9.023230211042655,3823.0,,,
DRD3,False,True,False,1,,,324.0,3395.0,
DRG1,False,True,False,1,,,263.0,4882.0,
DRG2,False,True,False,1,,,320.0,3461.0,
DROSHA,False,True,False,1,,,292.0,4087.0,
DRP2,True,False,False,1,11.23834723615755,1848.0,,,
DSC2,True,False,False,1,17.1751780674421,318.0,,,
DSC3,True,False,False,1,10.453090597987376,2372.0,,,
DSCAML1,False,True,False,1,,,299.0,3915.0,
DSEL,True,False,False,1,14.71075714535126,647.0,,,
DSG2,True,False,False,1,15.964588504948376,446.0,,,
DSP,True,False,False,1,18.907207623436165,227.0,,,
DST,True,False,False,1,8.372407761915213,4775.0,,,
DTHD1,False,True,False,1,,,334.0,3204.0,
DTL,True,False,False,1,9.695590202354172,3037.0,,,
DTNA,True,False,True,2,9.598267651478055,3143.0,,,both
DTX3,True,False,False,1,8.848615718614969,4066.0,,,
DTX4,True,False,False,1,8.350471347434835,4823.0,,,
DUOX1,False,True,False,1,,,263.0,4876.0,
DUSP1,True,False,False,1,11.05259141306106,1957.0,,,
DUSP14,True,False,False,1,12.109277944651756,1363.0,,,
DUSP26,True,True,False,2,19.14013762275652,220.0,420.0,2109.0,
DUSP4,True,False,False,1,8.781024944232886,4151.0,,,
DUSP5,True,False,False,1,10.699035016593884,2179.0,,,
DUSP6,True,False,False,1,9.421974459416832,3333.0,,,
DUSP7,True,False,False,1,8.352029828634144,4816.0,,,
DUSP8,True,False,False,1,10.272650357238064,2502.0,,,
DVL1,True,False,False,1,11.27133431010439,1831.0,,,
DVL2,True,True,False,2,8.6291297206171,4365.0,364.0,2731.0,
DVL3,True,True,False,2,8.541607602636716,4508.0,364.0,2734.0,
DYM,False,True,False,1,,,308.0,3697.0,
DYNAP,False,True,False,1,,,404.0,2262.0,
DYNC1LI1,False,True,False,1,,,265.0,4810.0,
DYNC2I2,True,False,False,1,9.058912870667529,3775.0,,,
DYNLL2,True,False,False,1,8.61769509064269,4383.0,,,
DYRK1B,True,False,False,1,8.89900589768467,4005.0,,,
DYSF,True,False,False,1,14.678662697830436,655.0,,,
E2F1,True,False,False,1,9.178755279218237,3610.0,,,
E2F4,False,True,False,1,,,459.0,1733.0,
E2F7,True,False,False,1,11.63096044872728,1594.0,,,
E2F8,True,False,False,1,9.436985730690653,3318.0,,,
E4F1,True,True,False,2,9.19523840791734,3592.0,601.0,944.0,
EBF1,True,False,False,1,8.356848991375236,4804.0,,,
EBF2,True,False,False,1,11.13242317727292,1912.0,,,
EBF3,True,False,False,1,8.987022988303462,3878.0,,,
EBF4,True,False,False,1,8.577894584116942,4445.0,,,
ECE1,True,False,False,1,11.755444723251644,1530.0,,,
ECHDC1,False,True,False,1,,,513.0,1361.0,
ECHDC3,True,False,False,1,10.429576663352966,2387.0,,,
ECM1,True,False,False,1,11.759997718397658,1523.0,,,
ECM2,True,False,False,1,13.245336723792168,988.0,,,
ECPAS,False,True,False,1,,,482.0,1568.0,
ECSCR,True,False,False,1,16.281628411754088,404.0,,,
ECT2L,False,True,False,1,,,282.0,4327.0,
EDA,True,False,False,1,9.442558926617243,3309.0,,,
EDC3,False,True,False,1,,,327.0,3346.0,
EDC4,True,True,False,2,14.0411990961041,789.0,613.0,901.0,
EDEM3,False,True,False,1,,,345.0,3031.0,
EDF1,False,True,False,1,,,308.0,3693.0,
EDIL3,True,False,False,1,14.649347556770095,661.0,,,
EDN1,True,False,True,2,12.638962982680315,1160.0,,,hsa05410
EDNRA,True,False,False,1,15.13337774281598,574.0,,,
EDNRB,True,False,False,1,11.510744514837516,1662.0,,,
EDRF1,False,True,False,1,,,436.0,1943.0,
EEF1A2,True,False,False,1,23.75051680449154,87.0,,,
EEF2,True,False,False,1,10.82605109948349,2103.0,,,
EEF2K,True,False,False,1,8.31600680919801,4878.0,,,
EEFSEC,True,False,False,1,8.788624397045515,4136.0,,,
EFCAB12,False,True,False,1,,,455.0,1770.0,
EFCAB6,False,True,False,1,,,279.0,4422.0,
EFEMP1,True,False,False,1,23.461230509988912,98.0,,,
EFEMP2,True,False,False,1,9.619566355683348,3118.0,,,
EFHC2,True,False,False,1,8.567533083485229,4471.0,,,
EFHD1,True,False,False,1,11.7747266193051,1518.0,,,
EFHD2,True,False,False,1,10.339434238882568,2447.0,,,
EFNA1,True,False,False,1,11.969972566078528,1426.0,,,
EFNB1,True,False,False,1,10.58764936699134,2273.0,,,
EFNB2,True,False,False,1,10.431124738008522,2386.0,,,
EFNB3,True,False,False,1,14.29791636235078,726.0,,,
EFS,True,False,False,1,12.677779633146098,1149.0,,,
EFTUD2,False,True,False,1,,,323.0,3406.0,
EGF,True,False,False,1,11.94469025007828,1437.0,,,
EGFL7,True,False,False,1,12.475617861391846,1214.0,,,
EGFLAM,True,False,False,1,9.390949505924247,3355.0,,,
EGFR,True,False,False,1,11.964327827026748,1430.0,,,
EGLN2,True,True,False,2,8.32878809868905,4860.0,560.0,1124.0,
EGLN3,True,False,False,1,13.285687913047306,971.0,,,
EGR1,True,False,False,1,9.155712302228542,3649.0,,,
EGR3,True,False,False,1,8.580942133337281,4441.0,,,
EHBP1L1,True,False,False,1,11.599703954839043,1616.0,,,
EHD2,True,False,False,1,13.234042216967763,991.0,,,
EHD3,True,False,False,1,9.15729331883353,3645.0,,,
EHD4,True,False,False,1,10.7857757464477,2130.0,,,
EHMT1,False,True,False,1,,,276.0,4505.0,
EHMT2,True,False,False,1,10.0148488574166,2719.0,,,
EIF1AY,True,False,False,1,15.18568888061316,570.0,,,
EIF2A,False,True,False,1,,,522.0,1301.0,
EIF2AK4,False,True,False,1,,,456.0,1760.0,
EIF2B4,False,True,False,1,,,365.0,2721.0,
EIF2B5,False,True,False,1,,,316.0,3532.0,
EIF2S1,False,True,False,1,,,396.0,2343.0,
EIF3B,False,True,False,1,,,404.0,2258.0,
EIF3CL,True,False,False,1,8.923038611396167,3967.0,,,
EIF3G,False,True,False,1,,,277.0,4471.0,
EIF3H,False,True,False,1,,,277.0,4476.0,
EIF3I,False,True,False,1,,,279.0,4402.0,
EIF3M,False,True,False,1,,,313.0,3605.0,
EIF4E2,False,True,False,1,,,289.0,4150.0,
EIF4ENIF1,False,True,False,1,,,540.0,1212.0,
EIF4G1,True,True,False,2,9.522974924607638,3229.0,377.0,2572.0,
EIF4H,False,True,False,1,,,481.0,1576.0,
EIF5A,True,False,False,1,9.212338318676435,3571.0,,,
ELF3,True,False,False,1,8.785832834206042,4139.0,,,
ELF4,True,False,False,1,8.492921450939345,4587.0,,,
ELFN1,True,False,False,1,8.874410265322991,4033.0,,,
ELK1,True,True,False,2,8.791089365631938,4134.0,332.0,3228.0,
ELMO1,True,False,False,1,10.951920912262072,2023.0,,,
ELMO3,False,True,False,1,,,268.0,4712.0,
ELMOD3,False,True,False,1,,,326.0,3359.0,
ELN,True,False,False,1,14.185469875617985,757.0,,,
ELOA,False,True,False,1,,,296.0,3979.0,
ELOVL1,True,False,False,1,9.974490367385222,2762.0,,,
ELOVL2,True,False,False,1,9.023324145766246,3822.0,,,
ELP1,False,True,False,1,,,904.0,388.0,
ELP2,False,True,False,1,,,515.0,1342.0,
ELP3,False,True,False,1,,,585.0,1001.0,
ELP6,False,True,False,1,,,347.0,2996.0,
EMB,True,False,False,1,11.49193886217141,1676.0,,,
EMC10,True,False,False,1,10.20995236885462,2554.0,,,
EMCN,True,False,False,1,12.897845609801434,1085.0,,,
EMD,False,False,True,1,,,,,both
EMID1,True,False,False,1,8.493719822449085,4585.0,,,
EMILIN1,True,False,False,1,15.7560072997325,479.0,,,
EMILIN2,True,False,False,1,10.289240251674617,2482.0,,,
EMILIN3,True,False,False,1,8.325486219120059,4861.0,,,
EML2,True,False,False,1,8.928440927782125,3961.0,,,
EML3,True,True,False,2,11.172381277525783,1889.0,322.0,3430.0,
EMP1,True,False,False,1,15.153155164093782,572.0,,,
EMP3,True,False,False,1,8.582642073135185,4438.0,,,
ENAM,True,False,False,1,8.626590202296487,4371.0,,,
ENC1,True,False,False,1,9.884601028973144,2830.0,,,
ENDOG,True,False,False,1,9.11162708897521,3705.0,,,
ENG,True,False,False,1,16.22116220880112,409.0,,,
ENGASE,True,True,False,2,10.22933059910448,2535.0,424.0,2065.0,
ENO3,True,True,False,2,18.31941003989601,244.0,262.0,4897.0,
ENPEP,True,False,False,1,9.93381050988131,2797.0,,,
ENPP2,True,False,False,1,11.285385488145415,1821.0,,,
ENPP5,True,False,False,1,9.245269047979807,3524.0,,,
ENPP7,False,True,False,1,,,345.0,3034.0,
ENTPD4,False,True,False,1,,,305.0,3765.0,
ENTPD6,True,False,False,1,9.002064274449523,3851.0,,,
EPAS1,True,False,False,1,13.958187871545135,812.0,,,
EPB41L1,True,False,False,1,8.917511973982117,3978.0,,,
EPB41L3,True,False,False,1,11.754152693674502,1531.0,,,
EPB41L4A,True,False,False,1,9.427694256639096,3328.0,,,
EPB41L4B,True,False,False,1,8.7271507612412,4233.0,,,
EPCAM,True,False,False,1,10.164471705215844,2599.0,,,
EPDR1,True,False,False,1,11.235754444031508,1853.0,,,
EPG5,False,True,False,1,,,274.0,4555.0,
EPHA2,True,False,False,1,14.78025436140622,636.0,,,
EPHA3,True,False,False,1,13.386355947015296,946.0,,,
EPHA4,True,False,False,1,9.977885857300894,2758.0,,,
EPHA5,True,False,False,1,9.841732435355135,2876.0,,,
EPHA7,True,False,False,1,11.632733928661205,1592.0,,,
EPHB2,True,False,False,1,11.563552587371491,1637.0,,,
EPHB3,True,True,False,2,14.613503247189287,671.0,300.0,3887.0,
EPHB4,True,False,False,1,11.456768519944733,1696.0,,,
EPHX1,True,False,False,1,12.807056210822148,1107.0,,,
EPHX2,True,True,False,2,11.23822917757475,1849.0,281.0,4344.0,
EPM2A,False,True,False,1,,,600.0,949.0,
EPN3,True,False,False,1,9.73749896846066,2993.0,,,
EPPK1,True,False,False,1,11.910916641219982,1456.0,,,
EPS8L2,True,False,False,1,11.041752240637752,1963.0,,,
ERAP2,True,False,False,1,9.853085064350925,2864.0,,,
ERBB2,True,True,False,2,10.596022057392853,2260.0,429.0,2009.0,
ERBB4,True,False,False,1,15.680772710882612,491.0,,,
ERC2,True,False,False,1,9.238715373474555,3535.0,,,
ERCC1,False,True,False,1,,,356.0,2857.0,
ERCC2,False,True,False,1,,,284.0,4274.0,
ERCC3,False,True,False,1,,,510.0,1384.0,
ERCC6L2,False,True,False,1,,,428.0,2029.0,
ERCC8,False,True,False,1,,,354.0,2890.0,
ERF,True,True,False,2,13.386829531118924,945.0,387.0,2452.0,
ERG,True,False,False,1,15.12899807260543,576.0,,,
ERI3,True,False,False,1,8.468666079710413,4636.0,,,
ERICH5,True,False,False,1,8.912310776622764,3985.0,,,
ERLEC1,False,True,False,1,,,277.0,4466.0,
ERRFI1,True,False,False,1,10.640098447238488,2228.0,,,
ERVH48-1,False,True,False,1,,,422.0,2087.0,
ERVW-1,False,True,False,1,,,1825.0,38.0,
ESAM,True,False,False,1,16.794027994827207,350.0,,,
ESD,False,True,False,1,,,271.0,4645.0,
ESM1,True,False,False,1,18.00306282500894,267.0,,,
ESPL1,True,False,False,1,8.971657901663107,3905.0,,,
ESRP1,True,False,False,1,8.911093843964327,3989.0,,,
ESRRA,True,False,False,1,11.5236221662274,1655.0,,,
ESRRB,True,True,False,2,9.188143716005223,3599.0,277.0,4470.0,
ESRRG,True,True,False,2,17.03837203115308,327.0,360.0,2795.0,
ESYT1,True,False,False,1,8.351896640380554,4817.0,,,
ESYT3,False,True,False,1,,,378.0,2562.0,
ETF1,False,True,False,1,,,544.0,1196.0,
ETNK2,True,False,False,1,9.084192991541364,3746.0,,,
ETNPPL,True,False,False,1,8.529502417448178,4531.0,,,
ETS1,True,False,False,1,8.425674152128131,4689.0,,,
ETV1,True,False,False,1,10.513847617683274,2326.0,,,
ETV4,True,False,False,1,9.19320752904165,3594.0,,,
ETV5,True,False,False,1,8.475950678583448,4622.0,,,
EVA1A,True,False,False,1,11.11133811482344,1928.0,,,
EVA1B,True,False,False,1,10.947694283976848,2026.0,,,
EVA1C,True,False,False,1,8.819365411580309,4095.0,,,
EVC,True,False,False,1,11.269233328695128,1832.0,,,
EVI2A,True,False,False,1,9.405721959393825,3345.0,,,
EVI2B,True,False,False,1,12.193812141292517,1330.0,,,
EVI5L,True,True,False,2,9.8717354139194,2844.0,315.0,3558.0,
EXO1,True,False,False,1,8.417908978947802,4701.0,,,
EXOC1,False,True,False,1,,,596.0,959.0,
EXOC2,False,True,False,1,,,555.0,1149.0,
EXOC4,False,True,False,1,,,278.0,4442.0,
EXOC5,False,True,False,1,,,553.0,1162.0,
EXOC6B,True,True,False,2,8.36650318558527,4784.0,279.0,4413.0,
EXOC7,False,True,False,1,,,457.0,1753.0,
EXOC8,False,True,False,1,,,295.0,4012.0,
EXT2,False,True,False,1,,,428.0,2025.0,
EXTL1,True,False,False,1,13.023262415122602,1054.0,,,
EYA1,True,False,False,1,10.38216958367306,2418.0,,,
EYA4,True,False,False,1,11.242660876200263,1844.0,,,
F10,True,False,False,1,9.531569715860549,3212.0,,,
F11,False,True,False,1,,,486.0,1538.0,
F13A1,True,False,False,1,23.02307509482645,105.0,,,
F13B,False,True,False,1,,,293.0,4069.0,
F2R,True,False,False,1,10.063565785220137,2679.0,,,
F2RL1,True,False,False,1,10.67228440616499,2206.0,,,
F3,True,False,False,1,9.762924053241187,2964.0,,,
F5,True,False,False,1,10.90401764158881,2056.0,,,
F8,False,True,False,1,,,278.0,4451.0,
F8A2,True,False,False,1,8.984938469530583,3881.0,,,
F8A3,True,False,False,1,8.984938469530583,3882.0,,,
F9,False,True,False,1,,,355.0,2872.0,
FAAH,True,True,False,2,8.868096128094688,4041.0,443.0,1875.0,
FAAP100,True,True,False,2,10.73900314544492,2161.0,645.0,812.0,
FABP3,True,False,False,1,20.554134510633354,163.0,,,
FABP4,True,False,False,1,18.78439321128772,231.0,,,
FADD,True,False,False,1,9.698868850680674,3033.0,,,
FADS2,True,False,False,1,12.211937553468251,1327.0,,,
FADS3,True,False,False,1,9.009203573825294,3843.0,,,
FAF2,False,True,False,1,,,335.0,3176.0,
FAIM2,True,False,False,1,10.047066650930551,2694.0,,,
FAM107A,True,False,False,1,13.926881897974637,819.0,,,
FAM110C,True,False,False,1,9.794824039758495,2933.0,,,
FAM124B,True,True,False,2,10.476360209158472,2355.0,299.0,3905.0,
FAM135B,False,True,False,1,,,654.0,787.0,
FAM13C,True,False,False,1,9.87771725194508,2838.0,,,
FAM149B1,False,True,False,1,,,378.0,2560.0,
FAM156B,True,False,False,1,9.59926351785608,3142.0,,,
FAM167A,True,False,False,1,8.99256959502798,3873.0,,,
FAM168B,True,True,False,2,8.677964845564057,4297.0,817.0,481.0,
FAM169A,True,False,False,1,9.026696868559096,3815.0,,,
FAM171A1,True,False,False,1,9.07548845258293,3755.0,,,
FAM171A2,True,False,False,1,11.644230191534463,1583.0,,,
FAM180A,True,False,False,1,11.17583770443496,1888.0,,,
FAM184A,True,True,False,2,8.334298184960238,4851.0,304.0,3785.0,
FAM186B,False,True,False,1,,,407.0,2227.0,
FAM189A2,True,False,False,1,14.871387049708352,629.0,,,
FAM193B,True,True,False,2,8.403765446067217,4724.0,418.0,2132.0,
FAM199X,False,True,False,1,,,450.0,1810.0,
FAM20A,True,False,False,1,10.157661373217008,2603.0,,,
FAM20B,False,True,False,1,,,365.0,2722.0,
FAM20C,True,False,False,1,8.981512859427493,3885.0,,,
FAM219A,True,False,False,1,9.37234167423416,3379.0,,,
FAM219B,True,True,False,2,10.387414348175964,2414.0,407.0,2229.0,
FAM222A,True,False,False,1,9.252508637603883,3512.0,,,
FAM227A,False,True,False,1,,,321.0,3453.0,
FAM3A,False,True,False,1,,,368.0,2684.0,
FAM43A,True,False,False,1,11.235898832173977,1852.0,,,
FAM47C,False,True,False,1,,,280.0,4389.0,
FAM47E,False,True,False,1,,,805.0,496.0,
FAM53B,True,False,False,1,9.306309832781093,3447.0,,,
FAM78A,True,False,False,1,12.03159237928818,1401.0,,,
FAM83D,True,False,False,1,9.906369066639847,2814.0,,,
FAM83G,True,False,False,1,10.013505355615386,2720.0,,,
FAM83H,True,False,False,1,13.920431416415523,823.0,,,
FAM91A1,False,True,False,1,,,340.0,3105.0,
FAN1,True,True,False,2,10.241693994578672,2526.0,585.0,1002.0,
FANCI,False,True,False,1,,,307.0,3718.0,
FANCL,False,True,False,1,,,281.0,4343.0,
FAP,True,False,False,1,18.37808341161445,240.0,,,
FARSA,False,True,False,1,,,335.0,3181.0,
FASN,True,False,False,1,15.684971031630193,488.0,,,
FASTK,True,True,False,2,10.60189124418525,2258.0,407.0,2228.0,
FAT1,True,False,False,1,14.14636844206515,765.0,,,
FAT3,True,False,False,1,13.494299619931098,915.0,,,
FAT4,True,False,False,1,9.292544229669303,3464.0,,,
FBH1,True,False,False,1,9.409028855682164,3343.0,,,
FBLIM1,True,False,False,1,11.156141516106183,1900.0,,,
FBLN1,True,False,False,1,13.606151363160802,891.0,,,
FBLN2,True,False,False,1,16.019818043203006,439.0,,,
FBLN5,True,False,False,1,13.747222565049611,861.0,,,
FBN1,True,True,False,2,14.62483483739825,667.0,269.0,4693.0,
FBN2,True,False,False,1,17.867753858055423,276.0,,,
FBN3,True,True,False,2,9.12303590496318,3689.0,477.0,1605.0,
FBP1,True,False,False,1,9.310758809405906,3443.0,,,
FBRS,True,True,False,2,10.676037721531182,2197.0,420.0,2110.0,
FBRSL1,True,False,False,1,8.786941454749245,4138.0,,,
FBXL19,True,True,False,2,11.75182374134057,1534.0,302.0,3835.0,
FBXL22,True,False,False,1,10.1302909132262,2620.0,,,
FBXL6,False,True,False,1,,,349.0,2969.0,
FBXL7,True,False,False,1,12.049049388224804,1393.0,,,
FBXO10,True,False,False,1,8.769053960962395,4175.0,,,
FBXO11,False,True,False,1,,,389.0,2429.0,
FBXO15,False,True,False,1,,,1047.0,267.0,
FBXO32,True,False,False,1,9.021555222803752,3827.0,,,
FBXO38,False,True,False,1,,,385.0,2480.0,
FBXO40,True,True,False,2,20.63878818670481,158.0,362.0,2762.0,
FBXW11,False,True,False,1,,,419.0,2118.0,
FBXW2,False,True,False,1,,,457.0,1750.0,
FBXW4,False,True,False,1,,,286.0,4230.0,
FBXW5,True,False,False,1,9.123784287622222,3686.0,,,
FCAMR,False,True,False,1,,,299.0,3911.0,
FCER1G,True,True,False,2,12.032787833594252,1400.0,382.0,2517.0,
FCGBP,True,False,False,1,9.829308798488553,2889.0,,,
FCGR1A,True,False,False,1,8.426831492253065,4685.0,,,
FCGR2A,True,False,False,1,15.214443145213956,566.0,,,
FCGR2B,True,True,False,2,12.320837765477558,1280.0,606.0,926.0,
FCGR2C,True,True,False,2,11.59353002455675,1618.0,463.0,1698.0,
FCGR3A,True,True,False,2,18.1888363044397,254.0,533.0,1239.0,
FCGR3B,True,True,False,2,11.548766603906234,1646.0,333.0,3217.0,
FCN1,True,True,False,2,10.2073755708338,2560.0,309.0,3670.0,
FCN2,False,True,False,1,,,265.0,4813.0,
FCRL1,False,True,False,1,,,371.0,2644.0,
FCRL4,False,True,False,1,,,606.0,927.0,
FCRL5,False,True,False,1,,,445.0,1859.0,
FCRL6,False,True,False,1,,,266.0,4786.0,
FCSK,False,True,False,1,,,435.0,1953.0,
FDFT1,True,False,False,1,15.878867907404256,460.0,,,
FDXR,True,False,False,1,8.427105274349625,4683.0,,,
FER1L5,False,True,False,1,,,493.0,1493.0,
FERMT2,True,False,False,1,9.133999878087955,3672.0,,,
FES,True,True,False,2,10.27888573578422,2495.0,262.0,4909.0,
FGA,True,False,False,1,10.6500983894869,2220.0,,,
FGB,True,False,False,1,11.443100340142584,1710.0,,,
FGD1,True,False,False,1,12.321175141497648,1279.0,,,
FGD2,True,True,False,2,9.026500043461994,3816.0,521.0,1308.0,
FGD3,True,True,False,2,12.102680838412107,1371.0,448.0,1828.0,
FGD5,True,False,False,1,14.10455295393987,771.0,,,
FGF1,True,False,False,1,14.223568045080084,749.0,,,
FGF10,True,False,False,1,10.431978908809551,2383.0,,,
FGF12,True,False,False,1,17.010483594892595,329.0,,,
FGF13,True,True,False,2,9.097884936198094,3727.0,479.0,1596.0,
FGF14,True,False,False,1,8.843231963076285,4072.0,,,
FGF18,True,False,False,1,12.486278982358844,1213.0,,,
FGF2,True,False,False,1,9.68567812584401,3047.0,,,
FGF23,True,False,False,1,13.228401407847146,993.0,,,
FGF5,True,False,False,1,11.711565142821764,1555.0,,,
FGF7,True,False,False,1,10.572844305652373,2282.0,,,
FGF9,True,False,False,1,9.825153770499137,2892.0,,,
FGFBP2,True,False,False,1,8.444128952889333,4667.0,,,
FGFR2,True,True,False,2,12.098294356332593,1377.0,395.0,2357.0,
FGFR3,True,False,False,1,9.803023987342558,2924.0,,,
FGFRL1,True,False,False,1,10.809504359879249,2118.0,,,
FGG,True,False,False,1,9.08763761577635,3743.0,,,
FGL1,False,True,False,1,,,263.0,4867.0,
FGL2,True,False,False,1,13.607252468892698,890.0,,,
FGR,True,True,False,2,13.772742446527117,854.0,487.0,1527.0,
FHIP1A,True,True,False,2,10.878688898228091,2073.0,269.0,4692.0,
FHIP1B,False,True,False,1,,,353.0,2908.0,
FHIP2A,False,True,False,1,,,312.0,3620.0,
FHIP2B,False,True,False,1,,,494.0,1483.0,
FHL1,True,False,False,1,11.948700914792324,1435.0,,,
FHL2,True,False,False,1,10.61029914218726,2252.0,,,
FHL5,True,True,False,2,11.494437472682378,1672.0,297.0,3956.0,
FHOD3,True,False,False,1,20.432017189361805,168.0,,,
FIBIN,True,False,False,1,13.610427173266846,889.0,,,
FILIP1,True,False,False,1,14.302955670994695,724.0,,,
FILIP1L,True,False,False,1,8.405761382011422,4721.0,,,
FITM1,True,False,False,1,20.608480830978568,159.0,,,
FITM2,True,False,False,1,8.400024762015727,4730.0,,,
FJX1,True,False,False,1,10.07076022002117,2668.0,,,
FKBP10,True,False,False,1,19.074582948047492,222.0,,,
FKBP15,False,True,False,1,,,359.0,2807.0,
FKBP5,True,False,False,1,8.49888404931531,4575.0,,,
FKBP8,True,False,False,1,14.739316999455331,643.0,,,
FKBP9,True,True,False,2,8.702411414505017,4260.0,287.0,4212.0,
FLG,True,False,False,1,9.216954420637125,3564.0,,,
FLI1,True,False,False,1,12.371208711209851,1256.0,,,
FLII,True,True,False,2,9.083237741528851,3748.0,328.0,3330.0,
FLNA,True,False,False,1,15.820808431325029,469.0,,,
FLNB,True,False,False,1,11.531220223412095,1653.0,,,
FLNC,True,False,False,1,23.69034468955461,90.0,,,
FLOT1,True,False,False,1,14.673059745879147,656.0,,,
FLOT2,True,False,False,1,10.492930193380268,2346.0,,,
FLRT2,True,False,False,1,8.808645191926667,4107.0,,,
FLRT3,True,False,False,1,12.750424283376969,1121.0,,,
FLT1,True,False,False,1,12.731863907416132,1131.0,,,
FLT4,True,False,False,1,10.687031329498444,2188.0,,,
FMC1-LUC7L2,True,False,False,1,14.092665768355277,776.0,,,
FMN1,True,False,False,1,8.357139642435287,4803.0,,,
FMN2,True,False,False,1,8.876104963672649,4030.0,,,
FMNL1,True,False,False,1,9.498875945031152,3253.0,,,
FMO2,True,False,False,1,18.297949594465532,246.0,,,
FMO5,False,True,False,1,,,283.0,4304.0,
FMOD,True,False,False,1,16.724735431677132,357.0,,,
FN1,True,False,False,1,18.91264988595392,226.0,,,
FN3K,True,False,False,1,8.358720361328007,4800.0,,,
FNDC1,True,False,False,1,11.90572022395088,1462.0,,,
FNDC4,True,False,False,1,11.071832177146462,1946.0,,,
FNDC5,True,False,False,1,11.59840867917176,1617.0,,,
FNTA,False,True,False,1,,,275.0,4533.0,
FOLR2,True,True,False,2,11.963737586521768,1431.0,365.0,2724.0,
FOS,True,False,False,1,12.067005911102171,1386.0,,,
FOSB,True,False,False,1,9.963655803552554,2774.0,,,
FOSL1,True,False,False,1,12.766351181651034,1115.0,,,
FOSL2,True,False,False,1,9.09467734623236,3731.0,,,
FOXC1,True,False,False,1,9.56626244767255,3176.0,,,
FOXC2,True,False,False,1,11.013733857767024,1978.0,,,
FOXD1,True,False,False,1,11.199620950160195,1872.0,,,
FOXF1,True,False,False,1,9.300316627332482,3454.0,,,
FOXF2,True,False,False,1,8.331064033073925,4857.0,,,
FOXJ1,False,True,False,1,,,359.0,2809.0,
FOXJ3,False,True,False,1,,,582.0,1015.0,
FOXK2,False,True,False,1,,,593.0,970.0,
FOXL1,True,False,False,1,9.25050763431523,3514.0,,,
FOXM1,True,False,False,1,10.468559088795448,2359.0,,,
FOXO4,True,False,False,1,10.17471293661016,2589.0,,,
FOXP4,True,False,False,1,9.064967006269256,3770.0,,,
FOXRED1,False,True,False,1,,,425.0,2056.0,
FOXS1,True,False,False,1,8.94526905419477,3937.0,,,
FPGS,True,True,False,2,9.142654583118002,3660.0,544.0,1197.0,
FPGT-TNNI3K,True,True,False,2,10.512078195465945,2330.0,266.0,4799.0,
FPR1,True,True,False,2,10.686335971033063,2190.0,327.0,3343.0,
FPR2,False,True,False,1,,,433.0,1968.0,
FPR3,True,False,False,1,9.016721773054952,3836.0,,,
FRAS1,True,False,False,1,15.230209408950538,563.0,,,
FREM1,True,True,False,2,19.66110489184652,198.0,492.0,1496.0,
FREM2,True,True,False,2,19.524848521855287,206.0,440.0,1909.0,
FRMD3,True,False,False,1,10.691217492559405,2184.0,,,
FRMD4B,True,False,False,1,8.942972483327354,3943.0,,,
FRMD5,True,False,False,1,10.990277812579812,1995.0,,,
FRMD6,True,True,False,2,10.807638374725794,2119.0,299.0,3907.0,
FRMPD4,True,False,False,1,8.979422748171455,3890.0,,,
FRS3,False,True,False,1,,,441.0,1901.0,
FRY,True,False,False,1,8.631166799856693,4361.0,,,
FRYL,False,True,False,1,,,357.0,2840.0,
FRZB,True,False,False,1,13.631890905693837,885.0,,,
FSCN1,True,False,False,1,16.248471328175263,406.0,,,
FSD1,True,False,False,1,8.967978401474044,3910.0,,,
FSD2,True,True,False,2,14.157356700582952,763.0,312.0,3623.0,
FSIP2,True,True,False,2,8.477869639875896,4618.0,284.0,4289.0,
FST,True,False,False,1,11.218775460393204,1862.0,,,
FSTL1,True,False,False,1,11.299828393640656,1807.0,,,
FSTL3,True,False,False,1,12.317189561072176,1283.0,,,
FTCD,True,False,False,1,8.762545492283524,4182.0,,,
FTL,True,False,False,1,9.00972054951536,3842.0,,,
FTSJ1,False,True,False,1,,,327.0,3332.0,
FUBP3,False,True,False,1,,,291.0,4108.0,
FURIN,True,False,False,1,10.326515469809303,2459.0,,,
FUT7,False,True,False,1,,,388.0,2445.0,
FUT9,False,True,False,1,,,300.0,3885.0,
FXR2,True,True,False,2,10.821131806568232,2108.0,402.0,2282.0,
FXYD1,True,False,False,1,18.289897829472483,247.0,,,
FXYD5,True,False,False,1,10.965178232392551,2016.0,,,
FXYD6,True,False,False,1,21.92493502003503,123.0,,,
FYB1,True,True,False,2,15.742691550905878,483.0,368.0,2687.0,
FYB2,True,False,False,1,8.402516969704646,4726.0,,,
FYCO1,True,False,False,1,9.157272685127843,3647.0,,,
FYTTD1,False,True,False,1,,,274.0,4553.0,
FZD1,True,False,False,1,10.577580530995473,2278.0,,,
FZD2,True,False,False,1,8.567558233568013,4470.0,,,
FZD3,False,True,False,1,,,355.0,2873.0,
FZD4,True,False,False,1,9.96773656215882,2770.0,,,
FZD6,True,False,False,1,8.816270032325535,4099.0,,,
FZD7,True,False,False,1,12.140392068749406,1351.0,,,
FZD8,True,False,False,1,9.804311083282846,2923.0,,,
FZR1,True,True,False,2,9.82730652590162,2890.0,483.0,1560.0,
G0S2,True,False,False,1,12.14429808042613,1348.0,,,
G6PC1,False,True,False,1,,,302.0,3838.0,
G6PD,True,False,False,1,11.477035208963567,1685.0,,,
GAA,True,False,False,1,8.976218904727187,3896.0,,,
GAB1,False,True,False,1,,,300.0,3873.0,
GABBR1,True,False,False,1,12.467738826664869,1216.0,,,
GABBR2,True,False,False,1,11.383360697011051,1748.0,,,
GABRA4,True,False,False,1,14.306952310714536,723.0,,,
GABRB2,False,True,False,1,,,280.0,4383.0,
GABRE,True,False,False,1,12.384407037474208,1250.0,,,
GABRG1,False,True,False,1,,,447.0,1841.0,
GABRG2,False,True,False,1,,,870.0,424.0,
GADD45G,True,False,False,1,9.345152770493334,3406.0,,,
GAK,True,True,False,2,8.672302802959402,4306.0,570.0,1071.0,
GALNT13,True,False,False,1,8.458314475843167,4649.0,,,
GALNT15,True,False,False,1,9.888802222644486,2827.0,,,
GALNT16,True,False,False,1,8.931212685702224,3957.0,,,
GALNT17,True,True,False,2,15.66883927549942,495.0,345.0,3035.0,
GALNT18,True,False,False,1,10.84847349935436,2090.0,,,
GALNT2,True,False,False,1,9.471388559315498,3280.0,,,
GALNT4,True,False,False,1,8.483713492232845,4598.0,,,
GALNT5,True,False,False,1,11.75798011163474,1525.0,,,
GALNT6,True,False,False,1,8.866576625461732,4046.0,,,
GALNTL5,False,True,False,1,,,293.0,4062.0,
GALR1,False,True,False,1,,,432.0,1981.0,
GANAB,True,True,False,2,14.198184838245496,753.0,411.0,2188.0,
GAP43,True,False,False,1,8.851494657037607,4063.0,,,
GAPDH,True,False,False,1,8.6759972081891,4302.0,,,
GAPT,False,True,False,1,,,504.0,1430.0,
GAPVD1,False,True,False,1,,,688.0,709.0,
GARIN6,False,True,False,1,,,717.0,631.0,
GARNL3,False,True,False,1,,,623.0,868.0,
GARRE1,True,False,False,1,9.488644656831688,3265.0,,,
GAS1,True,False,False,1,11.415451953583547,1730.0,,,
GAS2L1,True,False,False,1,9.430797567022656,3321.0,,,
GAS6,True,False,False,1,13.586643707684065,896.0,,,
GAS7,True,False,False,1,16.373020517192124,393.0,,,
GASK1B,True,False,False,1,10.992954908425244,1993.0,,,
GATA2,True,False,False,1,10.100009123620485,2642.0,,,
GATA3,True,False,False,1,9.08984677715224,3740.0,,,
GATA4,True,False,False,1,20.266804717063376,174.0,,,
GATA5,True,False,False,1,12.326707024573372,1277.0,,,
GATA6,True,False,False,1,12.376371075649416,1254.0,,,
GATAD2B,True,False,False,1,12.440499963914675,1227.0,,,
GATD3,False,True,False,1,,,366.0,2711.0,
GATM,True,True,False,2,13.134616925992198,1014.0,269.0,4694.0,
GBA,True,False,False,1,9.30155143335823,3452.0,,,
GBA2,False,True,False,1,,,339.0,3113.0,
GBA3,False,True,False,1,,,407.0,2232.0,
GBF1,False,True,False,1,,,445.0,1856.0,
GBP1,True,False,False,1,9.585308510666207,3157.0,,,
GBP2,True,False,False,1,9.88134313856492,2833.0,,,
GBP3,True,False,False,1,9.95746059382585,2777.0,,,
GBP4,True,False,False,1,8.403728806007107,4725.0,,,
GBP5,True,False,False,1,9.667433803693983,3068.0,,,
GCAT,True,False,False,1,8.314819418936754,4880.0,,,
GCGR,False,True,False,1,,,267.0,4747.0,
GCM2,False,True,False,1,,,293.0,4066.0,
GCN1,False,True,False,1,,,403.0,2272.0,
GCNT2,True,False,False,1,13.536824020762122,901.0,,,
GCOM1,True,False,False,1,12.541167389275929,1193.0,,,
GDAP2,False,True,False,1,,,275.0,4536.0,
GDF15,True,False,False,1,14.414598537173331,706.0,,,
GDF2,True,False,False,1,8.373739992357068,4771.0,,,
GDF6,True,False,False,1,11.550147851481372,1645.0,,,
GDF7,True,False,False,1,8.530960924138398,4526.0,,,
GDI1,True,False,False,1,10.686292629299416,2191.0,,,
GDPD5,True,False,False,1,9.297111828673904,3459.0,,,
GEM,True,False,False,1,11.724884331046734,1547.0,,,
GEMIN5,False,True,False,1,,,308.0,3690.0,
GET3,True,True,False,2,9.785410750207843,2941.0,279.0,4423.0,
GFPT2,True,False,False,1,11.557776480747505,1643.0,,,
GFRA1,True,False,False,1,13.436953195894876,931.0,,,
GFUS,True,False,False,1,8.282561304713811,4924.0,,,
GGA1,False,True,False,1,,,853.0,442.0,
GGA3,False,True,False,1,,,583.0,1012.0,
GGT5,True,False,False,1,9.772920274689568,2955.0,,,
GGT7,True,True,False,2,12.22751693997244,1318.0,371.0,2641.0,
GGTA1,True,False,False,1,12.607312587713777,1166.0,,,
GHR,True,False,False,1,8.34043261507953,4839.0,,,
GID8,False,True,False,1,,,301.0,3852.0,
GIGYF1,True,True,False,2,9.01141826408916,3840.0,411.0,2191.0,
GIMAP1,True,False,False,1,14.121896424708217,769.0,,,
GIMAP1-GIMAP5,True,False,False,1,8.316951439105939,4875.0,,,
GIMAP2,True,False,False,1,10.540894010962754,2301.0,,,
GIMAP4,True,False,False,1,20.946195647573504,148.0,,,
GIMAP5,True,False,False,1,14.975507710663743,602.0,,,
GIMAP6,True,False,False,1,21.710477112178893,127.0,,,
GIMAP7,True,False,False,1,18.19683022032082,253.0,,,
GIMAP8,True,False,False,1,18.28295861940293,249.0,,,
GIPC1,True,True,False,2,10.82263011756766,2105.0,372.0,2629.0,
GIPC2,True,False,False,1,8.535672726743785,4519.0,,,
GIT1,True,False,False,1,11.048778786146572,1960.0,,,
GIT2,False,True,False,1,,,297.0,3959.0,
GJA1,True,False,False,1,14.408445018204269,708.0,,,
GJA10,False,True,False,1,,,449.0,1827.0,
GJA3,True,False,False,1,18.178249552155783,255.0,,,
GJA4,True,False,False,1,13.444674617225042,929.0,,,
GJA5,True,False,False,1,16.070224546392392,434.0,,,
GK5,False,True,False,1,,,280.0,4386.0,
GLB1L3,False,True,False,1,,,332.0,3231.0,
GLDN,True,False,False,1,9.69920327365438,3032.0,,,
GLI2,True,False,False,1,9.671554552719506,3063.0,,,
GLI4,True,False,False,1,8.324245697194145,4865.0,,,
GLIPR1,True,False,False,1,9.847402350625206,2869.0,,,
GLIS2,True,False,False,1,13.31797190993263,963.0,,,
GLIS3,False,True,False,1,,,281.0,4340.0,
GLOD4,False,True,False,1,,,315.0,3561.0,
GLP1R,True,True,False,2,12.312842082298047,1286.0,310.0,3655.0,
GLRB,True,False,False,1,8.884835046843675,4023.0,,,
GLRX3,False,True,False,1,,,348.0,2982.0,
GLT1D1,True,False,False,1,10.120466049779012,2631.0,,,
GLT8D1,False,True,False,1,,,509.0,1392.0,
GLYR1,False,True,False,1,,,432.0,1979.0,
GMEB2,True,True,False,2,8.949606304073951,3931.0,896.0,396.0,
GMFG,True,False,False,1,10.007329401655054,2729.0,,,
GMIP,True,True,False,2,9.597695097362298,3145.0,269.0,4684.0,
GMPPA,False,True,False,1,,,340.0,3104.0,
GMPS,False,True,False,1,,,314.0,3581.0,
GNA11,True,False,False,1,9.048699298019796,3783.0,,,
GNAI2,True,False,False,1,8.5228554631829,4540.0,,,
GNAL,False,True,False,1,,,312.0,3619.0,
GNAO1,True,False,False,1,11.276836907619648,1826.0,,,
GNAS,False,False,True,1,,,,,hsa05414
GNAT1,False,True,False,1,,,370.0,2661.0,
GNB2,True,True,False,2,12.447839413645587,1224.0,472.0,1640.0,
GNE,False,True,False,1,,,266.0,4781.0,
GNG11,True,False,False,1,9.754260855345205,2975.0,,,
GNG12,True,False,False,1,11.893954281294668,1471.0,,,
GNG2,True,False,False,1,10.223099751681753,2544.0,,,
GNG7,True,False,False,1,9.274620399904483,3492.0,,,
GNL1,True,False,False,1,11.47613561771851,1686.0,,,
GNLY,True,False,False,1,8.473918599226645,4625.0,,,
GOLGA5,False,True,False,1,,,349.0,2961.0,
GOLGA8A,True,False,False,1,8.946657910785584,3934.0,,,
GON7,True,False,False,1,10.164725706131646,2598.0,,,
GORASP1,False,True,False,1,,,322.0,3427.0,
GORASP2,False,True,False,1,,,283.0,4302.0,
GOT1,True,False,False,1,8.520490794791248,4542.0,,,
GOT2,True,False,False,1,9.144240557151456,3659.0,,,
GP1BB,True,False,False,1,11.200467549851844,1871.0,,,
GPAA1,True,True,False,2,9.166255320312814,3635.0,356.0,2864.0,
GPAT3,True,False,False,1,11.89400547862476,1470.0,,,
GPAT4,False,True,False,1,,,403.0,2274.0,
GPATCH2L,False,True,False,1,,,497.0,1464.0,
GPC1,True,False,False,1,16.416273718608384,383.0,,,
GPC3,True,False,False,1,13.032148357500636,1050.0,,,
GPC4,True,False,False,1,13.984283009992716,807.0,,,
GPC6,True,False,False,1,15.290897613005818,549.0,,,
GPD1,True,False,False,1,11.311955694072203,1798.0,,,
GPD1L,True,False,False,1,11.335704885169024,1774.0,,,
GPI,True,False,False,1,12.07981344693186,1381.0,,,
GPIHBP1,True,False,False,1,10.251399763222404,2520.0,,,
GPM6A,True,False,False,1,8.722215923480986,4236.0,,,
GPM6B,True,False,False,1,8.296917968165909,4906.0,,,
GPN1,False,True,False,1,,,279.0,4424.0,
GPN2,False,True,False,1,,,503.0,1437.0,
GPNMB,True,False,False,1,16.736924806460628,356.0,,,
GPR107,True,True,False,2,8.726942648876207,4234.0,973.0,326.0,
GPR137,True,False,False,1,8.478949623314818,4615.0,,,
GPR146,True,False,False,1,8.317753254077902,4873.0,,,
GPR17,True,False,False,1,11.780139128350676,1516.0,,,
GPR176,True,True,False,2,12.53248509753018,1199.0,307.0,3722.0,
GPR183,True,False,False,1,10.064053617972627,2676.0,,,
GPR22,True,False,False,1,13.277555836220124,973.0,,,
GPR26,False,True,False,1,,,375.0,2595.0,
GPR27,True,False,False,1,10.127309199996908,2625.0,,,
GPR34,True,True,False,2,9.452833343401116,3298.0,265.0,4814.0,
GPR37,True,False,False,1,11.931650733871557,1449.0,,,
GPR39,True,False,False,1,10.00571870536273,2730.0,,,
GPR4,True,False,False,1,11.544411397461916,1649.0,,,
GPR52,False,True,False,1,,,571.0,1065.0,
GPRASP1,False,True,False,1,,,271.0,4652.0,
GPRASP2,True,True,False,2,8.577601102691968,4447.0,268.0,4717.0,
GPRC5A,True,False,False,1,8.568465367779686,4467.0,,,
GPRC5B,True,False,False,1,9.619930037711566,3117.0,,,
GPRC5C,True,False,False,1,10.722318636563513,2168.0,,,
GPRIN1,True,False,False,1,8.932683127675276,3954.0,,,
GPRIN2,False,True,False,1,,,693.0,695.0,
GPRIN3,True,False,False,1,14.088314286090696,777.0,,,
GPS1,True,True,False,2,8.65033912709606,4333.0,413.0,2172.0,
GPSM1,True,False,False,1,12.170216924280943,1338.0,,,
GPSM3,True,False,False,1,10.69915638718632,2178.0,,,
GPT,True,False,False,1,10.000649301693374,2739.0,,,
GPX2,False,True,False,1,,,264.0,4843.0,
GPX3,True,False,False,1,13.415896626929989,939.0,,,
GPX8,True,False,False,1,10.667755732758632,2210.0,,,
GRAMD1A,True,True,False,2,10.365833597495492,2423.0,281.0,4338.0,
GRAMD1B,True,False,False,1,8.296987371420418,4905.0,,,
GRAMD4,True,True,False,2,9.985199178425738,2752.0,357.0,2839.0,
GRAP,True,False,False,1,11.098063661562662,1935.0,,,
GRAP2,True,False,False,1,10.08556292391651,2652.0,,,
GRB10,True,False,False,1,8.38612051621223,4746.0,,,
GREB1,True,True,False,2,9.163056469924513,3639.0,340.0,3106.0,
GREB1L,True,False,False,1,8.731372104351713,4227.0,,,
GREM1,True,False,False,1,22.961316553105185,107.0,,,
GREM2,True,False,False,1,9.63207961976353,3098.0,,,
GREP1,False,True,False,1,,,390.0,2424.0,
GRHL2,False,True,False,1,,,367.0,2696.0,
GRIA3,True,False,False,1,9.458229277320893,3293.0,,,
GRID1,True,True,False,2,11.088432817046398,1938.0,484.0,1550.0,
GRID2IP,False,True,False,1,,,302.0,3844.0,
GRIK5,True,False,False,1,10.09189478175375,2645.0,,,
GRIN2A,True,False,False,1,8.781083032545647,4150.0,,,
GRIN2B,False,True,False,1,,,274.0,4566.0,
GRINA,True,True,False,2,14.9095271265502,611.0,288.0,4186.0,
GRIP1,True,False,False,1,8.687766925277254,4277.0,,,
GRIP2,True,False,False,1,10.50330954715484,2337.0,,,
GRK2,True,False,False,1,9.32816404696871,3425.0,,,
GRM4,False,True,False,1,,,335.0,3178.0,
GRM5,False,True,False,1,,,312.0,3622.0,
GRN,True,False,False,1,10.405581675960017,2403.0,,,
GRSF1,False,True,False,1,,,300.0,3876.0,
GSDMD,True,False,False,1,9.577759839357585,3162.0,,,
GSK3A,True,True,False,2,9.120210206813978,3695.0,312.0,3615.0,
GSK3B,False,True,False,1,,,512.0,1367.0,
GSN,True,False,False,1,12.006517638177222,1412.0,,,
GSS,False,True,False,1,,,388.0,2441.0,
GSTM1,True,False,False,1,13.417631428561409,938.0,,,
GSTT2B,True,False,False,1,10.203995834019535,2561.0,,,
GTF2A1,False,True,False,1,,,291.0,4113.0,
GTF2F1,False,True,False,1,,,293.0,4067.0,
GTF2H1,False,True,False,1,,,307.0,3713.0,
GTF2H3,False,True,False,1,,,304.0,3784.0,
GTF2H4,True,False,False,1,8.63923997347906,4351.0,,,
GTF3C1,True,True,False,2,8.487653379748595,4592.0,482.0,1566.0,
GTF3C2,False,True,False,1,,,529.0,1255.0,
GTF3C3,False,True,False,1,,,343.0,3059.0,
GTF3C4,False,True,False,1,,,572.0,1060.0,
GTF3C5,False,True,False,1,,,753.0,562.0,
GTPBP1,True,True,False,2,8.352941436220345,4813.0,382.0,2513.0,
GTPBP10,False,True,False,1,,,308.0,3692.0,
GTPBP2,True,False,False,1,8.406188012089977,4720.0,,,
GUCY1A1,True,False,False,1,24.955997265210065,75.0,,,
GUCY1A2,True,False,False,1,11.591767028433198,1620.0,,,
GUCY1B1,True,False,False,1,11.051451035107547,1958.0,,,
GUF1,False,True,False,1,,,363.0,2747.0,
GVQW3,False,True,False,1,,,629.0,853.0,
GYG2,True,False,False,1,12.307445385807426,1289.0,,,
GYPC,True,False,False,1,11.355166877015892,1767.0,,,
GYS1,True,False,False,1,10.96363556594604,2017.0,,,
GZMB,False,True,False,1,,,346.0,3015.0,
GZMH,False,True,False,1,,,355.0,2870.0,
H1-10,True,False,False,1,10.281727808662296,2492.0,,,
H1-3,True,False,False,1,11.608051558740996,1609.0,,,
H1-4,True,False,False,1,15.714816564797331,486.0,,,
H1-5,True,False,False,1,12.354019142036176,1265.0,,,
H2AC11,True,False,False,1,9.125982450739372,3684.0,,,
H2AC12,True,False,False,1,8.33773829103618,4845.0,,,
H2AC13,True,False,False,1,9.11428425709837,3701.0,,,
H2AC14,True,False,False,1,8.705538070217516,4255.0,,,
H2AC17,True,False,False,1,8.742447593077745,4207.0,,,
H2AC18,True,False,False,1,13.986172004647496,805.0,,,
H2AC19,True,False,False,1,14.0932043228287,775.0,,,
H2AC20,True,False,False,1,12.342449970947948,1272.0,,,
H2AC21,True,False,False,1,9.384476866567692,3364.0,,,
H2AC7,True,False,False,1,9.68172830920861,3052.0,,,
H2AC8,True,False,False,1,8.903324873053862,3999.0,,,
H2AX,True,False,False,1,9.74921061322115,2979.0,,,
H2BC10,True,False,False,1,8.354185833496453,4811.0,,,
H2BC12,True,False,False,1,10.355557317927683,2434.0,,,
H2BC18,True,False,False,1,10.424102493665153,2391.0,,,
H2BC21,True,False,False,1,11.003828646298144,1987.0,,,
H2BC4,True,False,False,1,8.533283024825256,4523.0,,,
H2BC8,True,False,False,1,9.064401102442554,3772.0,,,
H3C10,True,False,False,1,8.558414785818123,4488.0,,,
H3C11,True,False,False,1,8.293843755225407,4910.0,,,
H3C14,True,False,False,1,8.43602895110496,4671.0,,,
H3C2,True,False,False,1,10.56657402398441,2286.0,,,
H3C4,True,False,False,1,9.072610430760031,3761.0,,,
H4C12,True,False,False,1,10.036502311213862,2701.0,,,
H4C2,True,False,False,1,11.757860501908842,1527.0,,,
H4C3,True,False,False,1,16.975519100239712,334.0,,,
H4C4,True,False,False,1,11.794871528153887,1510.0,,,
H4C5,True,False,False,1,12.671880176842077,1151.0,,,
H4C6,True,False,False,1,9.443268742934766,3307.0,,,
HABP2,True,False,False,1,8.392778730297737,4738.0,,,
HAND1,True,False,False,1,18.789900662405746,230.0,,,
HAND2,True,False,False,1,15.899671856683565,458.0,,,
HAO1,False,True,False,1,,,321.0,3447.0,
HAO2,False,True,False,1,,,482.0,1567.0,
HAPLN1,True,False,False,1,17.497067525497243,297.0,,,
HAPLN3,True,False,False,1,9.169746863201029,3624.0,,,
HARS1,False,True,False,1,,,526.0,1276.0,
HARS2,False,True,False,1,,,464.0,1688.0,
HAS2,True,False,False,1,13.420609994843153,937.0,,,
HAUS2,False,True,False,1,,,297.0,3958.0,
HAUS3,False,True,False,1,,,289.0,4157.0,
HAUS6,False,True,False,1,,,307.0,3719.0,
HBA1,True,False,False,1,19.86504577495086,189.0,,,
HBA2,True,False,False,1,23.1429220422436,104.0,,,
HBB,True,False,False,1,25.53477260636763,69.0,,,
HBEGF,True,False,False,1,10.10971466847091,2637.0,,,
HBS1L,False,True,False,1,,,357.0,2842.0,
HCFC1,True,False,False,1,9.263845612716716,3502.0,,,
HCK,True,True,False,2,14.301351020189548,725.0,716.0,633.0,
HCLS1,True,False,False,1,16.342118738294218,399.0,,,
HCN2,True,False,False,1,9.203853311661051,3581.0,,,
HCN4,True,True,False,2,21.434602106473953,137.0,372.0,2632.0,
HDAC10,True,False,False,1,9.101493044493916,3719.0,,,
HDAC11,True,True,False,2,8.498528822931156,4578.0,317.0,3518.0,
HDAC3,False,True,False,1,,,411.0,2192.0,
HDAC5,True,False,False,1,9.215403316566087,3567.0,,,
HDAC6,False,True,False,1,,,454.0,1779.0,
HDAC7,True,True,False,2,10.187931487008113,2576.0,287.0,4204.0,
HDAC8,False,True,False,1,,,336.0,3164.0,
HDHD5,True,False,False,1,8.457326385730493,4651.0,,,
HDLBP,False,True,False,1,,,283.0,4301.0,
HEATR4,False,True,False,1,,,371.0,2649.0,
HEATR5B,False,True,False,1,,,388.0,2440.0,
HECTD1,False,True,False,1,,,676.0,730.0,
HECTD3,True,True,False,2,9.313538589423429,3439.0,309.0,3672.0,
HECTD4,False,True,False,1,,,351.0,2939.0,
HEG1,True,False,False,1,9.669715247556894,3064.0,,,
HELT,False,True,False,1,,,299.0,3917.0,
HELZ,False,True,False,1,,,281.0,4358.0,
HELZ2,True,False,False,1,10.896040292356634,2063.0,,,
HEMK1,False,True,False,1,,,280.0,4378.0,
HEPH,True,False,False,1,16.2099523684434,411.0,,,
HERC2,True,False,False,1,8.306302262222127,4891.0,,,
HERC6,True,False,False,1,8.443568793851668,4668.0,,,
HES4,True,False,False,1,9.04466338157113,3790.0,,,
HEY2,True,False,False,1,11.237040996998008,1851.0,,,
HEYL,True,False,False,1,13.111815702512173,1021.0,,,
HGF,True,False,False,1,11.93547255731597,1442.0,,,
HGS,False,True,False,1,,,322.0,3436.0,
HHATL,True,True,False,2,23.72292151173832,89.0,350.0,2949.0,
HHEX,True,False,False,1,13.041478795749216,1047.0,,,
HHIP,True,False,False,1,16.802638366699163,349.0,,,
HID1,True,False,False,1,10.92851564231608,2037.0,,,
HIF3A,True,False,False,1,10.852105319409626,2087.0,,,
HIP1R,True,False,False,1,11.512874254272267,1660.0,,,
HIPK1,False,True,False,1,,,279.0,4416.0,
HIRA,True,True,False,2,10.982504677333448,2002.0,414.0,2160.0,
HJURP,True,False,False,1,9.902227062184014,2817.0,,,
HJV,True,False,False,1,12.966426355610766,1067.0,,,
HK1,True,False,False,1,8.765149019638788,4180.0,,,
HK3,True,True,False,2,11.114178006031269,1925.0,699.0,675.0,
HLA-A,True,False,False,1,27.063299982796337,55.0,,,
HLA-B,True,False,False,1,17.560575592664016,292.0,,,
HLA-C,True,False,False,1,21.681916642764207,128.0,,,
HLA-DMB,True,False,False,1,8.520136094765643,4544.0,,,
HLA-DPA1,True,False,False,1,16.19735497477303,415.0,,,
HLA-DPB1,True,False,False,1,10.086381978245049,2651.0,,,
HLA-DQA1,True,False,False,1,8.332284864603114,4854.0,,,
HLA-DQB1,True,False,False,1,11.64660347712945,1580.0,,,
HLA-DRA,True,False,False,1,14.258554646592067,737.0,,,
HLA-DRB1,True,False,False,1,13.773302918893975,853.0,,,
HLA-DRB5,True,False,False,1,9.23480726120096,3538.0,,,
HLA-E,True,False,False,1,24.646349222014944,78.0,,,
HLA-F,True,False,False,1,10.431980951138824,2382.0,,,
HLF,True,True,False,2,12.546888670667332,1189.0,431.0,1990.0,
HMCN1,True,False,False,1,12.416009468471632,1238.0,,,
HMCN2,True,True,False,2,11.11029845960077,1930.0,389.0,2430.0,
HMG20A,False,True,False,1,,,311.0,3644.0,
HMG20B,True,False,False,1,8.69821432165711,4265.0,,,
HMGA1,True,False,False,1,15.5496736949871,512.0,,,
HMGA2,True,False,False,1,13.493131293083186,917.0,,,
HMGB4,False,True,False,1,,,287.0,4219.0,
HMGCLL1,True,True,False,2,12.222942113632229,1322.0,343.0,3060.0,
HMGCS2,True,False,False,1,11.86690485118032,1483.0,,,
HMGXB3,True,True,False,2,8.63902662932877,4352.0,603.0,936.0,
HMMR,True,False,False,1,9.330343003938742,3421.0,,,
HMOX1,True,False,False,1,14.481707106777971,699.0,,,
HNF4A,False,True,False,1,,,285.0,4255.0,
HNRNPUL1,False,True,False,1,,,266.0,4773.0,
HNRNPUL2-BSCL2,True,False,False,1,16.547455818459245,372.0,,,
HOMER3,True,False,False,1,9.845524541085272,2871.0,,,
HOOK1,True,True,False,2,10.927467926784711,2040.0,303.0,3808.0,
HOPX,True,False,False,1,10.714217574739422,2171.0,,,
HOXB3,True,False,False,1,9.043134639252091,3793.0,,,
HOXB4,True,False,False,1,8.931518617314724,3956.0,,,
HOXB6,True,False,False,1,8.440593778237352,4669.0,,,
HP,True,False,False,1,11.409821989938834,1732.0,,,
HPGD,True,False,False,1,8.958520271213375,3920.0,,,
HPN,True,False,False,1,9.266764383689832,3499.0,,,
HPR,True,False,False,1,13.196026296074372,1000.0,,,
HPS6,True,True,False,2,9.003844475389524,3848.0,338.0,3142.0,
HPX,False,True,False,1,,,263.0,4870.0,
HR,True,False,False,1,9.095327170903737,3730.0,,,
HRAS,True,False,False,1,9.474185867800646,3279.0,,,
HRC,True,True,False,2,27.43447555768269,52.0,394.0,2370.0,
HRG,False,True,False,1,,,461.0,1708.0,
HRH1,True,False,False,1,9.114294387405588,3700.0,,,
HRH2,True,False,False,1,17.877418660292964,274.0,,,
HRH3,False,True,False,1,,,306.0,3737.0,
HS3ST3A1,True,False,False,1,9.709016151781745,3017.0,,,
HS6ST1,True,False,False,1,9.569531293141472,3171.0,,,
HS6ST2,True,False,False,1,9.455368871190108,3295.0,,,
HSD11B1,True,False,False,1,11.696481236914057,1562.0,,,
HSF1,True,True,False,2,9.355900126795598,3392.0,285.0,4270.0,
HSF4,True,False,False,1,8.994009697092675,3866.0,,,
HSPA12A,False,True,False,1,,,404.0,2261.0,
HSPA12B,True,False,False,1,11.026599866768226,1970.0,,,
HSPA1A,True,False,False,1,23.416322361003527,99.0,,,
HSPA1B,True,False,False,1,20.440292730409617,167.0,,,
HSPA6,True,False,False,1,10.005356679390054,2732.0,,,
HSPB1,True,False,False,1,11.150226578154424,1904.0,,,
HSPB2,True,False,False,1,17.830991107080916,277.0,,,
HSPB3,True,False,False,1,25.639044045248703,65.0,,,
HSPB6,True,False,False,1,21.554210314966884,132.0,,,
HSPB7,True,False,False,1,36.6072761552965,17.0,,,
HSPB8,True,False,False,1,16.002120452182236,441.0,,,
HSPE1-MOB4,True,False,False,1,10.123941653751524,2629.0,,,
HSPG2,True,False,False,1,24.91777832295634,77.0,,,
HTN1,False,True,False,1,,,1459.0,94.0,
HTR1B,True,False,False,1,10.490650790659036,2348.0,,,
HTR3B,False,True,False,1,,,752.0,565.0,
HTR5A,False,True,False,1,,,696.0,686.0,
HTRA1,True,False,False,1,11.250707086267688,1842.0,,,
HTRA3,True,False,False,1,13.463674533641624,926.0,,,
HTT,True,True,False,2,8.301604390351269,4900.0,499.0,1454.0,
HUNK,True,True,False,2,8.613333590927525,4393.0,611.0,908.0,
HYAL1,True,False,False,1,9.746689303262144,2985.0,,,
HYAL2,True,False,False,1,11.27805710176202,1825.0,,,
HYDIN,False,True,False,1,,,303.0,3828.0,
HYOU1,True,False,False,1,14.49236661624113,694.0,,,
IARS2,False,True,False,1,,,297.0,3951.0,
IBTK,False,True,False,1,,,478.0,1599.0,
ICA1,True,False,False,1,13.000927699473843,1060.0,,,
ICAM1,True,False,False,1,14.983380663825674,600.0,,,
ICAM2,True,False,False,1,14.297828801321328,727.0,,,
ICE2,False,True,False,1,,,404.0,2259.0,
ICOS,False,True,False,1,,,347.0,2995.0,
ID1,True,False,False,1,12.018726809193383,1405.0,,,
ID4,True,False,False,1,13.591337418138536,894.0,,,
IDE,False,True,False,1,,,505.0,1423.0,
IDH2,True,False,False,1,9.031413930474784,3808.0,,,
IDUA,True,False,False,1,9.27187127329066,3496.0,,,
IER2,True,False,False,1,8.824663367282476,4087.0,,,
IER3,True,False,False,1,19.19368406772249,218.0,,,
IFFO2,True,False,False,1,9.475416552528824,3276.0,,,
IFI27,True,False,False,1,11.438986362165124,1714.0,,,
IFI30,True,False,False,1,9.95429181516128,2782.0,,,
IFI44,True,False,False,1,11.675232968706323,1573.0,,,
IFI44L,True,False,False,1,10.612220195252965,2248.0,,,
IFI6,True,False,False,1,9.569065177530042,3172.0,,,
IFIH1,True,False,False,1,9.696735429055872,3036.0,,,
IFITM1,True,False,False,1,12.026837627883609,1403.0,,,
IFNAR2,False,True,False,1,,,426.0,2046.0,
IFNGR2,True,False,False,1,11.48297897798402,1681.0,,,
IFNK,False,True,False,1,,,1508.0,82.0,
IFNLR1,True,True,False,2,11.50447410380962,1667.0,328.0,3313.0,
IFRD2,True,False,False,1,8.859254490907713,4055.0,,,
IFT140,True,True,False,2,8.528396420736488,4533.0,365.0,2725.0,
IFT172,False,True,False,1,,,351.0,2937.0,
IGDCC3,True,True,False,2,10.645573161590798,2226.0,347.0,2997.0,
IGDCC4,True,False,False,1,11.589591654514871,1624.0,,,
IGF1,True,False,True,2,15.47242843878083,521.0,,,both
IGF2,True,False,False,1,20.003055239132305,183.0,,,
IGF2BP1,True,False,False,1,16.89499126101248,342.0,,,
IGF2BP3,True,False,False,1,13.09256544362549,1028.0,,,
IGFBP2,True,False,False,1,15.499183905841234,518.0,,,
IGFBP3,True,False,False,1,14.07813042060292,782.0,,,
IGFBP4,True,False,False,1,16.128467194525733,426.0,,,
IGFBP5,True,False,False,1,17.962803431110505,270.0,,,
IGFBP6,True,False,False,1,12.12187479777446,1362.0,,,
IGFBP7,True,False,False,1,11.404571119873005,1734.0,,,
IGFL4,True,False,False,1,8.562449227637796,4477.0,,,
IGLON5,False,True,False,1,,,377.0,2574.0,
IGSF1,True,False,False,1,10.070379953143432,2669.0,,,
IGSF10,True,False,False,1,9.95153661821992,2785.0,,,
IGSF11,False,True,False,1,,,313.0,3603.0,
IGSF3,True,False,False,1,15.00177766392387,594.0,,,
IGSF5,False,True,False,1,,,356.0,2862.0,
IGSF8,True,False,False,1,9.78104982879287,2944.0,,,
IGSF9,True,True,False,2,10.286247358941212,2485.0,335.0,3173.0,
IGSF9B,True,True,False,2,17.976661954244776,269.0,386.0,2465.0,
IKBKB,False,True,False,1,,,509.0,1393.0,
IKBKG,False,True,False,1,,,280.0,4398.0,
IKZF1,True,True,False,2,12.624329050839997,1162.0,600.0,950.0,
IKZF3,False,True,False,1,,,320.0,3464.0,
IL10RA,True,True,False,2,15.295396098177983,547.0,594.0,967.0,
IL11,True,False,False,1,9.091408171228164,3737.0,,,
IL11RA,True,True,False,2,8.816409135570648,4098.0,338.0,3136.0,
IL13RA2,True,False,False,1,9.486564585952456,3266.0,,,
IL15RA,True,False,False,1,9.30044567106663,3453.0,,,
IL16,True,False,False,1,11.11050148965838,1929.0,,,
IL17RA,False,True,False,1,,,300.0,3886.0,
IL17RC,True,False,False,1,9.874606499542782,2841.0,,,
IL17RD,True,False,False,1,9.949669270404542,2786.0,,,
IL18R1,True,False,False,1,9.446769028818332,3301.0,,,
IL18RAP,False,True,False,1,,,278.0,4441.0,
IL1A,True,False,False,1,11.040932818283482,1964.0,,,
IL1B,True,False,False,1,16.343712813458286,398.0,,,
IL1R1,True,False,False,1,12.18408269465198,1333.0,,,
IL1RL1,True,False,False,1,13.599888898150828,893.0,,,
IL1RN,True,False,False,1,8.973005937578098,3904.0,,,
IL2RG,True,True,False,2,8.852228453761295,4061.0,538.0,1221.0,
IL32,True,False,False,1,11.497018801826462,1671.0,,,
IL33,True,False,False,1,14.122943731141811,768.0,,,
IL4R,True,True,False,2,10.680115311742428,2193.0,365.0,2720.0,
IL5,False,True,False,1,,,342.0,3070.0,
IL6,True,False,True,2,15.464543080395307,523.0,,,hsa05410
IL6ST,True,False,False,1,8.77598700924001,4162.0,,,
IL7R,True,False,False,1,11.108187919964507,1933.0,,,
ILDR2,True,True,False,2,12.226982172310596,1320.0,647.0,804.0,
ILF3,False,True,False,1,,,429.0,2007.0,
ILK,True,False,False,1,9.3024282539775,3451.0,,,
ILRUN,False,True,False,1,,,335.0,3186.0,
ILVBL,True,False,False,1,8.758264250868242,4192.0,,,
IMPDH1,True,True,False,2,10.776230968136195,2134.0,277.0,4468.0,
INA,True,False,False,1,8.56121063033579,4481.0,,,
INCENP,True,False,False,1,9.088516480714006,3742.0,,,
INF2,True,False,False,1,10.313147731380006,2466.0,,,
ING5,False,True,False,1,,,283.0,4307.0,
INHBA,True,False,False,1,12.50232498395106,1209.0,,,
INHBB,True,False,False,1,8.877730039716516,4028.0,,,
INHBC,False,True,False,1,,,318.0,3497.0,
INIP,False,True,False,1,,,313.0,3604.0,
INMT,True,False,False,1,9.509330816571044,3241.0,,,
INO80,False,True,False,1,,,440.0,1908.0,
INO80B-WBP1,True,False,False,1,9.027689547094004,3814.0,,,
INO80E,True,False,False,1,9.776167394592337,2953.0,,,
INPP5A,True,False,False,1,8.796165074953105,4124.0,,,
INPP5D,True,False,False,1,9.779651695008807,2947.0,,,
INPP5E,False,True,False,1,,,448.0,1830.0,
INPP5J,True,True,False,2,11.38257796932564,1749.0,330.0,3274.0,
INPPL1,True,True,False,2,11.58172182386076,1628.0,360.0,2793.0,
INSYN1,True,False,False,1,8.51563373608223,4549.0,,,
INSYN2B,True,False,False,1,11.631901893449054,1593.0,,,
INTS1,True,True,False,2,13.105653423304258,1024.0,688.0,708.0,
INTS10,False,True,False,1,,,545.0,1193.0,
INTS11,False,True,False,1,,,406.0,2237.0,
INTS14,False,True,False,1,,,319.0,3478.0,
INTS15,False,True,False,1,,,321.0,3450.0,
INTS2,False,True,False,1,,,433.0,1965.0,
INTS3,True,False,False,1,8.379063004284284,4759.0,,,
INTS5,True,True,False,2,8.380138425968298,4756.0,336.0,3167.0,
INTS8,False,True,False,1,,,423.0,2078.0,
INTU,False,True,False,1,,,333.0,3218.0,
IP6K1,False,True,False,1,,,522.0,1303.0,
IP6K3,True,False,False,1,12.053853557601698,1389.0,,,
IPCEF1,True,False,False,1,8.499792995783572,4574.0,,,
IPO13,True,False,False,1,8.527068894379257,4535.0,,,
IPO8,False,True,False,1,,,488.0,1521.0,
IPPK,True,False,False,1,8.525296610068724,4538.0,,,
IQCM,False,True,False,1,,,294.0,4047.0,
IQGAP2,True,False,False,1,9.100114916735702,3722.0,,,
IQGAP3,True,False,False,1,11.36051814376942,1762.0,,,
IRAG1,True,False,False,1,9.372810425561491,3378.0,,,
IRAG2,True,False,False,1,9.593972351889132,3151.0,,,
IRAK1,True,True,False,2,9.57005598364144,3170.0,325.0,3378.0,
IRAK3,True,False,False,1,9.840335573014674,2878.0,,,
IREB2,False,True,False,1,,,277.0,4473.0,
IRF2BP1,True,True,False,2,11.80389799459332,1507.0,414.0,2164.0,
IRF3,False,True,False,1,,,367.0,2698.0,
IRF5,False,True,False,1,,,267.0,4735.0,
IRF6,True,False,False,1,10.921376465435662,2045.0,,,
IRF7,True,False,False,1,9.211847995275605,3573.0,,,
IRF8,True,False,False,1,11.933008714756632,1448.0,,,
IRS1,True,False,False,1,10.713216082508485,2172.0,,,
IRS4,False,True,False,1,,,329.0,3292.0,
IRX2,True,False,False,1,10.074311358359358,2663.0,,,
IRX3,True,False,False,1,12.180596819277016,1335.0,,,
IRX4,True,False,False,1,15.426421234369307,535.0,,,
IRX5,True,False,False,1,8.894387946750795,4013.0,,,
IRX6,True,False,False,1,8.612005941733623,4394.0,,,
ISL1,True,False,False,1,9.28397012374986,3480.0,,,
ISLR,True,False,False,1,15.612061267714084,502.0,,,
ISOC2,True,False,False,1,9.387976117494237,3359.0,,,
ISY1-RAB43,True,False,False,1,14.016399591450709,792.0,,,
ISYNA1,True,False,False,1,8.69361541022094,4269.0,,,
ITCH,False,True,False,1,,,498.0,1459.0,
ITGA1,True,False,True,2,8.394583515582896,4732.0,,,both
ITGA10,True,False,True,2,10.770811174227354,2139.0,,,both
ITGA11,True,False,True,2,11.778948626364649,1517.0,,,both
ITGA2,True,True,True,3,12.395843082006504,1245.0,317.0,3519.0,both
ITGA2B,False,False,True,1,,,,,both
ITGA3,True,False,True,2,13.779019691338137,852.0,,,both
ITGA4,True,False,True,2,12.280615758616367,1298.0,,,both
ITGA5,True,False,True,2,14.878143002535856,627.0,,,both
ITGA6,True,False,True,2,10.652995362960208,2219.0,,,both
ITGA7,True,True,True,3,14.200228259474516,752.0,294.0,4039.0,both
ITGA8,True,False,True,2,12.917022979347914,1081.0,,,both
ITGA9,True,True,True,3,16.874689241818324,343.0,290.0,4133.0,both
ITGAL,False,True,False,1,,,457.0,1746.0,
ITGAM,True,True,False,2,14.544145897477671,687.0,657.0,781.0,
ITGAV,True,False,True,2,10.164222250869129,2600.0,,,both
ITGAX,True,False,False,1,8.395297408399362,4731.0,,,
ITGB1,False,False,True,1,,,,,both
ITGB1BP2,True,True,False,2,16.174631054573503,420.0,295.0,4015.0,
ITGB2,True,True,False,2,16.12394110765409,428.0,474.0,1624.0,
ITGB3,True,False,True,2,11.491422172663102,1677.0,,,both
ITGB4,True,False,True,2,11.16567681815897,1893.0,,,both
ITGB5,False,False,True,1,,,,,both
ITGB6,False,False,True,1,,,,,both
ITGB7,False,False,True,1,,,,,both
ITGB8,False,False,True,1,,,,,both
ITGBL1,True,False,False,1,20.453652584399435,165.0,,,
ITIH1,False,True,False,1,,,366.0,2710.0,
ITIH3,True,False,False,1,9.281500437473673,3485.0,,,
ITIH4,True,False,False,1,9.032804129403967,3807.0,,,
ITIH5,True,False,False,1,9.30860223142929,3445.0,,,
ITK,False,True,False,1,,,512.0,1368.0,
ITLN1,True,False,False,1,9.52717674846484,3221.0,,,
ITM2A,True,False,False,1,13.066781361538112,1036.0,,,
ITM2C,True,False,False,1,11.908820162824746,1459.0,,,
ITPK1,True,False,False,1,9.97548428026064,2760.0,,,
ITPKB,True,False,False,1,9.180415172585729,3609.0,,,
ITPKC,True,False,False,1,9.6054113443115,3133.0,,,
ITPR3,True,False,False,1,14.885094936359804,624.0,,,
IVD,False,True,False,1,,,279.0,4407.0,
IYD,False,True,False,1,,,519.0,1320.0,
JAG2,True,False,False,1,11.868422089629169,1482.0,,,
JAML,True,True,False,2,13.02561639971914,1052.0,398.0,2328.0,
JCAD,True,False,False,1,10.348656493708498,2442.0,,,
JCHAIN,True,False,False,1,11.124102153821998,1921.0,,,
JOSD1,False,True,False,1,,,414.0,2161.0,
JPH1,True,False,False,1,15.638533137059095,498.0,,,
JPH2,True,False,False,1,17.748269794415368,279.0,,,
JPH3,True,False,False,1,10.17653232308576,2585.0,,,
JRK,False,True,False,1,,,305.0,3771.0,
JSRP1,True,False,False,1,11.874152442272928,1481.0,,,
JUNB,True,False,False,1,12.814414468511028,1100.0,,,
JUP,True,False,False,1,14.401541547242346,711.0,,,
KALRN,True,False,False,1,10.057464619512166,2685.0,,,
KANK2,True,False,False,1,8.805753765024463,4109.0,,,
KANK3,True,False,False,1,10.503153460786416,2338.0,,,
KANK4,True,False,False,1,8.337510196314788,4847.0,,,
KANSL1,True,False,False,1,9.645712779127246,3088.0,,,
KANSL1L,False,True,False,1,,,319.0,3479.0,
KANSL3,False,True,False,1,,,361.0,2777.0,
KANTR,False,True,False,1,,,496.0,1474.0,
KAT2A,True,True,False,2,10.707925399534094,2176.0,273.0,4574.0,
KAT5,True,False,False,1,10.289164939048584,2483.0,,,
KAT8,False,True,False,1,,,425.0,2055.0,
KATNIP,False,True,False,1,,,594.0,966.0,
KAZALD1,True,False,False,1,8.413426487511607,4712.0,,,
KBTBD11,True,False,False,1,11.493185054765677,1675.0,,,
KBTBD12,True,True,False,2,11.081622920094537,1939.0,390.0,2419.0,
KBTBD13,True,True,False,2,8.647288149152189,4336.0,315.0,3568.0,
KCMF1,False,True,False,1,,,308.0,3701.0,
KCNA2,False,True,False,1,,,354.0,2895.0,
KCNA3,True,False,False,1,8.759056560631427,4190.0,,,
KCNA4,True,False,False,1,10.51656081393164,2323.0,,,
KCNA5,True,False,False,1,12.56936541261859,1183.0,,,
KCNC1,False,True,False,1,,,627.0,857.0,
KCNC2,False,True,False,1,,,447.0,1842.0,
KCNC3,True,False,False,1,8.992905809123346,3870.0,,,
KCND3,True,False,False,1,10.671603419992248,2207.0,,,
KCNH2,True,True,False,2,19.822581263689266,193.0,503.0,1436.0,
KCNH7,True,False,False,1,10.0120567982589,2724.0,,,
KCNIP2,True,False,False,1,12.494297518067004,1210.0,,,
KCNJ10,False,True,False,1,,,328.0,3311.0,
KCNJ11,True,False,False,1,9.019674500109256,3832.0,,,
KCNJ12,True,False,False,1,8.411762522231196,4715.0,,,
KCNJ3,True,False,False,1,9.854701144202377,2862.0,,,
KCNJ4,True,False,False,1,16.582567853519734,370.0,,,
KCNJ5,True,True,False,2,14.318612233533155,721.0,423.0,2076.0,
KCNJ8,True,False,False,1,14.243217658472334,747.0,,,
KCNJ9,False,True,False,1,,,526.0,1274.0,
KCNK1,True,False,False,1,9.073878785105912,3759.0,,,
KCNK12,False,True,False,1,,,465.0,1682.0,
KCNMA1,True,False,False,1,10.06360645091265,2678.0,,,
KCNN2,True,False,False,1,12.593853820249194,1171.0,,,
KCNQ1,True,False,False,1,17.411140282897904,304.0,,,
KCNQ2,False,True,False,1,,,395.0,2358.0,
KCNQ3,True,False,False,1,9.823915512401872,2895.0,,,
KCNQ5,True,False,False,1,11.24249917717756,1845.0,,,
KCNT1,True,True,False,2,8.371117216738053,4778.0,335.0,3175.0,
KCNT2,True,False,False,1,8.859009130570032,4056.0,,,
KCNV1,False,True,False,1,,,467.0,1665.0,
KCTD11,True,False,False,1,10.002570338220709,2736.0,,,
KCTD12,True,False,False,1,10.753834998370555,2151.0,,,
KCTD16,True,False,False,1,8.845971184266835,4070.0,,,
KCTD17,True,False,False,1,11.025417256643928,1972.0,,,
KCTD2,True,True,False,2,8.645319106301137,4341.0,384.0,2499.0,
KDELR2,False,True,False,1,,,304.0,3786.0,
KDELR3,True,False,False,1,8.912078666507345,3986.0,,,
KDM1A,False,True,False,1,,,271.0,4636.0,
KDM2A,False,True,False,1,,,412.0,2181.0,
KDM3B,True,True,False,2,8.738159561151667,4215.0,384.0,2490.0,
KDM5C,False,True,False,1,,,489.0,1513.0,
KDM5D,True,False,False,1,18.359885892244037,242.0,,,
KDM6B,True,False,False,1,9.462829237155388,3290.0,,,
KDR,True,False,False,1,17.508949701062136,295.0,,,
KEAP1,True,True,False,2,8.282946462464027,4923.0,390.0,2416.0,
KEL,True,False,False,1,8.946457166352367,3935.0,,,
KHDC4,False,True,False,1,,,387.0,2454.0,
KHSRP,True,False,False,1,9.984714813981467,2753.0,,,
KIAA0040,True,False,False,1,9.747635066234064,2983.0,,,
KIAA0100,True,True,False,2,9.787599050112377,2938.0,497.0,1463.0,
KIAA0232,False,True,False,1,,,322.0,3435.0,
KIAA0319L,False,True,False,1,,,466.0,1670.0,
KIAA0895,False,True,False,1,,,272.0,4610.0,
KIAA1109,False,True,False,1,,,370.0,2663.0,
KIAA1328,False,True,False,1,,,307.0,3720.0,
KIAA1522,True,False,False,1,10.675823511745753,2200.0,,,
KIAA1549L,True,False,False,1,13.150094633052149,1008.0,,,
KIAA1671,True,False,False,1,8.992802252697055,3872.0,,,
KIAA1755,True,False,False,1,9.626192549485758,3112.0,,,
KIAA1958,False,True,False,1,,,443.0,1877.0,
KIDINS220,False,True,False,1,,,285.0,4257.0,
KIF11,False,True,False,1,,,263.0,4877.0,
KIF14,True,False,False,1,9.341603285743144,3408.0,,,
KIF18B,True,False,False,1,9.303487043805667,3449.0,,,
KIF1A,True,True,False,2,21.48505966362899,135.0,394.0,2369.0,
KIF1C,True,False,False,1,9.242924611288991,3527.0,,,
KIF20A,True,False,False,1,12.98921716442078,1063.0,,,
KIF21B,True,False,False,1,9.068928977692282,3768.0,,,
KIF26A,True,False,False,1,14.69225737091296,651.0,,,
KIF26B,True,False,False,1,13.93358474773664,817.0,,,
KIF2C,True,False,False,1,9.825631088455044,2891.0,,,
KIF4A,True,False,False,1,10.46767831151504,2361.0,,,
KIF5C,False,True,False,1,,,648.0,801.0,
KIF6,False,True,False,1,,,300.0,3881.0,
KIF7,True,False,False,1,8.851207983968719,4064.0,,,
KIFC1,True,False,False,1,13.262664965126914,983.0,,,
KIFC2,True,True,False,2,12.330014171882814,1276.0,382.0,2519.0,
KIFC3,True,False,False,1,9.708491990317947,3018.0,,,
KIRREL1,True,False,False,1,13.379489409086556,948.0,,,
KITLG,True,False,False,1,9.168738173675871,3626.0,,,
KLC2,True,False,False,1,10.101654399630512,2641.0,,,
KLC4,False,True,False,1,,,491.0,1503.0,
KLF13,True,False,False,1,17.500612487557355,296.0,,,
KLF15,True,False,False,1,10.064972267936971,2674.0,,,
KLF16,True,False,False,1,8.493681240735606,4586.0,,,
KLF18,False,True,False,1,,,570.0,1075.0,
KLF2,True,False,False,1,8.79587445009711,4126.0,,,
KLF4,True,False,False,1,11.248980371372388,1843.0,,,
KLF9,True,False,False,1,10.90384972417513,2057.0,,,
KLHDC10,False,True,False,1,,,592.0,978.0,
KLHDC3,True,True,False,2,10.157619164577092,2604.0,341.0,3085.0,
KLHDC4,False,True,False,1,,,410.0,2201.0,
KLHDC8B,True,False,False,1,10.059464179089202,2683.0,,,
KLHL12,False,True,False,1,,,435.0,1951.0,
KLHL13,True,False,False,1,10.949511496396902,2025.0,,,
KLHL17,True,True,False,2,8.406829483799623,4718.0,291.0,4114.0,
KLHL22,True,True,False,2,10.484844445671133,2353.0,586.0,996.0,
KLHL25,True,True,False,2,9.163137546999922,3638.0,555.0,1151.0,
KLHL29,True,False,False,1,8.82928799515494,4083.0,,,
KLHL3,True,False,False,1,9.529949681935491,3216.0,,,
KLHL30,True,False,False,1,13.292688612741827,968.0,,,
KLHL31,True,False,False,1,21.28404418455692,142.0,,,
KLHL38,True,False,False,1,10.740940201865644,2160.0,,,
KLHL4,True,False,False,1,9.493773391559523,3258.0,,,
KLHL41,True,True,False,2,19.502056260223902,207.0,281.0,4366.0,
KLHL6,True,False,False,1,8.450656913605451,4658.0,,,
KLRD1,False,True,False,1,,,377.0,2573.0,
KLRK1,False,True,False,1,,,296.0,3999.0,
KMT2D,True,False,False,1,10.859355175957369,2082.0,,,
KMT5C,False,True,False,1,,,376.0,2581.0,
KNCN,False,True,False,1,,,327.0,3341.0,
KNG1,False,True,False,1,,,387.0,2453.0,
KNL1,True,False,False,1,9.159490310322708,3643.0,,,
KPNA1,False,True,False,1,,,680.0,725.0,
KRBA1,True,True,False,2,10.564468790928895,2289.0,459.0,1728.0,
KRBA2,False,True,False,1,,,302.0,3842.0,
KRIT1,False,True,False,1,,,357.0,2837.0,
KRT18,True,False,False,1,14.793081157288166,635.0,,,
KRT19,True,False,False,1,16.97092820711544,335.0,,,
KRT7,True,False,False,1,20.174608092524224,180.0,,,
KRT78,False,True,False,1,,,420.0,2111.0,
KRT8,True,False,False,1,13.693077950837507,870.0,,,
KRT80,True,False,False,1,8.339605208048397,4843.0,,,
KRT82,False,True,False,1,,,686.0,711.0,
KRT84,False,True,False,1,,,638.0,828.0,
KSR1,True,False,False,1,9.666717993042784,3069.0,,,
KXD1,False,True,False,1,,,436.0,1942.0,
KY,True,False,False,1,10.431323830751133,2385.0,,,
L1CAM,True,False,False,1,10.877437468015168,2074.0,,,
L3MBTL1,False,True,False,1,,,924.0,369.0,
L3MBTL2,False,True,False,1,,,352.0,2925.0,
L3MBTL4,True,True,False,2,8.862856828189067,4050.0,270.0,4671.0,
LAD1,True,False,False,1,11.22632199222893,1855.0,,,
LAMA1,True,False,True,2,11.711262366408045,1556.0,,,both
LAMA2,True,False,True,2,15.68293513105012,489.0,,,both
LAMA3,True,False,False,1,9.05507090394619,3778.0,,,
LAMA4,True,False,False,1,13.817414024618484,845.0,,,
LAMA5,True,False,False,1,12.586527643868106,1174.0,,,
LAMB1,True,False,False,1,11.809803076315667,1503.0,,,
LAMB2,True,False,False,1,14.657658923944211,660.0,,,
LAMB3,True,False,False,1,9.347503064017785,3403.0,,,
LAMC1,True,False,False,1,11.481482391136842,1682.0,,,
LAMC2,True,False,False,1,8.691139760986832,4272.0,,,
LAPTM4B,True,False,False,1,10.177645182667264,2583.0,,,
LAPTM5,True,False,False,1,20.861938362846978,151.0,,,
LARGE1,True,True,False,2,9.814469698072733,2904.0,279.0,4409.0,
LARP1,False,True,False,1,,,338.0,3140.0,
LARP6,True,False,False,1,8.615078675345002,4390.0,,,
LARS1,False,True,False,1,,,338.0,3134.0,
LARS2,False,True,False,1,,,321.0,3445.0,
LASP1,True,True,False,2,9.547537831385323,3191.0,335.0,3171.0,
LAT2,False,True,False,1,,,477.0,1602.0,
LATS1,False,True,False,1,,,421.0,2098.0,
LAX1,False,True,False,1,,,288.0,4178.0,
LBH,True,False,False,1,10.908322010174448,2049.0,,,
LCE1E,False,True,False,1,,,266.0,4787.0,
LCK,True,False,False,1,8.6028136909265,4405.0,,,
LCN12,False,True,False,1,,,412.0,2182.0,
LCNL1,True,False,False,1,8.450370507434222,4659.0,,,
LCP1,True,False,False,1,18.722502487807823,233.0,,,
LCP2,True,True,False,2,14.873613949414382,628.0,575.0,1048.0,
LDB2,True,False,False,1,12.303927808067996,1290.0,,,
LDB3,True,True,False,2,30.037910752674332,34.0,471.0,1643.0,
LDHD,True,False,False,1,11.755932731577095,1529.0,,,
LDLR,True,False,False,1,9.072872853150438,3760.0,,,
LDLRAD4,True,True,False,2,10.404931324349922,2404.0,362.0,2763.0,
LEF1,True,False,False,1,11.16034507530802,1897.0,,,
LEFTY2,True,False,False,1,11.060452187341369,1953.0,,,
LEMD2,False,True,False,1,,,287.0,4217.0,
LENG1,True,False,False,1,8.432196188060892,4676.0,,,
LENG8,True,False,False,1,18.049769103766828,263.0,,,
LFNG,True,False,False,1,9.491521357136223,3261.0,,,
LGALS1,True,False,False,1,12.858069271712155,1091.0,,,
LGALS3BP,True,False,False,1,13.860547190216735,836.0,,,
LGALS9,True,False,False,1,11.42535382555232,1722.0,,,
LGI2,True,False,False,1,13.922119366957842,821.0,,,
LGI4,True,False,False,1,11.470041331732622,1688.0,,,
LGR4,True,False,False,1,9.93450409648055,2795.0,,,
LGR5,True,False,False,1,8.573883833259003,4453.0,,,
LHFPL5,False,True,False,1,,,936.0,357.0,
LHX4,False,True,False,1,,,397.0,2333.0,
LHX6,True,False,False,1,9.044747371396076,3789.0,,,
LIF,True,False,False,1,13.866110993425822,834.0,,,
LIFR,True,False,False,1,10.610550077964367,2249.0,,,
LILRA5,False,True,False,1,,,449.0,1822.0,
LILRB5,False,True,False,1,,,292.0,4086.0,
LIMCH1,True,False,False,1,10.67341534315713,2204.0,,,
LIME1,True,False,False,1,8.330572461961355,4858.0,,,
LIMS2,True,False,False,1,12.386255778114592,1248.0,,,
LIN28A,True,False,False,1,9.843932836773924,2872.0,,,
LIN28B,True,False,False,1,10.520725907158852,2316.0,,,
LIN7A,True,False,False,1,9.232897632411648,3542.0,,,
LINC02218,False,True,False,1,,,294.0,4048.0,
LINGO1,True,False,False,1,9.440938383343802,3311.0,,,
LIPE,True,False,False,1,8.453081743555101,4656.0,,,
LIPG,True,False,False,1,10.259292703393244,2513.0,,,
LIPN,False,True,False,1,,,445.0,1861.0,
LIX1,True,False,False,1,10.168580508367178,2594.0,,,
LLGL1,True,True,False,2,11.072808640715357,1944.0,391.0,2410.0,
LLGL2,True,False,False,1,11.011985847400494,1979.0,,,
LMF2,True,True,False,2,11.153264836652692,1902.0,552.0,1167.0,
LMNA,True,False,True,2,9.5777372151553,3163.0,,,both
LMNB1,True,False,False,1,12.559652158890938,1186.0,,,
LMNB2,True,True,False,2,11.225775914111814,1856.0,273.0,4585.0,
LMO2,True,False,False,1,11.334306291665165,1775.0,,,
LMO7,True,False,False,1,10.032285862309518,2705.0,,,
LMOD1,True,False,False,1,14.882165926070876,625.0,,,
LMOD2,True,True,False,2,32.47982138634987,26.0,284.0,4287.0,
LMOD3,True,False,False,1,13.684132340498284,873.0,,,
LONP1,True,True,False,2,9.666463117912066,3071.0,347.0,2999.0,
LONRF2,True,True,False,2,10.90486048744926,2055.0,424.0,2066.0,
LONRF3,True,False,False,1,8.623204420815897,4377.0,,,
LOX,True,False,False,1,15.77217498222982,475.0,,,
LOXL1,True,False,False,1,13.736061192190556,863.0,,,
LOXL2,True,False,False,1,13.695930642307118,869.0,,,
LOXL3,True,False,False,1,8.670079892035849,4312.0,,,
LOXL4,True,False,False,1,11.28665953017807,1818.0,,,
LPA,False,True,False,1,,,528.0,1263.0,
LPAR1,True,False,False,1,13.45926924240425,927.0,,,
LPAR4,True,False,False,1,9.565593884565496,3178.0,,,
LPCAT1,True,False,False,1,11.789222305823602,1514.0,,,
LPCAT3,True,False,False,1,9.102702110267616,3716.0,,,
LPCAT4,True,False,False,1,8.41942411660381,4700.0,,,
LPL,True,False,False,1,28.129326570380226,48.0,,,
LRATD2,True,False,False,1,12.380299434784876,1251.0,,,
LRCH3,False,True,False,1,,,497.0,1466.0,
LRCH4,True,False,False,1,8.465103267164757,4639.0,,,
LRFN4,True,False,False,1,10.260211775341164,2512.0,,,
LRIG1,True,False,False,1,14.058611688109924,784.0,,,
LRIG2,False,True,False,1,,,387.0,2459.0,
LRIG3,True,False,False,1,10.135819834799715,2617.0,,,
LRP1,True,False,False,1,15.560190869277722,511.0,,,
LRP11,True,False,False,1,9.090124123673514,3739.0,,,
LRP1B,True,False,False,1,8.78414345335092,4146.0,,,
LRP2,True,False,False,1,9.835524013862496,2885.0,,,
LRP3,True,False,False,1,9.963976635210573,2773.0,,,
LRP4,True,False,False,1,10.016165861052666,2718.0,,,
LRP5,True,False,False,1,13.426394195079132,933.0,,,
LRP6,False,True,False,1,,,264.0,4863.0,
LRPPRC,False,True,False,1,,,337.0,3153.0,
LRRC10,True,True,False,2,20.584522880932703,160.0,430.0,2000.0,
LRRC14,True,True,False,2,8.485788791842472,4593.0,397.0,2335.0,
LRRC14B,True,True,False,2,13.070027006267818,1034.0,269.0,4697.0,
LRRC15,True,False,False,1,8.600702965633698,4410.0,,,
LRRC17,True,False,False,1,10.111273700858304,2635.0,,,
LRRC2,True,False,False,1,9.843380145594592,2874.0,,,
LRRC20,True,False,False,1,10.032835400018453,2704.0,,,
LRRC25,False,True,False,1,,,474.0,1627.0,
LRRC32,True,False,False,1,10.971060235803511,2011.0,,,
LRRC37A,True,False,False,1,10.33924599278638,2449.0,,,
LRRC37A3,True,False,False,1,8.308058345456041,4889.0,,,
LRRC39,True,False,False,1,12.350170510242371,1268.0,,,
LRRC4,True,False,False,1,8.525504199260656,4537.0,,,
LRRC45,True,False,False,1,8.749549743032128,4202.0,,,
LRRC4B,True,False,False,1,9.702043120786534,3027.0,,,
LRRC53,False,True,False,1,,,303.0,3809.0,
LRRC59,True,True,False,2,9.152595341002211,3654.0,364.0,2732.0,
LRRC61,True,False,False,1,9.798457439536357,2930.0,,,
LRRC70,False,True,False,1,,,270.0,4673.0,
LRRC8A,True,False,False,1,8.799751226475701,4118.0,,,
LRRC8C,True,False,False,1,8.366483018402656,4785.0,,,
LRRK2,True,False,False,1,9.507339694070692,3243.0,,,
LRRN1,True,False,False,1,11.62469262019982,1598.0,,,
LRRN2,True,False,False,1,8.474603941832287,4624.0,,,
LRRN4,True,True,False,2,11.793648559897791,1511.0,276.0,4498.0,
LRRTM1,False,True,False,1,,,280.0,4385.0,
LRRTM3,True,False,False,1,10.248234109398526,2521.0,,,
LRRTM4,False,True,False,1,,,271.0,4650.0,
LRTM2,False,True,False,1,,,561.0,1116.0,
LRWD1,True,True,False,2,8.921196886441898,3971.0,514.0,1356.0,
LSAMP,True,False,False,1,9.974678256494602,2761.0,,,
LSG1,False,True,False,1,,,305.0,3758.0,
LSM14B,True,False,False,1,8.470673933632757,4632.0,,,
LSMEM2,True,False,False,1,12.587286015020174,1173.0,,,
LSP1,True,False,False,1,12.955956228872626,1069.0,,,
LSS,True,False,False,1,17.8713098796327,275.0,,,
LTBP1,True,False,False,1,9.338676732530873,3410.0,,,
LTBP2,True,False,False,1,17.304341605890283,308.0,,,
LTBP3,True,False,False,1,9.74890153401418,2980.0,,,
LTBP4,True,False,False,1,13.065870348956068,1037.0,,,
LTBR,True,False,False,1,9.438328864848575,3315.0,,,
LTF,True,False,False,1,9.760963925855698,2969.0,,,
LTN1,False,True,False,1,,,345.0,3036.0,
LUM,True,False,False,1,22.988143541201584,106.0,,,
LY6E,True,False,False,1,11.078460638372988,1940.0,,,
LY75,True,False,False,1,10.846907426544968,2091.0,,,
LY75-CD302,True,False,False,1,10.659210257140415,2217.0,,,
LY86,False,True,False,1,,,583.0,1011.0,
LY96,True,False,False,1,11.15449489940019,1901.0,,,
LYL1,True,False,False,1,9.223178096025684,3550.0,,,
LYNX1,True,False,False,1,13.934275464522376,816.0,,,
LYPD1,True,False,False,1,10.645956170769868,2224.0,,,
LYPD6,True,False,False,1,10.677840529654926,2195.0,,,
LYPLA2,True,False,False,1,8.869434746858124,4038.0,,,
LYRM2,False,True,False,1,,,275.0,4523.0,
LYVE1,True,False,False,1,16.464102492265127,381.0,,,
LYZ,True,True,False,2,19.216760753101163,215.0,458.0,1736.0,
LZTR1,True,True,False,2,9.357458714555996,3390.0,1139.0,217.0,
LZTS1,True,False,False,1,8.978237812983709,3892.0,,,
LZTS2,True,False,False,1,8.839553219899994,4077.0,,,
LZTS3,True,False,False,1,8.381994694671697,4753.0,,,
MAB21L2,True,False,False,1,10.365487383278852,2424.0,,,
MAB21L3,False,True,False,1,,,339.0,3121.0,
MACROD1,True,False,False,1,8.920003135016623,3975.0,,,
MACROH2A2,False,True,False,1,,,361.0,2774.0,
MAD1L1,True,False,False,1,9.003038469854594,3850.0,,,
MADD,True,False,False,1,9.059859428136928,3774.0,,,
MAF,True,False,False,1,9.425886746388866,3330.0,,,
MAF1,True,False,False,1,9.247627640571237,3518.0,,,
MAFB,True,False,False,1,9.039131784083992,3800.0,,,
MAFK,True,False,False,1,12.595010089549342,1170.0,,,
MAGED1,True,False,False,1,8.481430712634774,4606.0,,,
MAGED4,True,False,False,1,14.60281456352168,672.0,,,
MAGED4B,True,False,False,1,9.445397564522947,3305.0,,,
MAGEL2,True,False,False,1,8.992812854656266,3871.0,,,
MAGI1,True,False,False,1,8.293587435275313,4911.0,,,
MAL2,True,False,False,1,10.054670303759927,2687.0,,,
MALL,True,False,False,1,12.09042480926747,1378.0,,,
MAMDC2,True,False,False,1,11.12689915298971,1919.0,,,
MAML1,True,False,False,1,11.898948250822151,1465.0,,,
MAN1B1,True,True,False,2,9.05015828380166,3781.0,369.0,2678.0,
MAN1C1,True,False,False,1,9.95905844153651,2776.0,,,
MAN2B1,True,True,False,2,11.385834582720111,1747.0,270.0,4667.0,
MAN2C1,True,True,False,2,10.629394162410073,2238.0,441.0,1902.0,
MAOA,True,False,False,1,11.108980830063537,1932.0,,,
MAOB,True,False,False,1,17.134077885287866,322.0,,,
MAP1A,True,False,False,1,9.09173294788905,3735.0,,,
MAP1B,True,False,False,1,9.541595480800815,3198.0,,,
MAP1LC3A,True,False,False,1,9.915826341252949,2812.0,,,
MAP1S,True,False,False,1,10.129410980557791,2622.0,,,
MAP2,True,False,False,1,9.429127446441122,3324.0,,,
MAP2K2,True,True,False,2,9.135351367453746,3669.0,464.0,1689.0,
MAP2K3,True,False,False,1,8.401210304895763,4728.0,,,
MAP3K10,True,True,False,2,9.46432758781529,3288.0,303.0,3807.0,
MAP3K11,True,True,False,2,8.950277377613698,3930.0,289.0,4154.0,
MAP3K14,True,False,False,1,9.275520253572063,3489.0,,,
MAP3K19,False,True,False,1,,,274.0,4559.0,
MAP3K4,False,True,False,1,,,277.0,4467.0,
MAP3K5,True,False,False,1,9.413982567547668,3340.0,,,
MAP3K6,True,False,False,1,9.708143064996886,3019.0,,,
MAP3K7,False,True,False,1,,,477.0,1604.0,
MAP3K7CL,True,False,False,1,9.405958671697048,3344.0,,,
MAP3K9,True,True,False,2,9.47929289604697,3271.0,434.0,1958.0,
MAP4,True,False,False,1,8.38174437609775,4754.0,,,
MAP4K1,False,True,False,1,,,292.0,4100.0,
MAP6,True,False,False,1,9.417438295214636,3338.0,,,
MAP7D1,True,False,False,1,9.539208008821436,3202.0,,,
MAP9,True,False,False,1,8.547071257236087,4502.0,,,
MAPK1,False,True,False,1,,,281.0,4339.0,
MAPK11,True,False,False,1,10.52142210742408,2315.0,,,
MAPK3,True,False,False,1,9.386044168196744,3362.0,,,
MAPK4,True,True,False,2,18.04893834567058,264.0,471.0,1645.0,
MAPK8,False,True,False,1,,,499.0,1452.0,
MAPK8IP1,True,False,False,1,9.286738372359808,3476.0,,,
MAPK8IP3,True,True,False,2,11.941169195476624,1439.0,558.0,1136.0,
MAPK9,False,True,False,1,,,374.0,2602.0,
MAPKAP1,False,True,False,1,,,477.0,1603.0,
MAPKAPK2,True,False,False,1,10.599850691968872,2259.0,,,
MAPKAPK3,True,False,False,1,10.234812781888406,2531.0,,,
MAPRE3,True,False,False,1,10.393881477827277,2409.0,,,
MARCHF11,True,True,False,2,9.87943638542551,2835.0,289.0,4155.0,
MARCHF4,True,False,False,1,14.45306789019005,702.0,,,
MARCHF8,True,False,False,1,10.626099279769884,2244.0,,,
MARCKSL1,True,False,False,1,10.63606090354512,2231.0,,,
MARCO,True,False,False,1,10.58594182999255,2275.0,,,
MARK2,True,False,False,1,8.453867676494866,4654.0,,,
MARK3,False,True,False,1,,,276.0,4494.0,
MARVELD1,True,False,False,1,11.329283575549992,1791.0,,,
MASP1,True,False,False,1,16.95231067851125,339.0,,,
MAST2,True,True,False,2,11.165082954779557,1894.0,422.0,2081.0,
MATN2,True,False,False,1,11.959266888855888,1433.0,,,
MAU2,False,True,False,1,,,515.0,1341.0,
MAZ,True,False,False,1,14.779230541179114,637.0,,,
MB,True,False,False,1,38.29776281537418,14.0,,,
MBD1,False,True,False,1,,,956.0,340.0,
MBD3,False,True,False,1,,,321.0,3446.0,
MBD6,True,False,False,1,12.10593989784167,1368.0,,,
MBL2,False,True,False,1,,,343.0,3061.0,
MBNL3,True,False,False,1,8.908249581635623,3993.0,,,
MBOAT7,True,False,False,1,12.813971998858124,1101.0,,,
MBP,True,False,False,1,10.169131175804855,2593.0,,,
MBTPS1,False,True,False,1,,,463.0,1695.0,
MCAM,True,False,False,1,14.669373615571718,657.0,,,
MCCC1,False,True,False,1,,,368.0,2685.0,
MCCC2,False,True,False,1,,,330.0,3267.0,
MCF2L,True,True,False,2,13.422355615959836,935.0,415.0,2150.0,
MCM2,True,False,False,1,13.017527798119175,1055.0,,,
MCM3AP,True,True,False,2,8.410458753166068,4716.0,530.0,1250.0,
MCM5,True,False,False,1,8.406732739999155,4719.0,,,
MCM9,False,True,False,1,,,288.0,4177.0,
MCRIP2,True,False,False,1,8.393553867049816,4736.0,,,
MCTP1,True,False,False,1,9.429372881578429,3323.0,,,
MCTP2,True,False,False,1,8.303926535091026,4897.0,,,
MDFI,True,False,False,1,13.272454635203356,977.0,,,
MDGA1,True,False,False,1,8.377851336416256,4762.0,,,
MDH1,True,False,False,1,8.51434123031247,4552.0,,,
MDK,True,False,False,1,13.73650669747444,862.0,,,
MDN1,True,False,False,1,8.905229836865814,3998.0,,,
ME3,True,False,False,1,9.347824166534766,3402.0,,,
MECP2,False,True,False,1,,,384.0,2496.0,
MED12,False,True,False,1,,,276.0,4506.0,
MED13,False,True,False,1,,,466.0,1667.0,
MED14,False,True,False,1,,,262.0,4908.0,
MED15,True,True,False,2,8.61112325346622,4396.0,381.0,2523.0,
MED16,True,False,False,1,9.199494851106676,3587.0,,,
MED22,False,True,False,1,,,300.0,3898.0,
MED23,False,True,False,1,,,399.0,2317.0,
MED24,True,True,False,2,11.217896078871377,1863.0,658.0,779.0,
MED25,True,True,False,2,8.586354302329974,4432.0,354.0,2891.0,
MEDAG,True,False,False,1,14.57133086453885,679.0,,,
MEF2D,True,False,False,1,8.636064291472824,4356.0,,,
MEFV,False,True,False,1,,,329.0,3290.0,
MEGF10,True,False,False,1,8.286783606347074,4917.0,,,
MEGF11,False,True,False,1,,,295.0,4019.0,
MEGF6,True,False,False,1,11.205925456851466,1869.0,,,
MEGF8,True,True,False,2,10.669519394897128,2209.0,335.0,3174.0,
MEIS3,True,True,False,2,10.29513058261502,2479.0,295.0,4010.0,
MELK,True,False,False,1,10.223437137100994,2543.0,,,
MEN1,True,True,False,2,8.905258523468575,3997.0,290.0,4132.0,
MEOX1,True,False,False,1,10.057185653378475,2686.0,,,
MEOX2,True,False,False,1,11.015459756116783,1976.0,,,
MEPCE,True,False,False,1,8.852934383886797,4060.0,,,
MERTK,True,False,False,1,9.469295230102796,3281.0,,,
MEST,True,False,False,1,10.385033698496436,2416.0,,,
MET,True,False,False,1,11.223138826233727,1859.0,,,
METTL14,False,True,False,1,,,398.0,2327.0,
METTL25B,False,True,False,1,,,276.0,4499.0,
METTL3,False,True,False,1,,,415.0,2155.0,
METTL6,False,True,False,1,,,316.0,3537.0,
METTL9,True,False,False,1,13.298761319178832,966.0,,,
MEX3A,True,False,False,1,11.91560854511742,1455.0,,,
MEX3D,True,False,False,1,9.047622301070705,3787.0,,,
MFAP2,True,False,False,1,13.642736780461286,884.0,,,
MFAP3,False,True,False,1,,,427.0,2033.0,
MFAP3L,True,False,False,1,8.476968462668982,4619.0,,,
MFAP4,True,False,False,1,19.024895964897485,223.0,,,
MFAP5,True,False,False,1,18.08886783252906,259.0,,,
MFGE8,True,False,False,1,14.278463185614976,732.0,,,
MFHAS1,True,False,False,1,8.464783228193099,4641.0,,,
MFN1,False,True,False,1,,,537.0,1227.0,
MFN2,True,False,False,1,8.41383336664172,4709.0,,,
MFNG,True,False,False,1,17.456563926830903,302.0,,,
MFSD10,True,False,False,1,9.889220819678933,2826.0,,,
MFSD12,True,False,False,1,8.9995650963823,3856.0,,,
MFSD3,True,False,False,1,8.421797214519499,4693.0,,,
MFSD4B,False,True,False,1,,,455.0,1771.0,
MFSD8,False,True,False,1,,,426.0,2047.0,
MGA,False,True,False,1,,,384.0,2497.0,
MGAM,True,False,False,1,9.01968467985647,3831.0,,,
MGARP,True,False,False,1,9.631083362940329,3101.0,,,
MGAT1,True,True,False,2,8.299138803187452,4902.0,336.0,3162.0,
MGAT2,True,False,False,1,15.015819611217236,592.0,,,
MGAT3,True,False,False,1,12.506954239977658,1207.0,,,
MGAT4A,True,False,False,1,12.782455711450712,1111.0,,,
MGAT4B,True,False,False,1,11.563654298381072,1635.0,,,
MGAT4C,True,False,False,1,13.480277353668832,921.0,,,
MGAT4D,False,True,False,1,,,564.0,1104.0,
MGAT5,True,False,False,1,9.395288677337437,3353.0,,,
MGLL,True,False,False,1,10.059054948041467,2684.0,,,
MGP,True,False,False,1,18.222044812287567,252.0,,,
MGRN1,True,True,False,2,9.194015906113012,3593.0,428.0,2022.0,
MIB2,True,False,False,1,10.08872958386286,2646.0,,,
MICA,True,False,False,1,8.383013820606312,4750.0,,,
MICAL1,True,False,False,1,11.02355105652593,1973.0,,,
MICAL2,True,False,False,1,9.381085298324942,3370.0,,,
MICAL3,True,True,False,2,9.781957375284106,2943.0,300.0,3893.0,
MICALL1,True,True,False,2,8.586665120752482,4431.0,262.0,4894.0,
MICALL2,True,False,False,1,8.941161891361883,3945.0,,,
MICB,True,False,False,1,9.099931026249015,3723.0,,,
MIDN,True,False,False,1,9.055281097021576,3777.0,,,
MIEF1,False,True,False,1,,,369.0,2676.0,
MIER2,True,True,False,2,8.586906808694458,4429.0,287.0,4209.0,
MIER3,False,True,False,1,,,288.0,4181.0,
MIF,True,False,False,1,9.888456066206077,2828.0,,,
MINK1,True,False,False,1,11.84464160286856,1490.0,,,
MKI67,True,False,False,1,15.671998575472166,494.0,,,
MKLN1,False,True,False,1,,,394.0,2368.0,
MLC1,True,False,False,1,9.20207260305311,3584.0,,,
MLH1,False,True,False,1,,,346.0,3014.0,
MLIP,True,False,False,1,22.443495942388505,119.0,,,
MLKL,True,True,False,2,8.448022294574189,4661.0,399.0,2318.0,
MLLT1,True,False,False,1,8.970572563856782,3906.0,,,
MLLT6,True,False,False,1,11.207884479999018,1865.0,,,
MLPH,True,False,False,1,9.46900025154223,3282.0,,,
MLXIP,True,False,False,1,11.59071162937142,1622.0,,,
MMD2,False,True,False,1,,,674.0,735.0,
MME,True,False,False,1,11.526670975802178,1654.0,,,
MMP1,True,False,False,1,28.493844348046427,44.0,,,
MMP10,True,False,False,1,10.76128475545183,2146.0,,,
MMP11,True,False,False,1,10.007544376545658,2728.0,,,
MMP14,True,False,False,1,19.827751124334185,192.0,,,
MMP15,True,False,False,1,18.543389156530136,238.0,,,
MMP16,True,False,False,1,9.293338816545017,3463.0,,,
MMP17,True,False,False,1,9.72338331131472,3003.0,,,
MMP19,True,False,False,1,8.731954048572785,4226.0,,,
MMP2,True,False,False,1,20.364681073255788,172.0,,,
MMP23B,True,False,False,1,9.711778547878534,3011.0,,,
MMP9,True,False,False,1,10.255358155614465,2517.0,,,
MMRN1,True,False,False,1,23.681985155507455,91.0,,,
MMRN2,True,True,False,2,14.806796103819014,633.0,285.0,4261.0,
MMS19,False,True,False,1,,,556.0,1144.0,
MN1,True,False,False,1,9.3771966023366,3374.0,,,
MNDA,True,True,False,2,15.188329433950932,569.0,584.0,1005.0,
MOAP1,True,False,False,1,11.96001753634874,1432.0,,,
MOGAT2,False,True,False,1,,,376.0,2584.0,
MOGS,True,True,False,2,10.022911901046143,2715.0,577.0,1040.0,
MON2,False,True,False,1,,,604.0,932.0,
MORN1,False,True,False,1,,,391.0,2406.0,
MOXD1,True,False,False,1,10.227585864372625,2540.0,,,
MPDU1,True,True,False,2,9.353979615724644,3396.0,265.0,4807.0,
MPDZ,True,False,False,1,10.196939378154878,2565.0,,,
MPEG1,True,True,False,2,16.985459306736548,333.0,555.0,1153.0,
MPG,True,False,False,1,9.08925516101034,3741.0,,,
MPP2,True,False,False,1,9.726289757972909,2999.0,,,
MPP3,True,False,False,1,8.369853265960018,4781.0,,,
MPP7,True,False,False,1,8.763395449604959,4181.0,,,
MPPED2,True,True,False,2,13.11004616908862,1022.0,358.0,2823.0,
MPZL2,True,True,False,2,13.15450988288812,1007.0,265.0,4812.0,
MR1,False,True,False,1,,,314.0,3579.0,
MRAS,True,False,False,1,9.842001064056811,2875.0,,,
MRC1,True,False,False,1,16.001777065056586,442.0,,,
MRC2,True,False,False,1,14.419617512638222,705.0,,,
MRGPRF,True,False,False,1,11.605489463577928,1613.0,,,
MRM1,True,False,False,1,8.741007235827494,4211.0,,,
MROH1,True,False,False,1,9.042872565766116,3794.0,,,
MROH5,False,True,False,1,,,410.0,2206.0,
MROH7,True,True,False,2,12.104690737775368,1370.0,724.0,613.0,
MROH7-TTC4,True,True,False,2,14.542423819852312,688.0,385.0,2485.0,
MRPL12,True,False,False,1,9.603636509644602,3134.0,,,
MRPL38,True,False,False,1,8.965729900382625,3913.0,,,
MRPL45,True,False,False,1,12.644071659888017,1159.0,,,
MRPS18B,True,False,False,1,10.971730335097115,2010.0,,,
MRPS22,False,True,False,1,,,286.0,4237.0,
MRRF,False,True,False,1,,,272.0,4605.0,
MRTFA,True,True,False,2,9.233093851254496,3540.0,288.0,4188.0,
MS4A1,False,True,False,1,,,459.0,1730.0,
MS4A14,False,True,False,1,,,477.0,1607.0,
MS4A4A,True,True,False,2,9.27742894664621,3487.0,343.0,3056.0,
MS4A6A,True,True,False,2,14.986793739547425,598.0,340.0,3100.0,
MS4A7,True,True,False,2,13.56692028588724,900.0,375.0,2596.0,
MSANTD1,False,True,False,1,,,265.0,4818.0,
MSC,True,False,False,1,14.365137202116475,716.0,,,
MSH6,False,True,False,1,,,271.0,4642.0,
MSI1,True,False,False,1,10.177308829714775,2584.0,,,
MSN,True,False,False,1,8.393855872800964,4734.0,,,
MSR1,True,False,False,1,8.504476383401268,4566.0,,,
MST1,True,True,False,2,8.334493897115157,4850.0,364.0,2737.0,
MT-ATP6,True,False,False,1,9.632517614793372,3096.0,,,
MT-ATP8,True,False,False,1,15.735804689675966,485.0,,,
MT-CO1,True,False,False,1,8.387845799032261,4744.0,,,
MT-CO2,True,False,False,1,8.514427010248246,4551.0,,,
MT-ND1,True,False,False,1,9.422279763624005,3332.0,,,
MT-ND2,True,False,False,1,8.842987795788021,4073.0,,,
MT-ND3,True,False,False,1,9.24731197467663,3520.0,,,
MT-ND4,True,False,False,1,9.491083201490124,3262.0,,,
MT-ND4L,True,False,False,1,9.27764833399129,3486.0,,,
MT-ND5,True,False,False,1,9.15381150992467,3652.0,,,
MT-ND6,True,False,False,1,9.982325963841804,2754.0,,,
MT1E,True,False,False,1,10.338585233779854,2450.0,,,
MT1X,True,False,False,1,8.788397603963062,4137.0,,,
MT2A,True,False,False,1,16.605444677449004,369.0,,,
MTA1,True,False,False,1,9.699862530535787,3030.0,,,
MTA2,True,False,False,1,8.65555874508607,4328.0,,,
MTAP,False,True,False,1,,,285.0,4254.0,
MTCL1,True,False,False,1,9.862523997066145,2855.0,,,
MTERF2,False,True,False,1,,,353.0,2910.0,
MTG2,False,True,False,1,,,304.0,3782.0,
MTHFD1L,True,False,False,1,8.423204665057016,4691.0,,,
MTM1,False,True,False,1,,,283.0,4308.0,
MTMR10,True,False,False,1,8.56584117217965,4475.0,,,
MTMR14,False,True,False,1,,,319.0,3482.0,
MTMR4,False,True,False,1,,,342.0,3069.0,
MTMR9,True,False,False,1,9.8920301651215,2824.0,,,
MTNR1A,False,True,False,1,,,576.0,1043.0,
MTOR,False,True,False,1,,,555.0,1154.0,
MTREX,False,True,False,1,,,597.0,957.0,
MTSS2,True,False,False,1,14.40708593129028,709.0,,,
MTTP,True,False,False,1,8.732181371571032,4222.0,,,
MTUS1,True,False,False,1,13.273787861741264,975.0,,,
MTUS2,True,True,False,2,21.316794789211297,141.0,468.0,1660.0,
MTX3,False,True,False,1,,,281.0,4356.0,
MUC17,False,True,False,1,,,396.0,2348.0,
MUC3A,True,False,False,1,10.026507282439487,2711.0,,,
MUC6,True,False,False,1,8.522482660325743,4541.0,,,
MUSTN1,True,False,False,1,10.111576857950428,2634.0,,,
MVB12B,True,False,False,1,8.362038754974714,4795.0,,,
MVD,True,False,False,1,8.914485536795366,3981.0,,,
MVP,True,False,False,1,10.28720327359649,2484.0,,,
MX1,True,False,False,1,9.387326890536372,3360.0,,,
MXRA5,True,False,False,1,18.143940858467403,257.0,,,
MXRA7,True,False,False,1,8.698280899091268,4264.0,,,
MXRA8,True,False,False,1,14.453682888076814,701.0,,,
MYADML2,True,False,False,1,8.89106137010449,4016.0,,,
MYBBP1A,True,True,False,2,9.262197186631498,3503.0,370.0,2662.0,
MYBL2,True,False,False,1,15.458920925661053,526.0,,,
MYBPC3,True,True,True,3,45.74625520077446,5.0,317.0,3516.0,both
MYC,True,False,False,1,9.564909105239964,3180.0,,,
MYCN,True,False,False,1,11.44143501585147,1712.0,,,
MYCT1,True,False,False,1,14.74757191942322,641.0,,,
MYD88,True,False,False,1,9.18445347065912,3604.0,,,
MYDGF,True,False,False,1,10.765276300268264,2145.0,,,
MYG1,True,False,False,1,10.26360102901202,2510.0,,,
MYH11,True,False,False,1,14.153418835311268,764.0,,,
MYH14,True,True,False,2,15.496709334534756,519.0,263.0,4869.0,
MYH6,True,False,True,2,45.475592149766854,6.0,,,both
MYH7,True,True,True,3,64.78298384062096,1.0,304.0,3781.0,both
MYH7B,True,True,False,2,16.630652184815663,364.0,702.0,670.0,
MYH9,True,False,False,1,9.675081057650187,3061.0,,,
MYL2,True,False,True,2,51.50331375644283,3.0,,,both
MYL3,True,True,True,3,33.06589725269111,25.0,395.0,2361.0,both
MYL4,True,False,False,1,32.219856477689284,28.0,,,
MYL7,True,False,False,1,49.31359547096029,4.0,,,
MYL9,True,False,False,1,13.262620406019238,984.0,,,
MYLK3,True,True,False,2,18.012491640139544,266.0,514.0,1354.0,
MYO15B,True,True,False,2,13.055077052031878,1040.0,273.0,4592.0,
MYO18A,True,True,False,2,9.568650865981052,3174.0,310.0,3659.0,
MYO18B,True,True,False,2,28.818332138696505,39.0,331.0,3252.0,
MYO1B,True,False,False,1,9.328504725804244,3424.0,,,
MYO1C,True,False,False,1,10.50091913942696,2340.0,,,
MYO1D,True,False,False,1,9.123498293351448,3688.0,,,
MYO1F,True,True,False,2,9.04868397346202,3784.0,597.0,958.0,
MYO1G,True,True,False,2,9.523687953286794,3227.0,725.0,612.0,
MYO3A,False,True,False,1,,,356.0,2858.0,
MYO5C,True,False,False,1,8.611224986218241,4395.0,,,
MYO7A,True,False,False,1,8.699642677674511,4263.0,,,
MYO7B,True,False,False,1,9.786658905309404,2939.0,,,
MYO9B,True,True,False,2,8.861379797071194,4051.0,262.0,4893.0,
MYOC,True,False,False,1,9.99981767507058,2740.0,,,
MYOCD,True,False,False,1,23.15591928588603,103.0,,,
MYOF,True,False,False,1,10.72289500886728,2167.0,,,
MYOM1,True,True,False,2,25.253140156094556,70.0,493.0,1489.0,
MYOM2,True,False,False,1,22.12832967554291,121.0,,,
MYOM3,True,True,False,2,14.363865832962366,717.0,293.0,4068.0,
MYOT,True,False,False,1,9.4045082072715,3348.0,,,
MYOZ1,True,False,False,1,10.15097817114534,2607.0,,,
MYOZ2,True,False,False,1,25.611081747132264,66.0,,,
MYPN,True,False,False,1,16.203028366691576,412.0,,,
MYRF,True,False,False,1,14.631481047122596,665.0,,,
MYRIP,True,False,False,1,10.75474810838744,2150.0,,,
MYSM1,False,True,False,1,,,392.0,2398.0,
MYT1L,False,True,False,1,,,1066.0,250.0,
MYZAP,True,False,False,1,23.746875296557352,88.0,,,
MZF1,False,True,False,1,,,559.0,1126.0,
N4BP3,True,False,False,1,8.756285155413037,4195.0,,,
NAA15,False,True,False,1,,,315.0,3560.0,
NAA20,False,True,False,1,,,364.0,2736.0,
NAA25,False,True,False,1,,,418.0,2131.0,
NAA40,False,True,False,1,,,261.0,4924.0,
NAA50,False,True,False,1,,,350.0,2950.0,
NAB2,True,False,False,1,8.608982791247012,4397.0,,,
NACA2,False,True,False,1,,,365.0,2728.0,
NACAD,True,False,False,1,9.09356860019946,3733.0,,,
NACC1,True,True,False,2,14.70566455584065,650.0,324.0,3396.0,
NACC2,True,False,False,1,9.07813369975229,3754.0,,,
NADK,True,True,False,2,8.832965277821563,4079.0,322.0,3422.0,
NAE1,False,True,False,1,,,285.0,4258.0,
NAGLU,True,False,False,1,9.167829624082934,3628.0,,,
NAIP,True,False,False,1,9.63721546318788,3094.0,,,
NALF2,True,False,False,1,11.936983129018437,1441.0,,,
NANOS2,False,True,False,1,,,303.0,3812.0,
NAP1L3,True,False,False,1,10.889981600918835,2070.0,,,
NAPA,True,False,False,1,9.094595000988871,3732.0,,,
NAPRT,True,False,False,1,8.893617082168813,4014.0,,,
NARS1,False,True,False,1,,,283.0,4305.0,
NAT14,True,False,False,1,8.624779939364442,4373.0,,,
NAT8L,True,False,False,1,10.027959421096508,2709.0,,,
NAT9,False,True,False,1,,,361.0,2775.0,
NAV1,True,False,False,1,9.2581828955114,3506.0,,,
NAV2,True,False,False,1,9.176414845730877,3613.0,,,
NBEAL2,True,False,False,1,13.526358432202269,905.0,,,
NBL1,True,False,False,1,13.389041698368288,944.0,,,
NBPF26,True,False,False,1,9.63308990087989,3095.0,,,
NBR1,False,True,False,1,,,462.0,1704.0,
NCAM1,True,False,False,1,22.532695012214912,116.0,,,
NCAM2,True,False,False,1,8.797026688700132,4123.0,,,
NCAN,False,True,False,1,,,385.0,2479.0,
NCAPG,True,False,False,1,10.768315680754444,2142.0,,,
NCBP1,False,True,False,1,,,915.0,379.0,
NCBP2,False,True,False,1,,,496.0,1470.0,
NCBP3,False,True,False,1,,,616.0,892.0,
NCDN,True,False,False,1,11.600678380923798,1615.0,,,
NCEH1,True,False,False,1,9.23991657483728,3533.0,,,
NCF1,True,True,False,2,9.20966512933735,3578.0,493.0,1490.0,
NCF2,True,False,False,1,11.11151920250568,1926.0,,,
NCF4,True,True,False,2,11.389508505347012,1746.0,439.0,1915.0,
NCKAP1L,True,True,False,2,10.350443228754424,2438.0,525.0,1282.0,
NCKAP5L,True,True,False,2,10.493086539951662,2345.0,507.0,1410.0,
NCKIPSD,True,False,False,1,8.965073883955423,3915.0,,,
NCLN,True,True,False,2,10.58473598395345,2276.0,465.0,1679.0,
NCOR2,True,False,False,1,8.944683502652017,3938.0,,,
NCR3,False,True,False,1,,,293.0,4072.0,
NCS1,True,False,False,1,12.256594082011786,1308.0,,,
NDN,True,False,False,1,9.67646634758581,3057.0,,,
NDNF,True,False,False,1,9.668828552458956,3065.0,,,
NDOR1,True,True,False,2,10.82265742046798,2104.0,518.0,1324.0,
NDRG1,True,False,False,1,12.553856735026722,1188.0,,,
NDRG2,True,True,False,2,18.30386038427139,245.0,364.0,2735.0,
NDRG4,True,False,False,1,14.76666056900921,639.0,,,
NDST1,True,True,False,2,13.4968299107695,914.0,266.0,4768.0,
NDST2,True,False,False,1,11.478538297372394,1684.0,,,
NDUFA4L2,True,False,False,1,14.163935520814269,760.0,,,
NDUFA6,True,False,False,1,10.648461807882844,2222.0,,,
NDUFAF5,False,True,False,1,,,273.0,4572.0,
NDUFS1,False,True,False,1,,,270.0,4665.0,
NEB,True,False,False,1,8.308277103097092,4888.0,,,
NEBL,True,False,False,1,28.646550370860272,43.0,,,
NECAB3,True,True,False,2,10.19465145502836,2567.0,391.0,2407.0,
NECAP2,False,True,False,1,,,263.0,4878.0,
NECTIN1,True,False,False,1,11.562577872707788,1638.0,,,
NECTIN2,True,False,False,1,11.757937152218265,1526.0,,,
NEDD8,False,True,False,1,,,262.0,4901.0,
NEFL,True,False,False,1,9.524546527380426,3226.0,,,
NEFM,True,False,False,1,8.541485179828795,4509.0,,,
NEK7,True,False,False,1,8.570422472336338,4463.0,,,
NELFB,True,True,False,2,9.86714734074646,2848.0,428.0,2030.0,
NELL2,True,False,False,1,9.83440852713935,2887.0,,,
NEO1,True,False,False,1,12.105293177465295,1369.0,,,
NEPRO,False,True,False,1,,,565.0,1096.0,
NES,True,False,False,1,17.650471362983573,286.0,,,
NEU1,True,False,False,1,8.504907091251289,4565.0,,,
NEU3,False,True,False,1,,,361.0,2778.0,
NEURL1B,True,False,False,1,14.000195700078924,796.0,,,
NEURL4,True,True,False,2,10.635259892153767,2233.0,801.0,499.0,
NEXMIF,False,True,False,1,,,328.0,3306.0,
NEXN,True,False,False,1,8.469778951840697,4634.0,,,
NF1,False,True,False,1,,,379.0,2551.0,
NFAM1,True,True,False,2,9.974236978467191,2763.0,432.0,1985.0,
NFASC,True,False,False,1,13.444756747575637,928.0,,,
NFATC2,True,False,False,1,9.121414102598202,3691.0,,,
NFATC4,True,False,False,1,9.466473718787968,3284.0,,,
NFE2,True,False,False,1,8.63729038987144,4355.0,,,
NFE2L1,True,False,False,1,9.740018756729675,2990.0,,,
NFE2L3,True,False,False,1,9.160463925390932,3642.0,,,
NFIB,True,False,False,1,8.47363138373559,4627.0,,,
NFIX,True,False,False,1,13.928001960908476,818.0,,,
NFKB2,True,False,False,1,10.833877232655832,2099.0,,,
NFX1,False,True,False,1,,,266.0,4770.0,
NGB,False,True,False,1,,,443.0,1878.0,
NGF,True,False,False,1,8.81658595212512,4096.0,,,
NGFR,True,False,False,1,11.68075836063684,1570.0,,,
NHSL1,True,False,False,1,8.734060666428988,4221.0,,,
NIBAN1,True,False,False,1,10.538505487626065,2304.0,,,
NIBAN2,True,True,False,2,15.75882104399381,478.0,284.0,4278.0,
NID1,True,False,False,1,9.775335461797749,2954.0,,,
NID2,True,False,False,1,15.054102320671737,586.0,,,
NINL,True,False,False,1,8.889209613551422,4020.0,,,
NISCH,True,True,False,2,9.615952188316143,3123.0,793.0,508.0,
NKAIN3,False,True,False,1,,,1404.0,109.0,
NKG7,True,True,False,2,8.741694832165273,4209.0,340.0,3099.0,
NKX1-2,False,True,False,1,,,323.0,3411.0,
NKX2-5,True,False,False,1,24.510108220265565,80.0,,,
NKX2-6,True,False,False,1,8.3832276593516,4748.0,,,
NLGN1,True,False,False,1,9.680984728171843,3054.0,,,
NLGN2,True,False,False,1,10.741608981973744,2157.0,,,
NLGN3,False,True,False,1,,,477.0,1609.0,
NLGN4X,True,False,False,1,11.398913079962536,1740.0,,,
NLGN4Y,True,False,False,1,11.479857230211422,1683.0,,,
NLRC5,True,True,False,2,10.78578999051546,2129.0,268.0,4714.0,
NLRP4,False,True,False,1,,,468.0,1661.0,
NLRP5,False,True,False,1,,,376.0,2585.0,
NLRX1,True,False,False,1,8.923753353077696,3966.0,,,
NME1-NME2,True,False,False,1,10.231530305959478,2534.0,,,
NMRK2,True,False,False,1,21.61751065252566,130.0,,,
NMT1,False,True,False,1,,,393.0,2385.0,
NNAT,True,False,False,1,8.712525325340247,4243.0,,,
NNMT,True,False,False,1,16.19655857762265,416.0,,,
NOC2L,False,True,False,1,,,301.0,3861.0,
NOD1,True,False,False,1,8.48234035313715,4603.0,,,
NOL10,False,True,False,1,,,343.0,3058.0,
NOL11,False,True,False,1,,,277.0,4472.0,
NOL6,False,True,False,1,,,491.0,1504.0,
NOL8,False,True,False,1,,,287.0,4222.0,
NOMO1,True,False,False,1,17.99746351367283,268.0,,,
NOMO2,True,False,False,1,9.625821603521036,3113.0,,,
NOMO3,True,False,False,1,13.620536911228257,887.0,,,
NOP9,True,False,False,1,8.79396554733874,4130.0,,,
NOS1,False,False,True,1,,,,,both
NOS3,True,True,False,2,10.660155440923226,2216.0,288.0,4184.0,
NOTCH1,True,False,False,1,12.12705695478987,1356.0,,,
NOTCH2NLB,True,False,False,1,8.784831117209697,4143.0,,,
NOTCH3,True,False,False,1,13.20541061132545,997.0,,,
NOTCH4,True,False,False,1,9.39557949528867,3352.0,,,
NOVA2,True,False,False,1,10.892279291920024,2066.0,,,
NOXA1,True,False,False,1,8.537917493484844,4516.0,,,
NPAP1,False,True,False,1,,,503.0,1438.0,
NPAS2,True,False,False,1,10.833554030486685,2100.0,,,
NPDC1,True,False,False,1,10.451106870381034,2373.0,,,
NPEPPS,False,True,False,1,,,284.0,4279.0,
NPFFR1,False,True,False,1,,,948.0,349.0,
NPHP3-ACAD11,True,False,False,1,9.33206639094955,3417.0,,,
NPIPA1,True,False,False,1,9.675340769396614,3059.0,,,
NPIPB12,True,False,False,1,10.210977865840192,2553.0,,,
NPIPB13,False,True,False,1,,,621.0,874.0,
NPIPB3,True,False,False,1,8.35189229427499,4818.0,,,
NPIPB4,False,True,False,1,,,311.0,3646.0,
NPIPB5,True,True,False,2,8.593526827305261,4421.0,419.0,2124.0,
NPIPB7,False,True,False,1,,,488.0,1525.0,
NPLOC4,False,True,False,1,,,777.0,529.0,
NPNT,True,True,False,2,24.487456721428337,82.0,287.0,4218.0,
NPPA,True,False,False,1,37.26703720400774,15.0,,,
NPPB,True,False,False,1,28.690129884857424,42.0,,,
NPR1,True,False,False,1,13.319267835153209,961.0,,,
NPR2,True,False,False,1,10.048229320052878,2692.0,,,
NPR3,True,False,False,1,13.041152371584134,1048.0,,,
NPTX1,True,False,False,1,9.72521853762956,3001.0,,,
NPTX2,True,False,False,1,8.770138008744734,4173.0,,,
NPTXR,True,True,False,2,11.941403508691254,1438.0,273.0,4586.0,
NPY1R,True,False,False,1,9.64112651984686,3091.0,,,
NQO1,True,False,False,1,10.76085978924901,2147.0,,,
NR2C2,True,False,False,1,9.311325293937326,3441.0,,,
NR2F1,True,False,False,1,12.029650222812627,1402.0,,,
NR2F2,True,False,False,1,11.614709954450666,1608.0,,,
NR2F6,True,False,False,1,10.5394255317947,2303.0,,,
NR3C2,True,False,False,1,9.229154915141388,3545.0,,,
NR4A1,True,False,False,1,12.040134411717323,1397.0,,,
NR4A3,True,False,False,1,9.363605072243304,3384.0,,,
NR5A2,True,False,False,1,9.355761458732738,3394.0,,,
NRAP,True,False,False,1,33.43520640550206,23.0,,,
NRARP,True,False,False,1,9.497429888096628,3255.0,,,
NRBP1,False,True,False,1,,,327.0,3335.0,
NRBP2,True,False,False,1,8.615231672495243,4388.0,,,
NRCAM,True,False,False,1,14.631974137090198,663.0,,,
NREP,True,False,False,1,10.799768229228524,2122.0,,,
NRGN,True,False,False,1,12.714812874949494,1138.0,,,
NRK,True,False,False,1,10.41663319372038,2397.0,,,
NRN1,True,False,False,1,12.529221719561496,1202.0,,,
NRP1,True,False,False,1,8.490432889164328,4589.0,,,
NRP2,True,False,False,1,9.977325517002017,2759.0,,,
NRSN1,False,True,False,1,,,406.0,2239.0,
NRSN2,True,False,False,1,11.592158973221771,1619.0,,,
NRTN,True,False,False,1,11.309580002941148,1801.0,,,
NRXN1,True,False,False,1,11.89224545405909,1473.0,,,
NSD1,False,True,False,1,,,299.0,3913.0,
NSF,True,False,False,1,11.946470768913844,1436.0,,,
NSMAF,False,True,False,1,,,280.0,4375.0,
NSMCE2,False,True,False,1,,,362.0,2761.0,
NSMF,True,False,False,1,10.77712953645067,2133.0,,,
NT5C1A,True,True,False,2,9.956060463288042,2780.0,331.0,3248.0,
NT5DC2,True,False,False,1,11.2984323377811,1809.0,,,
NT5E,True,True,False,2,16.9197004762774,340.0,352.0,2926.0,
NTM,True,False,False,1,9.18680000310918,3602.0,,,
NTN1,True,False,False,1,13.05475099930786,1042.0,,,
NTN4,True,False,False,1,12.717190682233886,1136.0,,,
NTRK2,True,False,False,1,10.492162090820942,2347.0,,,
NTRK3,True,False,False,1,8.77899551377417,4155.0,,,
NTSR2,False,True,False,1,,,357.0,2847.0,
NUAK1,True,False,False,1,8.618149685200233,4382.0,,,
NUCB1,True,True,False,2,8.48401476751869,4597.0,315.0,3556.0,
NUF2,True,False,False,1,8.82585815228658,4084.0,,,
NUFIP2,False,True,False,1,,,427.0,2036.0,
NUMA1,True,False,False,1,9.272905457142269,3494.0,,,
NUP133,False,True,False,1,,,510.0,1382.0,
NUP153,False,True,False,1,,,425.0,2057.0,
NUP155,False,True,False,1,,,274.0,4551.0,
NUP188,True,True,False,2,8.997010663294677,3860.0,317.0,3511.0,
NUP205,False,True,False,1,,,298.0,3934.0,
NUP210,True,False,False,1,11.454077831547616,1698.0,,,
NUP42,False,True,False,1,,,300.0,3878.0,
NUP58,False,True,False,1,,,381.0,2527.0,
NUP62,False,True,False,1,,,406.0,2242.0,
NUP88,False,True,False,1,,,311.0,3641.0,
NUP98,False,True,False,1,,,339.0,3117.0,
NUS1,False,True,False,1,,,339.0,3118.0,
NUSAP1,True,False,False,1,9.083032669276596,3750.0,,,
NUTM2E,False,True,False,1,,,318.0,3500.0,
NUTM2G,False,True,False,1,,,392.0,2401.0,
NWD1,False,True,False,1,,,315.0,3565.0,
NXN,True,False,False,1,10.90815133483722,2050.0,,,
NXNL2,False,True,False,1,,,297.0,3957.0,
NXPH1,False,True,False,1,,,296.0,3989.0,
NXPH2,True,True,False,2,11.591264728629255,1621.0,265.0,4809.0,
NXPH3,True,False,False,1,8.542391835358687,4507.0,,,
NXPH4,True,False,False,1,8.323448897435158,4867.0,,,
NYNRIN,True,False,False,1,11.513967216589457,1659.0,,,
OAF,True,False,False,1,9.552529808196082,3190.0,,,
OAS2,True,False,False,1,10.14277240137047,2612.0,,,
OAS3,True,False,False,1,8.478646092172829,4617.0,,,
OBSCN,True,True,False,2,17.930033593395844,272.0,415.0,2154.0,
OBSL1,True,True,False,2,11.86247055333427,1485.0,428.0,2024.0,
OCIAD1,False,True,False,1,,,318.0,3493.0,
OCRL,False,True,False,1,,,311.0,3642.0,
ODAD1,False,True,False,1,,,284.0,4275.0,
ODF3B,True,False,False,1,8.538309758808342,4515.0,,,
OGA,False,True,False,1,,,301.0,3862.0,
OGDH,True,True,False,2,12.877661110699108,1087.0,296.0,3983.0,
OGDHL,True,False,False,1,13.91515616689685,825.0,,,
OGFR,True,True,False,2,10.286034969746408,2486.0,341.0,3082.0,
OGN,True,False,False,1,15.76238461335008,477.0,,,
OLA1,False,True,False,1,,,304.0,3788.0,
OLFM2,True,False,False,1,9.1049741608851,3711.0,,,
OLFML1,True,False,False,1,9.690313958685689,3043.0,,,
OLFML2A,True,False,False,1,11.37951772075539,1752.0,,,
OLFML2B,True,False,False,1,8.657534734779533,4322.0,,,
OLFML3,True,False,False,1,10.978999428275444,2006.0,,,
OMD,True,False,False,1,10.923021455884625,2043.0,,,
OPALIN,False,True,False,1,,,575.0,1050.0,
OPLAH,True,False,False,1,12.396584433641127,1244.0,,,
OPRD1,False,True,False,1,,,299.0,3903.0,
OPRM1,False,True,False,1,,,384.0,2489.0,
OR10A6,False,True,False,1,,,636.0,836.0,
OR10D3,False,True,False,1,,,292.0,4095.0,
OR10G3,False,True,False,1,,,387.0,2456.0,
OR10H1,False,True,False,1,,,503.0,1439.0,
OR10H5,False,True,False,1,,,1068.0,249.0,
OR14J1,False,True,False,1,,,619.0,885.0,
OR14L1P,False,True,False,1,,,447.0,1844.0,
OR1A1,False,True,False,1,,,614.0,896.0,
OR1D2,False,True,False,1,,,396.0,2351.0,
OR1I1,False,True,False,1,,,415.0,2148.0,
OR1M1,False,True,False,1,,,794.0,506.0,
OR2A5,False,True,False,1,,,1763.0,48.0,
OR2AT4,False,True,False,1,,,1219.0,172.0,
OR2G6,False,True,False,1,,,665.0,760.0,
OR2H2,False,True,False,1,,,281.0,4360.0,
OR2L5,False,True,False,1,,,328.0,3315.0,
OR2M3,False,True,False,1,,,735.0,598.0,
OR2M4,False,True,False,1,,,1217.0,173.0,
OR2T12,False,True,False,1,,,341.0,3089.0,
OR2T2,False,True,False,1,,,510.0,1385.0,
OR2T7,False,True,False,1,,,403.0,2277.0,
OR2V2,False,True,False,1,,,275.0,4535.0,
OR4D9,False,True,False,1,,,1528.0,79.0,
OR4K17,False,True,False,1,,,415.0,2156.0,
OR4M1,False,True,False,1,,,665.0,758.0,
OR4N2,False,True,False,1,,,563.0,1109.0,
OR4Q3,False,True,False,1,,,338.0,3144.0,
OR51A4,False,True,False,1,,,390.0,2422.0,
OR51I2,False,True,False,1,,,271.0,4651.0,
OR52I2,False,True,False,1,,,400.0,2306.0,
OR52K1,False,True,False,1,,,405.0,2252.0,
OR56A1,False,True,False,1,,,593.0,971.0,
OR56A4,False,True,False,1,,,279.0,4420.0,
OR5A1,False,True,False,1,,,982.0,320.0,
OR5A2,False,True,False,1,,,1531.0,78.0,
OR5AN1,False,True,False,1,,,465.0,1681.0,
OR5AS1,False,True,False,1,,,901.0,390.0,
OR5AU1,False,True,False,1,,,779.0,527.0,
OR5H14,False,True,False,1,,,614.0,897.0,
OR6B1,False,True,False,1,,,1322.0,132.0,
OR6C75,False,True,False,1,,,381.0,2528.0,
OR6Y1,False,True,False,1,,,1009.0,297.0,
OR7C1,False,True,False,1,,,822.0,477.0,
OR7D4,False,True,False,1,,,770.0,540.0,
OR7G2,False,True,False,1,,,715.0,635.0,
OR8A1,False,True,False,1,,,1171.0,201.0,
OR8G1,False,True,False,1,,,400.0,2305.0,
OR8J3,False,True,False,1,,,392.0,2399.0,
OR8S1,False,True,False,1,,,323.0,3419.0,
ORC2,False,True,False,1,,,420.0,2107.0,
ORM1,True,False,False,1,8.417760607664325,4702.0,,,
OS9,True,True,False,2,8.304595826978224,4895.0,266.0,4777.0,
OSBP,False,True,False,1,,,452.0,1794.0,
OSBP2,True,False,False,1,9.695097363950946,3039.0,,,
OSBPL5,True,False,False,1,8.79995456640579,4117.0,,,
OSBPL7,True,False,False,1,8.607516437219038,4399.0,,,
OSGIN1,True,False,False,1,8.352051299310771,4815.0,,,
OSMR,True,True,False,2,11.97558223935018,1422.0,332.0,3229.0,
OSR1,True,False,False,1,12.785521104712505,1110.0,,,
OSR2,True,False,False,1,8.960506471981342,3918.0,,,
OTOP1,False,True,False,1,,,504.0,1429.0,
OTOP2,False,True,False,1,,,305.0,3763.0,
OTOP3,False,True,False,1,,,330.0,3272.0,
OTUD4,False,True,False,1,,,523.0,1294.0,
OTUD7A,False,True,False,1,,,506.0,1418.0,
OTULIN,False,True,False,1,,,279.0,4414.0,
OVCA2,True,False,False,1,11.705661409421694,1559.0,,,
OVOL2,False,True,False,1,,,337.0,3152.0,
OXCT1,True,False,False,1,8.567681559419421,4468.0,,,
OXSR1,False,True,False,1,,,474.0,1625.0,
P2RX1,True,False,False,1,16.470357164598358,380.0,,,
P2RY1,True,False,False,1,9.128935694852457,3679.0,,,
P2RY13,True,True,False,2,10.311696377747412,2470.0,435.0,1955.0,
P2RY14,True,False,False,1,8.676341601486099,4301.0,,,
P2RY8,True,False,False,1,8.421439542176158,4695.0,,,
P3H1,True,True,False,2,9.030874075207429,3809.0,307.0,3716.0,
P3H2,True,False,False,1,8.375666654654584,4766.0,,,
P3H3,True,False,False,1,11.62750290244866,1596.0,,,
P4HA3,True,False,False,1,10.04874501264032,2691.0,,,
P4HB,True,True,False,2,10.05446888527589,2688.0,362.0,2765.0,
PABPC1L,True,False,False,1,8.501011704054255,4572.0,,,
PABPC1L2B,False,True,False,1,,,319.0,3484.0,
PABPC4L,True,False,False,1,9.0150655871335,3839.0,,,
PACRG,False,True,False,1,,,460.0,1718.0,
PACS1,True,False,False,1,10.50982066157646,2333.0,,,
PACS2,True,False,False,1,8.372691045099417,4774.0,,,
PACSIN1,True,False,False,1,11.176290826572666,1886.0,,,
PACSIN3,True,False,False,1,13.755376227808371,858.0,,,
PADI2,True,False,False,1,10.67570107941552,2201.0,,,
PADI4,False,True,False,1,,,333.0,3216.0,
PAFAH1B1,False,True,False,1,,,910.0,382.0,
PAG1,True,False,False,1,9.196774009383828,3590.0,,,
PAH,False,True,False,1,,,315.0,3562.0,
PAIP2B,True,True,False,2,10.816702653596955,2111.0,568.0,1082.0,
PAK2,False,True,False,1,,,296.0,3995.0,
PAK4,True,True,False,2,8.700241630532231,4261.0,264.0,4840.0,
PAK6,True,True,False,2,9.25519090942772,3511.0,390.0,2418.0,
PALD1,True,False,False,1,10.166828252260254,2595.0,,,
PALLD,True,False,False,1,10.419348023244662,2393.0,,,
PALM,True,False,False,1,10.51989359833276,2319.0,,,
PALMD,True,False,False,1,11.843630537210634,1491.0,,,
PAM,True,False,False,1,11.22129863140161,1861.0,,,
PAMR1,True,False,False,1,14.404062645206572,710.0,,,
PAN2,True,True,False,2,10.445770470783817,2374.0,334.0,3198.0,
PANK4,True,False,False,1,9.647221917936603,3086.0,,,
PANX2,True,False,False,1,9.349142555653584,3401.0,,,
PAPOLA,False,True,False,1,,,424.0,2062.0,
PAPOLG,False,True,False,1,,,320.0,3462.0,
PAPPA,True,False,False,1,15.825488001398694,468.0,,,
PAPSS2,True,True,False,2,10.063865372271817,2677.0,357.0,2849.0,
PARM1,True,False,False,1,17.35097093944783,307.0,,,
PARP10,True,False,False,1,11.686651226403404,1564.0,,,
PARP12,True,False,False,1,10.040334552850306,2697.0,,,
PARP6,False,True,False,1,,,327.0,3339.0,
PARP8,True,False,False,1,8.761174857194812,4185.0,,,
PARVA,True,True,False,2,8.657462488850213,4323.0,294.0,4043.0,
PARVG,True,True,False,2,12.582739374722404,1176.0,737.0,595.0,
PATE1,False,True,False,1,,,335.0,3180.0,
PATJ,False,True,False,1,,,316.0,3531.0,
PATZ1,False,True,False,1,,,275.0,4524.0,
PBK,True,False,False,1,11.715284909942698,1552.0,,,
PBRM1,False,True,False,1,,,297.0,3962.0,
PBX2,True,False,False,1,13.708874264380988,866.0,,,
PC,True,False,False,1,8.658688619528744,4321.0,,,
PCBD2,False,True,False,1,,,314.0,3577.0,
PCBP1,True,False,False,1,16.998644289692642,331.0,,,
PCBP4,True,False,False,1,11.93052614054326,1450.0,,,
PCCB,False,True,False,1,,,305.0,3759.0,
PCDH1,True,False,False,1,14.960025211254198,604.0,,,
PCDH10,True,False,False,1,18.239475819905586,251.0,,,
PCDH12,True,True,False,2,10.036884933061495,2700.0,307.0,3715.0,
PCDH17,True,False,False,1,9.772213942689032,2956.0,,,
PCDH18,True,False,False,1,12.682609629880432,1147.0,,,
PCDH20,True,True,False,2,16.75505322671506,354.0,407.0,2234.0,
PCDH7,True,False,False,1,15.303001093889286,544.0,,,
PCDH8,False,True,False,1,,,353.0,2912.0,
PCDHA11,True,False,False,1,9.122029325295,3690.0,,,
PCDHA12,True,False,False,1,12.44996868127885,1220.0,,,
PCDHA2,False,True,False,1,,,340.0,3107.0,
PCDHA4,False,True,False,1,,,446.0,1852.0,
PCDHA6,True,False,False,1,8.617208513883702,4384.0,,,
PCDHA8,False,True,False,1,,,330.0,3276.0,
PCDHAC1,True,True,False,2,8.284528546495913,4921.0,439.0,1918.0,
PCDHAC2,True,False,False,1,10.57148883002895,2283.0,,,
PCDHB15,True,True,False,2,10.061511399068335,2681.0,282.0,4323.0,
PCDHB5,True,False,False,1,9.475376572201036,3277.0,,,
PCDHGA11,True,False,False,1,10.46315308835181,2366.0,,,
PCDHGA12,True,False,False,1,11.681812900894393,1568.0,,,
PCDHGA2,True,False,False,1,9.233017979276132,3541.0,,,
PCDHGA3,True,False,False,1,8.427857875957637,4682.0,,,
PCDHGA4,True,False,False,1,10.112137946219637,2633.0,,,
PCDHGB4,True,False,False,1,13.049537135129704,1045.0,,,
PCDHGB5,True,False,False,1,12.449420064969988,1221.0,,,
PCDHGB7,True,False,False,1,9.815760764016622,2902.0,,,
PCDHGC3,True,False,False,1,13.17563662917292,1003.0,,,
PCDHGC5,True,False,False,1,9.036761389311025,3803.0,,,
PCGF2,True,False,False,1,12.531005284169314,1201.0,,,
PCGF3,False,True,False,1,,,667.0,752.0,
PCK1,True,False,False,1,8.453882232184688,4653.0,,,
PCLO,True,False,False,1,9.667806433824236,3066.0,,,
PCM1,False,True,False,1,,,303.0,3802.0,
PCMTD2,True,False,False,1,9.863174670906384,2853.0,,,
PCNX1,False,True,False,1,,,402.0,2281.0,
PCNX3,True,True,False,2,13.07995634854621,1032.0,545.0,1195.0,
PCOLCE,True,False,False,1,12.24037340375006,1312.0,,,
PCOLCE2,True,False,False,1,12.359257751741088,1263.0,,,
PCSK4,False,True,False,1,,,347.0,2993.0,
PCSK6,True,False,False,1,8.476367884450513,4621.0,,,
PCSK9,True,False,False,1,9.475634648342082,3275.0,,,
PCYT1A,False,True,False,1,,,383.0,2505.0,
PDCD1LG2,True,False,False,1,11.663454285730964,1575.0,,,
PDCD2,False,True,False,1,,,309.0,3669.0,
PDCD5,False,True,False,1,,,293.0,4061.0,
PDCD6IP,False,True,False,1,,,862.0,432.0,
PDE10A,True,False,False,1,8.351178050984254,4820.0,,,
PDE1A,True,False,False,1,11.333262041761484,1777.0,,,
PDE1B,True,False,False,1,8.670281567081956,4311.0,,,
PDE1C,True,False,False,1,14.70983575315518,648.0,,,
PDE2A,True,False,False,1,12.810870262030278,1106.0,,,
PDE3A,True,False,False,1,10.648727872153696,2221.0,,,
PDE3B,True,False,False,1,10.593845561535284,2265.0,,,
PDE4B,True,False,False,1,10.050969176259406,2689.0,,,
PDE4DIP,True,True,False,2,10.208895811223096,2558.0,348.0,2986.0,
PDE6B,False,True,False,1,,,325.0,3371.0,
PDE6C,False,True,False,1,,,389.0,2425.0,
PDE7B,True,False,False,1,9.593050387409262,3153.0,,,
PDE9A,True,False,False,1,8.979137029689479,3891.0,,,
PDGFB,True,False,False,1,12.463060036762108,1217.0,,,
PDGFD,True,False,False,1,9.29578103182854,3461.0,,,
PDGFRA,True,False,False,1,14.13663811138773,766.0,,,
PDGFRB,True,False,False,1,16.152523694600628,424.0,,,
PDIA4,True,False,False,1,9.170011260626575,3622.0,,,
PDK4,True,False,False,1,17.626953498456224,287.0,,,
PDLIM1,True,False,False,1,9.762596486839987,2965.0,,,
PDLIM3,True,False,False,1,12.057781882008042,1388.0,,,
PDLIM4,True,False,False,1,11.258964314773644,1839.0,,,
PDLIM7,True,False,False,1,10.07570390140356,2661.0,,,
PDPK1,False,True,False,1,,,591.0,983.0,
PDPN,True,False,False,1,14.287796377521447,728.0,,,
PDS5A,False,True,False,1,,,722.0,616.0,
PDSS2,False,True,False,1,,,275.0,4531.0,
PDXP,True,False,False,1,8.502454693734864,4569.0,,,
PDZD2,True,False,False,1,10.528012419432743,2311.0,,,
PDZD4,True,False,False,1,10.337534344729798,2453.0,,,
PDZRN3,True,False,False,1,15.8070614304268,470.0,,,
PEA15,True,False,False,1,9.92458220509131,2806.0,,,
PEAR1,True,False,False,1,12.536926520457085,1197.0,,,
PEBP4,True,True,False,2,11.849827944645783,1487.0,300.0,3877.0,
PECAM1,True,False,False,1,21.831486324923578,124.0,,,
PEDS1-UBE2V1,True,False,False,1,12.96838508710252,1066.0,,,
PEF1,False,True,False,1,,,263.0,4879.0,
PEG10,True,False,False,1,14.084202141838878,780.0,,,
PEG3,True,False,False,1,13.89443453853367,831.0,,,
PENK,True,False,False,1,9.964201023304897,2772.0,,,
PER1,True,False,False,1,11.27267817405146,1829.0,,,
PERM1,True,False,False,1,12.040851882708866,1396.0,,,
PERP,True,False,False,1,8.79770536115299,4121.0,,,
PES1,True,True,False,2,9.69988872898675,3029.0,367.0,2697.0,
PEX1,False,True,False,1,,,542.0,1203.0,
PEX10,True,False,False,1,8.445798317326222,4665.0,,,
PEX13,False,True,False,1,,,396.0,2346.0,
PEX14,False,True,False,1,,,272.0,4604.0,
PEX2,False,True,False,1,,,331.0,3254.0,
PEX26,False,True,False,1,,,283.0,4312.0,
PEX5,True,True,False,2,8.57948870316482,4443.0,323.0,3409.0,
PEX6,True,False,False,1,9.041905963436104,3796.0,,,
PFAS,False,True,False,1,,,308.0,3702.0,
PFKFB3,True,False,False,1,9.284565813303011,3479.0,,,
PFKL,True,False,False,1,10.199401936281172,2563.0,,,
PFKM,True,False,False,1,8.331837421442906,4855.0,,,
PFKP,True,False,False,1,9.283559266626938,3481.0,,,
PFN1,True,False,False,1,11.224941587610738,1857.0,,,
PGAM2,True,False,False,1,23.36764430023963,100.0,,,
PGAP3,False,True,False,1,,,314.0,3580.0,
PGAP4,True,False,False,1,9.854052012380262,2863.0,,,
PGAP6,True,False,False,1,8.804808593046731,4112.0,,,
PGBD5,True,False,False,1,8.337510938310079,4846.0,,,
PGF,True,False,False,1,10.190318343364616,2572.0,,,
PGGHG,True,False,False,1,9.76956673198932,2958.0,,,
PGGT1B,False,True,False,1,,,308.0,3699.0,
PGM5,True,True,False,2,14.386698337883374,712.0,408.0,2219.0,
PGR,True,False,False,1,14.09709276483818,773.0,,,
PHB1,False,True,False,1,,,284.0,4285.0,
PHB2,False,True,False,1,,,307.0,3727.0,
PHC2,True,False,False,1,8.428110452717387,4681.0,,,
PHETA1,True,False,False,1,9.711444700250851,3012.0,,,
PHETA2,True,False,False,1,9.595188115584255,3149.0,,,
PHF1,True,False,False,1,9.375807191485316,3377.0,,,
PHF12,False,True,False,1,,,539.0,1216.0,
PHF2,False,True,False,1,,,373.0,2619.0,
PHF21B,False,True,False,1,,,406.0,2235.0,
PHF24,False,True,False,1,,,327.0,3337.0,
PHF8,False,True,False,1,,,523.0,1295.0,
PHGDH,True,False,False,1,8.76146021975434,4184.0,,,
PHKA1,True,False,False,1,8.548597074744325,4498.0,,,
PHKA2,True,True,False,2,9.288658515070152,3472.0,440.0,1907.0,
PHLDA1,True,False,False,1,9.345194018419129,3405.0,,,
PHLDA2,True,False,False,1,12.720901387962396,1134.0,,,
PHLDA3,True,False,False,1,9.061590315860029,3773.0,,,
PHLDB1,True,False,False,1,10.815540006786078,2112.0,,,
PHLDB2,True,False,False,1,8.674017909682657,4303.0,,,
PHLPP2,False,True,False,1,,,280.0,4376.0,
PHRF1,True,False,False,1,14.171866296294253,758.0,,,
PI16,True,False,False,1,12.59567183885814,1168.0,,,
PI4KA,True,True,False,2,9.889924001448517,2825.0,504.0,1433.0,
PI4KB,True,True,False,2,8.379248473018288,4758.0,373.0,2617.0,
PIAS3,True,False,False,1,8.922569390108933,3969.0,,,
PICK1,True,True,False,2,8.77246416867961,4168.0,514.0,1351.0,
PID1,True,False,False,1,11.15963601117174,1898.0,,,
PIEZO1,True,True,False,2,13.985950641574972,806.0,404.0,2257.0,
PIEZO2,True,False,False,1,10.610420745332334,2250.0,,,
PIGG,False,True,False,1,,,430.0,1998.0,
PIGN,False,True,False,1,,,332.0,3234.0,
PIGQ,True,True,False,2,9.978766973114036,2756.0,436.0,1939.0,
PIH1D1,False,True,False,1,,,263.0,4868.0,
PIK3AP1,True,False,False,1,11.671059481639857,1574.0,,,
PIK3C2B,True,False,False,1,9.576045186231024,3165.0,,,
PIK3C3,False,True,False,1,,,338.0,3130.0,
PIK3CA,False,True,False,1,,,514.0,1352.0,
PIK3CG,True,False,False,1,12.078872820431974,1384.0,,,
PIK3R2,True,False,False,1,12.945175557711906,1072.0,,,
PIK3R3,True,False,False,1,9.53428364381902,3211.0,,,
PIK3R4,False,True,False,1,,,567.0,1089.0,
PIK3R5,True,True,False,2,12.830133473240554,1099.0,502.0,1443.0,
PIK3R6,False,True,False,1,,,278.0,4461.0,
PIKFYVE,False,True,False,1,,,799.0,503.0,
PIM1,True,False,False,1,8.772833713980429,4167.0,,,
PIM3,True,False,False,1,9.920234980151468,2810.0,,,
PIMREG,True,False,False,1,9.956290644464817,2779.0,,,
PINK1,True,False,False,1,8.552171786540814,4492.0,,,
PIP4K2B,True,False,False,1,9.861534066646552,2856.0,,,
PIP5K1A,True,False,False,1,8.940578922192907,3947.0,,,
PIP5K1B,True,True,False,2,14.236694534664478,748.0,287.0,4210.0,
PIP5K1C,True,False,False,1,9.504432534712816,3251.0,,,
PIPOX,False,True,False,1,,,335.0,3182.0,
PITPNM1,True,False,False,1,11.286127373390736,1820.0,,,
PITPNM2,True,False,False,1,9.615902530938872,3125.0,,,
PITX2,True,False,False,1,12.657623256064156,1153.0,,,
PKD1,True,True,False,2,16.440129351013038,382.0,315.0,3549.0,
PKDCC,True,False,False,1,15.12919413310403,575.0,,,
PKHD1L1,True,False,False,1,10.696377491968043,2181.0,,,
PKIA,True,False,False,1,10.982164323457836,2003.0,,,
PKIB,True,False,False,1,9.379470025910557,3372.0,,,
PKM,True,False,False,1,9.32037098772952,3435.0,,,
PKMYT1,True,False,False,1,8.936738943891879,3949.0,,,
PKN1,True,True,False,2,13.146941309731687,1010.0,396.0,2342.0,
PKN2,False,True,False,1,,,369.0,2673.0,
PKN3,True,False,False,1,9.450238206661236,3300.0,,,
PKNOX2,True,False,False,1,8.771866818813768,4170.0,,,
PKP2,True,False,False,1,16.403338172701563,384.0,,,
PLA2G2A,True,False,False,1,13.687107996847828,871.0,,,
PLA2G2F,False,True,False,1,,,354.0,2893.0,
PLA2G4A,True,False,False,1,10.75972743530463,2148.0,,,
PLA2G5,True,False,False,1,12.555509347943444,1187.0,,,
PLA2G6,True,True,False,2,8.559953308176555,4484.0,768.0,546.0,
PLA2R1,True,True,False,2,9.31627267446958,3437.0,315.0,3559.0,
PLAA,False,True,False,1,,,449.0,1819.0,
PLAAT1,True,False,False,1,8.710081986942718,4248.0,,,
PLAAT4,True,False,False,1,8.711201468621365,4246.0,,,
PLAC9,True,False,False,1,8.661932927878398,4318.0,,,
PLAT,True,False,False,1,11.719758784665332,1550.0,,,
PLAU,True,False,False,1,11.1304918114057,1915.0,,,
PLAUR,True,False,False,1,9.242237947454802,3529.0,,,
PLBD1,True,False,False,1,12.378826079845314,1253.0,,,
PLBD2,True,False,False,1,8.92058667826374,3973.0,,,
PLCB2,True,False,False,1,11.632784127817212,1591.0,,,
PLCB3,True,False,False,1,10.17155495883649,2592.0,,,
PLCB4,True,False,False,1,8.626997241642027,4369.0,,,
PLCD1,True,False,False,1,8.412753372026998,4714.0,,,
PLCG1,True,True,False,2,9.778710763546218,2949.0,311.0,3643.0,
PLCG2,True,False,False,1,8.692362036892876,4271.0,,,
PLCL1,True,False,False,1,10.038509995076254,2698.0,,,
PLCXD3,True,False,False,1,17.62511747180756,288.0,,,
PLD2,True,True,False,2,9.748006447180073,2981.0,273.0,4576.0,
PLEC,True,False,False,1,14.556956299133372,684.0,,,
PLEK,True,True,False,2,14.904274943003443,612.0,429.0,2006.0,
PLEK2,True,False,False,1,9.478710760110303,3272.0,,,
PLEKHA6,True,False,False,1,13.129725556364,1016.0,,,
PLEKHA7,True,True,False,2,16.50549498337252,378.0,477.0,1606.0,
PLEKHB1,True,False,False,1,8.900483501651369,4003.0,,,
PLEKHG4,True,False,False,1,8.892967500291936,4015.0,,,
PLEKHG4B,True,True,False,2,10.273093726099496,2501.0,567.0,1087.0,
PLEKHG5,True,False,False,1,11.570175304077445,1633.0,,,
PLEKHH1,False,True,False,1,,,436.0,1940.0,
PLEKHM1,True,False,False,1,8.464959347962028,4640.0,,,
PLEKHM2,True,True,False,2,9.187203738860632,3601.0,457.0,1749.0,
PLEKHM3,False,True,False,1,,,286.0,4249.0,
PLEKHO2,True,True,False,2,9.617376566085628,3120.0,288.0,4194.0,
PLG,False,True,False,1,,,275.0,4526.0,
PLIN1,True,False,False,1,9.023886159082783,3820.0,,,
PLIN3,True,False,False,1,8.89589786717986,4011.0,,,
PLIN4,True,False,False,1,16.194546049378587,417.0,,,
PLIN5,True,False,False,1,9.92305209129867,2807.0,,,
PLK1,True,False,False,1,10.90540599626621,2054.0,,,
PLK2,True,False,False,1,10.458442828037342,2368.0,,,
PLN,True,False,True,2,33.67720446268665,22.0,,,hsa05414
PLOD1,True,False,False,1,10.439373856686398,2377.0,,,
PLOD2,True,False,False,1,10.632039734480506,2236.0,,,
PLOD3,True,True,False,2,9.535877484731255,3205.0,395.0,2359.0,
PLP1,True,False,False,1,10.959654894413736,2019.0,,,
PLPP7,True,False,False,1,11.343093308417588,1770.0,,,
PLPPR2,True,False,False,1,10.675014277973895,2203.0,,,
PLPPR3,True,False,False,1,8.59583231330987,4420.0,,,
PLPPR4,True,False,False,1,8.889837295929532,4019.0,,,
PLRG1,False,True,False,1,,,529.0,1258.0,
PLS3,True,False,False,1,9.947560848190138,2787.0,,,
PLSCR4,True,False,False,1,10.102682604366006,2640.0,,,
PLVAP,True,False,False,1,14.559002682503206,683.0,,,
PLXDC2,True,False,False,1,10.08170029379906,2654.0,,,
PLXNA1,True,True,False,2,12.375539133619618,1255.0,308.0,3695.0,
PLXNA2,True,False,False,1,9.884064158292633,2831.0,,,
PLXNA4,True,False,False,1,10.901131447896075,2061.0,,,
PLXNB1,True,True,False,2,13.867858209029922,833.0,313.0,3606.0,
PLXNB2,True,False,False,1,12.503528236682644,1208.0,,,
PLXNB3,True,False,False,1,10.827479905379771,2102.0,,,
PLXND1,True,False,False,1,13.807554781619697,847.0,,,
PMAIP1,True,False,False,1,8.777108697568886,4158.0,,,
PMPCA,False,True,False,1,,,285.0,4259.0,
PMPCB,False,True,False,1,,,388.0,2442.0,
PMS2,False,True,False,1,,,262.0,4900.0,
PNCK,True,True,False,2,11.170040630238365,1890.0,427.0,2037.0,
PNMA1,True,False,False,1,8.51619350182733,4547.0,,,
PNMA2,True,False,False,1,8.535055102685247,4521.0,,,
PNMA6F,False,True,False,1,,,275.0,4539.0,
PNMA8A,True,False,False,1,10.183634277632327,2577.0,,,
PNP,True,False,False,1,8.975726968342519,3898.0,,,
PNPLA2,True,False,False,1,9.653968780788748,3082.0,,,
PNPLA6,True,True,False,2,13.966071011471644,809.0,491.0,1501.0,
PNPLA7,True,True,False,2,9.376701867058877,3375.0,305.0,3760.0,
PODN,True,False,False,1,13.652228392675074,881.0,,,
PODXL,True,False,False,1,15.255151552786062,561.0,,,
POFUT1,False,True,False,1,,,463.0,1693.0,
POFUT2,True,False,False,1,8.669275129853604,4314.0,,,
POGZ,False,True,False,1,,,273.0,4578.0,
POLD1,True,False,False,1,10.3132031917824,2465.0,,,
POLDIP3,False,True,False,1,,,504.0,1426.0,
POLE,True,False,False,1,9.49558734635718,3257.0,,,
POLG,True,True,False,2,8.586312565402222,4433.0,382.0,2516.0,
POLK,False,True,False,1,,,265.0,4805.0,
POLR1A,False,True,False,1,,,515.0,1338.0,
POLR2A,True,False,False,1,16.10509827653151,429.0,,,
POLR2B,False,True,False,1,,,432.0,1974.0,
POLR2D,False,True,False,1,,,424.0,2063.0,
POLR3A,False,True,False,1,,,287.0,4215.0,
POLR3E,True,True,False,2,8.758869761412937,4191.0,289.0,4145.0,
POLR3F,False,True,False,1,,,299.0,3906.0,
POLR3H,True,False,False,1,9.244753698424889,3525.0,,,
POLRMT,True,True,False,2,9.59672853947812,3146.0,333.0,3214.0,
POM121,True,False,False,1,9.5761241986113,3164.0,,,
POMGNT1,True,True,False,2,10.025506023299402,2712.0,425.0,2054.0,
POMT1,False,True,False,1,,,617.0,890.0,
PON1,False,True,False,1,,,425.0,2053.0,
POPDC2,True,True,False,2,24.975803331762705,74.0,502.0,1442.0,
POPDC3,True,False,False,1,12.126750393191662,1357.0,,,
POR,True,False,False,1,8.287492071985854,4916.0,,,
POSTN,True,False,False,1,21.715548721208197,126.0,,,
POU5F2,False,True,False,1,,,1981.0,32.0,
POU6F2,False,True,False,1,,,296.0,3984.0,
PPARD,True,False,False,1,10.741306163506994,2159.0,,,
PPARGC1A,True,True,False,2,19.15321793126278,219.0,306.0,3739.0,
PPBP,True,False,False,1,10.913322170083848,2047.0,,,
PPDPF,True,False,False,1,11.289142611792167,1816.0,,,
PPFIA1,True,False,False,1,13.911980861820863,826.0,,,
PPFIA2,True,False,False,1,9.59979499609227,3141.0,,,
PPFIA3,False,True,False,1,,,298.0,3937.0,
PPFIA4,True,False,False,1,17.28873838623207,309.0,,,
PPIC,True,False,False,1,8.980193006547294,3889.0,,,
PPIL2,False,True,False,1,,,607.0,924.0,
PPIP5K1,False,True,False,1,,,300.0,3884.0,
PPIP5K2,False,True,False,1,,,296.0,3992.0,
PPL,True,False,False,1,9.466142700312178,3286.0,,,
PPM1F,True,True,False,2,8.472614638173471,4629.0,301.0,3851.0,
PPM1G,False,True,False,1,,,278.0,4440.0,
PPP1R10,True,False,False,1,8.994862861989288,3864.0,,,
PPP1R11,True,False,False,1,13.843588438999085,841.0,,,
PPP1R12B,True,True,False,2,12.759919456471808,1118.0,315.0,3554.0,
PPP1R12C,True,False,False,1,12.353316847394147,1266.0,,,
PPP1R14A,True,False,False,1,9.219725945003336,3557.0,,,
PPP1R14B,True,False,False,1,8.434852505077291,4674.0,,,
PPP1R14C,True,False,False,1,21.461428913666005,136.0,,,
PPP1R16A,True,False,False,1,9.222687947198802,3552.0,,,
PPP1R16B,True,True,False,2,18.13837194971046,258.0,263.0,4866.0,
PPP1R18,True,False,False,1,13.291530794653696,969.0,,,
PPP1R1A,True,False,False,1,23.194438303215627,102.0,,,
PPP1R1B,True,False,False,1,9.544259232468823,3195.0,,,
PPP1R1C,True,False,False,1,8.332661814401925,4852.0,,,
PPP1R26,True,True,False,2,9.00521371620096,3847.0,316.0,3534.0,
PPP1R37,False,True,False,1,,,329.0,3291.0,
PPP1R3A,True,False,False,1,20.64278552032532,157.0,,,
PPP1R3B,True,False,False,1,8.94075979556661,3946.0,,,
PPP1R3C,True,False,False,1,14.626513755168856,666.0,,,
PPP1R9A,True,False,False,1,12.445413275057469,1225.0,,,
PPP1R9B,True,True,False,2,13.267865116043003,981.0,322.0,3426.0,
PPP2CB,False,True,False,1,,,262.0,4896.0,
PPP2R2B,True,False,False,1,8.77063672271118,4172.0,,,
PPP2R3B,True,False,False,1,10.276136932746718,2498.0,,,
PPP2R5B,True,False,False,1,10.504862675668956,2336.0,,,
PPP2R5C,False,True,False,1,,,368.0,2686.0,
PPP2R5D,True,False,False,1,10.502984432152196,2339.0,,,
PPP3R1,True,False,False,1,9.613300130197413,3128.0,,,
PPP4R1,False,True,False,1,,,284.0,4283.0,
PPP4R2,False,True,False,1,,,309.0,3675.0,
PPP4R3A,False,True,False,1,,,438.0,1924.0,
PPP4R3B,False,True,False,1,,,576.0,1047.0,
PPP5C,True,True,False,2,9.70411187652626,3025.0,293.0,4058.0,
PPP6R1,True,False,False,1,12.264168211051077,1304.0,,,
PPP6R2,True,True,False,2,8.953837834647343,3925.0,504.0,1427.0,
PPP6R3,False,True,False,1,,,433.0,1966.0,
PPT2,True,False,False,1,8.888845530760431,4021.0,,,
PRAF2,True,False,False,1,8.294636101498357,4909.0,,,
PRAG1,True,False,False,1,8.591836458635562,4423.0,,,
PRAMEF12,False,True,False,1,,,381.0,2525.0,
PRDM1,True,False,False,1,9.32298548450142,3433.0,,,
PRDM11,True,True,False,2,9.029905359022456,3811.0,394.0,2367.0,
PRDM15,False,True,False,1,,,394.0,2373.0,
PRDM16,True,False,False,1,12.6946263304541,1143.0,,,
PRDM4,False,True,False,1,,,315.0,3557.0,
PRDM6,True,False,False,1,8.498635049258814,4576.0,,,
PRDX2,True,False,False,1,9.584118479985332,3158.0,,,
PREB,True,True,False,2,8.42282737567917,4692.0,446.0,1851.0,
PRELP,True,False,False,1,13.192765107481984,1001.0,,,
PREX1,True,False,False,1,12.224732437787663,1321.0,,,
PREX2,True,False,False,1,15.532298449451334,514.0,,,
PRF1,True,True,False,2,9.20230739450816,3583.0,303.0,3811.0,
PRG4,True,False,False,1,11.428327837560774,1719.0,,,
PRH2,False,True,False,1,,,341.0,3086.0,
PRICKLE1,True,False,False,1,9.149726271114078,3655.0,,,
PRIMA1,True,False,False,1,9.785684515675102,2940.0,,,
PRKAA1,False,True,True,2,,,445.0,1858.0,hsa05410
PRKAA2,True,False,True,2,11.718740405015678,1551.0,,,hsa05410
PRKAB1,False,False,True,1,,,,,hsa05410
PRKAB2,False,False,True,1,,,,,hsa05410
PRKACA,True,False,True,2,13.965722832648796,810.0,,,hsa05414
PRKACB,False,False,True,1,,,,,hsa05414
PRKACG,False,False,True,1,,,,,hsa05414
PRKAG1,False,False,True,1,,,,,hsa05410
PRKAG2,False,False,True,1,,,,,hsa05410
PRKAG3,False,False,True,1,,,,,hsa05410
PRKAR1B,True,False,False,1,8.831474901264718,4081.0,,,
PRKAR2B,True,False,False,1,11.44865965862456,1707.0,,,
PRKCB,True,False,False,1,12.852844529909516,1093.0,,,
PRKCD,True,False,False,1,8.785387960201868,4142.0,,,
PRKCG,False,True,False,1,,,331.0,3251.0,
PRKCH,True,False,False,1,9.49642643535802,3256.0,,,
PRKCSH,True,True,False,2,11.512520005663545,1661.0,611.0,907.0,
PRKCZ,True,False,False,1,10.41901451774506,2396.0,,,
PRKD3,False,True,False,1,,,400.0,2301.0,
PRKN,False,True,False,1,,,424.0,2067.0,
PRMT5,True,False,False,1,10.248107321662603,2522.0,,,
PRMT7,False,True,False,1,,,397.0,2334.0,
PRNP,True,False,False,1,8.589016363758962,4427.0,,,
PROB1,True,False,False,1,9.783150220027784,2942.0,,,
PROC,False,True,False,1,,,280.0,4379.0,
PROCR,True,False,False,1,10.486262536637286,2350.0,,,
PRODH,False,True,False,1,,,358.0,2825.0,
PRODH2,False,True,False,1,,,276.0,4514.0,
PROK2,False,True,False,1,,,319.0,3481.0,
PROM1,True,False,False,1,12.106262239438184,1367.0,,,
PROS1,True,False,False,1,8.98465206338595,3883.0,,,
PROX1,True,False,False,1,14.0676135637911,783.0,,,
PRPF19,True,False,False,1,9.17423496435967,3617.0,,,
PRPF4,False,True,False,1,,,338.0,3135.0,
PRPF40B,False,True,False,1,,,263.0,4871.0,
PRPF4B,False,True,False,1,,,316.0,3529.0,
PRPF8,True,False,False,1,9.183799855563976,3605.0,,,
PRR12,True,False,False,1,12.761412118324673,1117.0,,,
PRR14,False,True,False,1,,,275.0,4530.0,
PRR29,True,False,False,1,8.389936656288338,4742.0,,,
PRR33,True,False,False,1,9.325871795148572,3428.0,,,
PRR36,True,True,False,2,10.06806218634793,2671.0,330.0,3273.0,
PRR7,True,False,False,1,8.350681845169474,4822.0,,,
PRRC1,False,True,False,1,,,272.0,4609.0,
PRRC2A,True,False,False,1,19.953216900549428,184.0,,,
PRRC2B,True,True,False,2,10.771547053930265,2137.0,435.0,1957.0,
PRRG3,True,False,False,1,8.349850970198709,4826.0,,,
PRRT4,True,False,False,1,8.331627076368335,4856.0,,,
PRRX1,True,False,False,1,15.714090020081391,487.0,,,
PRRX2,True,False,False,1,9.800689140040616,2927.0,,,
PRSS12,True,False,False,1,13.054797499907783,1041.0,,,
PRSS23,True,False,False,1,9.269448592776074,3498.0,,,
PRSS3,True,False,False,1,10.99625635241138,1992.0,,,
PRSS35,True,False,False,1,16.079084579735127,431.0,,,
PRSS38,False,True,False,1,,,362.0,2766.0,
PRSS8,True,True,False,2,8.301923877957533,4899.0,315.0,3552.0,
PRTG,True,False,False,1,10.081159278650585,2655.0,,,
PRUNE2,True,False,False,1,9.419704241573063,3336.0,,,
PRXL2A,True,False,False,1,8.990987190782988,3875.0,,,
PSAT1,True,False,False,1,11.683418556574638,1566.0,,,
PSG2,True,False,False,1,8.4796757037229,4614.0,,,
PSG4,True,False,False,1,8.999393166149392,3857.0,,,
PSG5,True,False,False,1,8.784307968977465,4145.0,,,
PSKH1,True,False,False,1,8.899246178721606,4004.0,,,
PSMA1,False,True,False,1,,,358.0,2826.0,
PSMA3,False,True,False,1,,,297.0,3954.0,
PSMA4,False,True,False,1,,,315.0,3551.0,
PSMA5,False,True,False,1,,,281.0,4348.0,
PSMB1,False,True,False,1,,,349.0,2960.0,
PSMB7,False,True,False,1,,,304.0,3787.0,
PSMB8,True,False,False,1,8.6412223795346,4349.0,,,
PSMC2,False,True,False,1,,,442.0,1890.0,
PSMC6,False,True,False,1,,,359.0,2805.0,
PSMD12,False,True,False,1,,,314.0,3582.0,
PSMD13,False,True,False,1,,,392.0,2400.0,
PSMD3,True,True,False,2,12.221966288830869,1325.0,633.0,840.0,
PSMD4,False,True,False,1,,,300.0,3880.0,
PSMD7,False,True,False,1,,,322.0,3424.0,
PSME3IP1,False,True,False,1,,,271.0,4649.0,
PSME4,False,True,False,1,,,287.0,4206.0,
PTAFR,True,True,False,2,8.385611135669182,4747.0,297.0,3963.0,
PTAR1,False,True,False,1,,,296.0,3996.0,
PTCD3,False,True,False,1,,,365.0,2723.0,
PTCHD1,False,True,False,1,,,276.0,4501.0,
PTDSS2,True,False,False,1,10.626386058322645,2243.0,,,
PTEN,True,False,False,1,16.200344121438484,413.0,,,
PTGDS,True,False,False,1,18.568260742530516,237.0,,,
PTGER2,True,False,False,1,9.69965572032938,3031.0,,,
PTGER3,True,False,False,1,10.10313969506664,2639.0,,,
PTGER4,True,False,False,1,11.19675577362408,1873.0,,,
PTGES3L,True,False,False,1,9.269764846237178,3497.0,,,
PTGES3L-AARSD1,True,False,False,1,11.4524838861029,1701.0,,,
PTGFR,True,False,False,1,9.630403096745257,3107.0,,,
PTGFRN,True,False,False,1,11.036055103931252,1967.0,,,
PTGIS,True,False,False,1,12.308209592221928,1287.0,,,
PTGS1,True,False,False,1,13.223620716929265,994.0,,,
PTGS2,True,False,False,1,16.574162994727054,371.0,,,
PTH1R,True,False,False,1,13.526054559725251,906.0,,,
PTHLH,True,False,False,1,8.573633749805804,4455.0,,,
PTK2B,True,False,False,1,9.513969747877864,3236.0,,,
PTK7,True,False,False,1,13.27884415757295,972.0,,,
PTMS,True,False,False,1,9.862551993160356,2854.0,,,
PTN,True,False,False,1,13.497831516467016,913.0,,,
PTOV1,True,True,False,2,10.274695972877373,2499.0,342.0,3068.0,
PTP4A3,True,False,False,1,17.15716021676315,319.0,,,
PTPA,True,True,False,2,11.440571506713749,1713.0,580.0,1023.0,
PTPN13,True,False,False,1,9.16988910784199,3623.0,,,
PTPN21,True,True,False,2,9.97099897011558,2766.0,304.0,3780.0,
PTPN22,True,False,False,1,8.866697209371464,4045.0,,,
PTPN23,True,True,False,2,9.573109995921442,3169.0,360.0,2791.0,
PTPN3,True,False,False,1,9.08352780923104,3747.0,,,
PTPN5,True,False,False,1,8.906880758809102,3995.0,,,
PTPN6,True,False,False,1,12.672326249616706,1150.0,,,
PTPN7,False,True,False,1,,,304.0,3789.0,
PTPN9,False,True,False,1,,,281.0,4354.0,
PTPRB,True,False,False,1,14.708155769806517,649.0,,,
PTPRC,True,True,False,2,17.14889292479144,320.0,695.0,688.0,
PTPRD,True,False,False,1,13.943923710959288,814.0,,,
PTPRE,True,False,False,1,10.124859325171812,2626.0,,,
PTPRF,True,False,False,1,12.794647143391009,1108.0,,,
PTPRG,True,False,False,1,9.106542109905696,3709.0,,,
PTPRH,True,False,False,1,8.528936441608051,4532.0,,,
PTPRJ,True,False,False,1,9.1207447826458,3694.0,,,
PTPRK,True,False,False,1,10.41453050552111,2398.0,,,
PTPRM,True,False,False,1,8.653862750428042,4331.0,,,
PTPRN,True,False,False,1,8.894690640252835,4012.0,,,
PTPRN2,True,True,False,2,9.153118723042573,3653.0,532.0,1246.0,
PTPRU,True,False,False,1,12.12655272722693,1358.0,,,
PTPRZ1,True,False,False,1,9.621120321517528,3116.0,,,
PTTG1,True,False,False,1,9.539793000003892,3201.0,,,
PTX3,True,False,False,1,21.36049012049944,138.0,,,
PUF60,True,False,False,1,15.30402488552151,543.0,,,
PUM2,False,True,False,1,,,712.0,642.0,
PURB,False,True,False,1,,,443.0,1876.0,
PVR,True,False,False,1,8.707631503798245,4252.0,,,
PWWP2B,True,False,False,1,8.323318034725066,4868.0,,,
PWWP3B,True,False,False,1,16.127994510919283,427.0,,,
PXDC1,True,False,False,1,9.657098986074487,3079.0,,,
PXDN,True,False,False,1,14.103315054104929,772.0,,,
PXDNL,True,True,False,2,14.658902665603124,659.0,327.0,3340.0,
PXN,True,False,False,1,10.228041874529085,2539.0,,,
PYCARD,True,False,False,1,8.811359567152593,4104.0,,,
PYCR1,True,False,False,1,14.055633019958236,786.0,,,
PYGB,True,False,False,1,12.23048233219482,1314.0,,,
PYGM,True,False,False,1,14.582221858621152,677.0,,,
PYROXD2,True,False,False,1,8.483604437597643,4599.0,,,
QPRT,True,False,False,1,10.55173779850378,2295.0,,,
QRICH1,False,True,False,1,,,521.0,1311.0,
QRICH2,False,True,False,1,,,327.0,3338.0,
QRSL1,False,True,False,1,,,323.0,3407.0,
QSOX1,True,False,False,1,10.209111690355666,2557.0,,,
R3HDM4,True,False,False,1,9.04759604304962,3788.0,,,
RAB10,False,True,False,1,,,273.0,4571.0,
RAB11FIP3,True,False,False,1,13.119001728144212,1019.0,,,
RAB11FIP4,True,True,False,2,8.489459226969176,4591.0,289.0,4149.0,
RAB11FIP5,True,False,False,1,10.569045988547645,2285.0,,,
RAB15,True,False,False,1,10.012092857794498,2722.0,,,
RAB17,True,False,False,1,8.369916487146435,4780.0,,,
RAB1B,True,False,False,1,10.461111780678136,2367.0,,,
RAB23,True,False,False,1,9.029761206478952,3813.0,,,
RAB25,False,True,False,1,,,306.0,3742.0,
RAB27B,True,False,False,1,11.28125908020049,1824.0,,,
RAB32,True,False,False,1,8.42828399066363,4680.0,,,
RAB34,True,False,False,1,8.70932983635839,4250.0,,,
RAB35,True,True,False,2,9.566685784990671,3175.0,573.0,1057.0,
RAB37,True,False,False,1,8.98099036840757,3887.0,,,
RAB3B,True,False,False,1,11.731726935639156,1543.0,,,
RAB3GAP1,False,True,False,1,,,454.0,1781.0,
RAB3GAP2,False,True,False,1,,,442.0,1888.0,
RAB3IL1,True,False,False,1,9.165837389075948,3636.0,,,
RAB40C,True,True,False,2,8.673511107719763,4305.0,621.0,873.0,
RAB43,True,False,False,1,11.453326896215897,1699.0,,,
RAB5A,False,True,False,1,,,411.0,2190.0,
RAB5C,True,True,False,2,10.95329398380966,2022.0,385.0,2477.0,
RAB6B,True,False,False,1,9.505709093816796,3246.0,,,
RAB9B,True,False,False,1,11.008592830994663,1982.0,,,
RABEP2,True,False,False,1,8.914681295661374,3980.0,,,
RABL3,False,True,False,1,,,351.0,2938.0,
RAC2,True,False,False,1,14.614933656469796,670.0,,,
RAC3,True,False,False,1,11.128827522901712,1916.0,,,
RAI1,True,True,False,2,12.578427013284314,1178.0,389.0,2428.0,
RAI14,True,False,False,1,11.122029401794556,1922.0,,,
RAI2,True,False,False,1,9.43327700669171,3319.0,,,
RALGAPA1,False,True,False,1,,,320.0,3467.0,
RALGAPB,False,True,False,1,,,1178.0,196.0,
RALGDS,True,True,False,2,11.177393889182632,1885.0,277.0,4478.0,
RALGPS1,False,True,False,1,,,640.0,822.0,
RAMP1,True,False,False,1,16.242691719015593,408.0,,,
RAMP2,True,False,False,1,10.363661929680347,2426.0,,,
RAMP3,True,True,False,2,12.398234682288129,1243.0,344.0,3044.0,
RANBP10,False,True,False,1,,,270.0,4670.0,
RANBP3,False,True,False,1,,,472.0,1637.0,
RANBP9,False,True,False,1,,,491.0,1500.0,
RANGAP1,True,False,False,1,8.694926743555841,4267.0,,,
RAP1GAP,True,False,False,1,10.93457719397458,2031.0,,,
RAP1GAP2,True,False,False,1,12.53699006544668,1196.0,,,
RAPGEF1,True,False,False,1,12.297092833007104,1294.0,,,
RAPGEF3,True,False,False,1,9.913700743335813,2813.0,,,
RAPGEF4,True,False,False,1,8.625154492118376,4372.0,,,
RAPGEF5,True,False,False,1,11.635899855297875,1588.0,,,
RAPGEFL1,False,True,False,1,,,443.0,1874.0,
RAPH1,True,False,False,1,10.064510265281989,2675.0,,,
RARA,True,False,False,1,8.447344617658207,4663.0,,,
RARRES2,True,False,False,1,14.568771649247058,680.0,,,
RARS1,False,True,False,1,,,412.0,2180.0,
RASA1,False,True,False,1,,,488.0,1522.0,
RASAL3,True,False,False,1,9.212765278963843,3569.0,,,
RASD1,True,False,False,1,11.011396018377988,1981.0,,,
RASD2,True,False,False,1,12.078949501465322,1383.0,,,
RASGRF2,True,False,False,1,9.011228492762024,3841.0,,,
RASGRP2,True,False,False,1,12.126208092717244,1359.0,,,
RASGRP4,False,True,False,1,,,387.0,2458.0,
RASIP1,True,False,False,1,12.73438625183806,1128.0,,,
RASL10B,True,False,False,1,12.435879376586175,1229.0,,,
RASL11B,True,False,False,1,12.994205971026249,1062.0,,,
RASL12,True,False,False,1,15.871654878293342,463.0,,,
RASSF2,True,False,False,1,9.734246080952008,2997.0,,,
RASSF5,True,False,False,1,9.09047308365744,3738.0,,,
RASSF7,True,False,False,1,8.721570565851254,4237.0,,,
RAVER1,True,False,False,1,12.679707237040551,1148.0,,,
RB1,False,True,False,1,,,264.0,4841.0,
RBAK,False,True,False,1,,,359.0,2812.0,
RBBP8NL,False,True,False,1,,,269.0,4686.0,
RBFOX1,True,True,False,2,10.992008582177366,1994.0,431.0,1989.0,
RBFOX2,True,False,False,1,9.706662734063908,3021.0,,,
RBM10,False,True,False,1,,,456.0,1762.0,
RBM18,False,True,False,1,,,321.0,3449.0,
RBM20,True,True,False,2,21.93654270971372,122.0,489.0,1517.0,
RBM24,True,False,False,1,16.704621276479692,359.0,,,
RBM26,False,True,False,1,,,287.0,4214.0,
RBM38,True,False,False,1,13.24429278254881,989.0,,,
RBM42,False,True,False,1,,,264.0,4839.0,
RBM47,True,False,False,1,9.82020203094306,2898.0,,,
RBP1,True,False,False,1,9.922738876381205,2808.0,,,
RBP4,True,False,False,1,12.708729675169485,1141.0,,,
RBP7,True,False,False,1,9.508706335702929,3242.0,,,
RBPMS2,True,False,False,1,17.40408113806631,305.0,,,
RBSN,False,True,False,1,,,609.0,914.0,
RC3H2,False,True,False,1,,,421.0,2095.0,
RCAN2,True,False,False,1,19.594217675816935,202.0,,,
RCC1L,True,True,False,2,8.516104635218058,4548.0,471.0,1647.0,
RCN1,True,False,False,1,9.99081743316104,2745.0,,,
RCN3,True,False,False,1,13.825327007179895,844.0,,,
RCOR2,True,True,False,2,10.744469205614225,2154.0,331.0,3255.0,
RCSD1,True,False,False,1,15.944563990060852,452.0,,,
RD3L,True,False,False,1,9.933555498681184,2798.0,,,
RDH16,False,True,False,1,,,538.0,1220.0,
REC8,True,False,False,1,8.596320697689805,4417.0,,,
RECK,False,True,False,1,,,296.0,3990.0,
RECQL4,True,True,False,2,9.6468070343843,3087.0,295.0,4021.0,
RECQL5,False,True,False,1,,,581.0,1019.0,
REEP1,True,True,False,2,12.295532126326338,1295.0,365.0,2719.0,
REEP2,True,False,False,1,9.190471236761873,3597.0,,,
REEP4,True,False,False,1,9.132859376214846,3674.0,,,
RELA,False,True,False,1,,,298.0,3936.0,
RELB,True,False,False,1,9.0482765971871,3786.0,,,
RELCH,False,True,False,1,,,514.0,1353.0,
RELN,True,False,False,1,11.437951666760778,1715.0,,,
RERG,True,False,False,1,9.770946917321908,2957.0,,,
RETREG1,True,True,False,2,12.122464740194586,1360.0,277.0,4477.0,
REV1,False,True,False,1,,,371.0,2642.0,
REXO1,True,True,False,2,11.583561334779889,1627.0,383.0,2502.0,
RFLNA,True,False,False,1,10.771174924916394,2138.0,,,
RFNG,True,True,False,2,8.291798852162916,4914.0,279.0,4417.0,
RFWD3,False,True,False,1,,,300.0,3883.0,
RFX4,False,True,False,1,,,263.0,4872.0,
RGCC,True,False,False,1,13.574924701062884,898.0,,,
RGL2,True,False,False,1,9.482845011433248,3270.0,,,
RGL3,True,False,False,1,8.75028444881879,4201.0,,,
RGMB,True,False,False,1,9.534483868419644,3210.0,,,
RGN,True,False,False,1,9.217879764453896,3561.0,,,
RGPD1,True,False,False,1,8.424310573051025,4690.0,,,
RGPD2,True,False,False,1,11.43755356697799,1716.0,,,
RGPD6,True,False,False,1,8.684048691382962,4288.0,,,
RGS1,True,False,False,1,10.06055350720568,2682.0,,,
RGS11,True,False,False,1,9.70346663011864,3026.0,,,
RGS18,True,False,False,1,11.70086193660651,1561.0,,,
RGS4,True,False,False,1,15.432900143357871,532.0,,,
RGS5,True,False,False,1,12.298313748356067,1293.0,,,
RGS6,True,False,False,1,12.759656945100032,1119.0,,,
RGS7BP,True,False,False,1,9.66773361369809,3067.0,,,
RGSL1,False,True,False,1,,,929.0,362.0,
RHBDD3,False,True,False,1,,,290.0,4130.0,
RHBDF1,True,False,False,1,10.987843458817268,1996.0,,,
RHBDF2,False,True,False,1,,,275.0,4527.0,
RHOB,True,False,False,1,13.045984834736348,1046.0,,,
RHOC,True,False,False,1,8.744782238372032,4204.0,,,
RHOD,True,False,False,1,9.989060238898626,2748.0,,,
RHOH,False,True,False,1,,,312.0,3621.0,
RHOJ,True,False,False,1,12.07490368329891,1385.0,,,
RHOT2,True,True,False,2,9.5824078547627,3159.0,324.0,3394.0,
RHOU,True,False,False,1,8.866770283821152,4042.0,,,
RHPN1,True,False,False,1,8.97418211212423,3899.0,,,
RIC1,False,True,False,1,,,311.0,3640.0,
RIC3,True,True,False,2,11.443182179279486,1709.0,304.0,3791.0,
RIC8A,False,True,False,1,,,571.0,1064.0,
RILP,True,False,False,1,8.350893029250166,4821.0,,,
RIMBP2,False,True,False,1,,,296.0,3980.0,
RIMKLA,True,True,False,2,11.979281411614902,1419.0,486.0,1540.0,
RIMS3,True,False,False,1,9.630963193927386,3102.0,,,
RIMS4,True,False,False,1,12.813877094364983,1102.0,,,
RIN3,True,False,False,1,10.241608158795804,2527.0,,,
RING1,True,False,False,1,13.265794052341375,982.0,,,
RIOK2,False,True,False,1,,,428.0,2020.0,
RIPK1,False,True,False,1,,,374.0,2606.0,
RIPK4,True,False,False,1,9.941711150639197,2790.0,,,
RIPOR1,True,False,False,1,10.27245278009882,2503.0,,,
RIPOR2,True,False,False,1,11.206732443297032,1866.0,,,
RIPOR3,True,False,False,1,8.3564742206671,4806.0,,,
RIT2,False,True,False,1,,,1496.0,88.0,
RLIM,False,True,False,1,,,673.0,738.0,
RMDN1,False,True,False,1,,,460.0,1720.0,
RMDN3,False,True,False,1,,,279.0,4410.0,
RNASE1,True,False,False,1,17.257609414399244,311.0,,,
RNASE6,True,True,False,2,9.234782484704922,3539.0,286.0,4236.0,
RND3,True,False,False,1,11.28614448017452,1819.0,,,
RNF103,False,True,False,1,,,306.0,3751.0,
RNF123,True,False,False,1,10.706631414173344,2177.0,,,
RNF128,True,False,False,1,8.748706891436802,4203.0,,,
RNF135,False,True,False,1,,,320.0,3469.0,
RNF144A,True,False,False,1,10.456784366026753,2369.0,,,
RNF144B,True,False,False,1,10.180548453125102,2581.0,,,
RNF150,True,False,False,1,14.940080522983298,606.0,,,
RNF165,True,False,False,1,8.480454173347916,4609.0,,,
RNF166,True,False,False,1,8.473724885780364,4626.0,,,
RNF167,True,True,False,2,9.264169146122036,3501.0,317.0,3512.0,
RNF185,False,True,False,1,,,400.0,2302.0,
RNF207,True,True,False,2,11.886014725870233,1475.0,428.0,2027.0,
RNF208,True,False,False,1,8.473511415208995,4628.0,,,
RNF26,True,False,False,1,8.573218053734191,4457.0,,,
RNF31,True,True,False,2,8.799079331104583,4119.0,619.0,884.0,
RNF40,False,True,False,1,,,282.0,4322.0,
RNF43,True,False,False,1,9.504686666608965,3249.0,,,
RNF44,True,False,False,1,8.95550246344274,3923.0,,,
RNF5,True,False,False,1,12.998545907014224,1061.0,,,
RNGTT,False,True,False,1,,,283.0,4299.0,
RNPEPL1,True,False,False,1,9.299351483866694,3456.0,,,
ROBO1,True,False,False,1,10.656420856090367,2218.0,,,
ROBO2,True,False,False,1,12.140319695219782,1352.0,,,
ROBO4,True,False,False,1,20.422076157732857,169.0,,,
ROGDI,True,False,False,1,9.696991395508444,3035.0,,,
ROPN1B,False,True,False,1,,,283.0,4300.0,
ROR1,True,False,False,1,9.849236544131822,2867.0,,,
ROR2,True,False,False,1,13.935503468337345,815.0,,,
RORC,True,True,False,2,10.537979549547346,2305.0,275.0,4528.0,
RPAP1,False,True,False,1,,,458.0,1737.0,
RPAP2,False,True,False,1,,,406.0,2236.0,
RPE,False,True,False,1,,,265.0,4819.0,
RPL36A-HNRNPH2,True,False,False,1,13.72635259726911,864.0,,,
RPL3L,True,True,False,2,11.44958560852897,1706.0,312.0,3618.0,
RPN1,True,False,False,1,10.312111961175088,2469.0,,,
RPP21,True,False,False,1,9.720823864072228,3005.0,,,
RPRD1A,False,True,False,1,,,578.0,1035.0,
RPRD1B,False,True,False,1,,,435.0,1950.0,
RPS10,True,False,False,1,8.339621898995544,4842.0,,,
RPS17,True,True,False,2,12.844028131343926,1096.0,388.0,2450.0,
RPS18,True,False,False,1,14.59972052056424,673.0,,,
RPS4Y1,True,False,False,1,28.178479921655484,47.0,,,
RPS6KA1,True,False,False,1,8.59587062481538,4418.0,,,
RPS6KA2,True,False,False,1,10.172468999151873,2591.0,,,
RPS6KA4,True,False,False,1,10.811629839187995,2115.0,,,
RPS6KB1,False,True,False,1,,,454.0,1780.0,
RPS9,True,False,False,1,13.996653554894626,797.0,,,
RPTOR,True,True,False,2,9.805588629972062,2921.0,466.0,1668.0,
RPUSD1,True,True,False,2,8.898949580685722,4007.0,280.0,4374.0,
RRAD,True,False,False,1,15.029500819281404,591.0,,,
RRAGD,True,False,False,1,12.351118700026923,1267.0,,,
RRAS,True,False,False,1,8.91809943464582,3977.0,,,
RRBP1,True,False,False,1,8.795600459470284,4128.0,,,
RRM2,True,False,False,1,9.995546224422878,2741.0,,,
RRN3,True,False,False,1,10.149075904151598,2611.0,,,
RSAD1,True,True,False,2,8.645393230380904,4340.0,270.0,4669.0,
RSAD2,True,False,False,1,10.690057649111852,2186.0,,,
RSC1A1,True,False,False,1,9.790190243596452,2935.0,,,
RSKR,False,True,False,1,,,266.0,4784.0,
RSPO3,True,False,False,1,9.658124123264246,3076.0,,,
RSPRY1,False,True,False,1,,,483.0,1561.0,
RTCB,False,True,False,1,,,331.0,3245.0,
RTEL1,True,True,False,2,9.801750595027936,2926.0,439.0,1919.0,
RTEL1-TNFRSF6B,True,False,False,1,9.291804632477511,3466.0,,,
RTKN,True,True,False,2,9.299374593686286,3455.0,281.0,4342.0,
RTL5,True,False,False,1,8.686087269131388,4279.0,,,
RTL6,True,False,False,1,9.4937665760996,3259.0,,,
RTN4RL1,True,False,False,1,8.420304836910208,4698.0,,,
RTRAF,False,True,False,1,,,327.0,3334.0,
RTTN,False,True,False,1,,,332.0,3233.0,
RUBCN,True,False,False,1,8.386701782792018,4745.0,,,
RUNX1,True,False,False,1,8.584494443696,4435.0,,,
RUNX1T1,True,False,False,1,8.468936570195345,4635.0,,,
RUNX3,True,False,False,1,9.543975938006565,3196.0,,,
RUSC2,True,False,False,1,11.979050858391115,1420.0,,,
RUSF1,True,True,False,2,13.90910692496373,827.0,430.0,1996.0,
RUVBL2,False,True,False,1,,,379.0,2550.0,
RXRA,True,False,False,1,8.31979919594279,4871.0,,,
RXRB,True,False,False,1,11.876465941633844,1478.0,,,
RXRG,True,False,False,1,11.374397853889963,1755.0,,,
RYK,False,True,False,1,,,326.0,3360.0,
RYR1,True,False,False,1,8.94342901680069,3942.0,,,
RYR2,True,True,True,3,38.91461118070816,13.0,347.0,3000.0,both
S100A1,True,False,False,1,14.819949882222076,631.0,,,
S100A10,True,False,False,1,8.305905669267576,4894.0,,,
S100A11,True,False,False,1,10.182218838718832,2579.0,,,
S100A16,True,False,False,1,13.659543284590733,878.0,,,
S100A4,True,False,False,1,11.13110554734664,1914.0,,,
S100A6,True,False,False,1,12.0341391795754,1399.0,,,
S100A7A,False,True,False,1,,,962.0,336.0,
S100A8,True,False,False,1,15.431335391668815,533.0,,,
S100A9,True,True,False,2,19.70138583872284,197.0,356.0,2859.0,
S100B,True,False,False,1,9.18269538265787,3606.0,,,
S100PBP,False,True,False,1,,,289.0,4148.0,
S1PR1,True,False,False,1,12.098853049504882,1376.0,,,
SAA1,True,False,False,1,9.298616592444828,3458.0,,,
SAG,False,True,False,1,,,1300.0,144.0,
SALL1,True,False,False,1,11.726318717623837,1546.0,,,
SALL2,True,False,False,1,9.544536549735534,3194.0,,,
SALL4,True,False,False,1,8.588231114092155,4428.0,,,
SAMD11,True,False,False,1,8.324596240038618,4862.0,,,
SAMD4A,True,False,False,1,8.782757386468534,4148.0,,,
SAMD7,False,True,False,1,,,374.0,2608.0,
SAMD9,True,False,False,1,13.024847068504933,1053.0,,,
SAMD9L,True,False,False,1,14.619288628605464,668.0,,,
SAMM50,False,True,False,1,,,296.0,3982.0,
SAMSN1,True,False,False,1,10.725410954006929,2166.0,,,
SAPCD2,True,False,False,1,9.835253862973367,2886.0,,,
SARS2,True,False,False,1,8.547366797750856,4501.0,,,
SASH3,True,True,False,2,12.052416361881434,1391.0,720.0,623.0,
SBF1,True,False,False,1,9.797485772498623,2931.0,,,
SBF2,False,True,False,1,,,271.0,4643.0,
SBK1,True,False,False,1,9.244623159014417,3526.0,,,
SBNO2,True,False,False,1,12.91182875757981,1083.0,,,
SCAF1,True,True,False,2,13.27559552617459,974.0,481.0,1577.0,
SCAF8,False,True,False,1,,,699.0,676.0,
SCAI,False,True,False,1,,,402.0,2283.0,
SCAMP5,True,False,False,1,8.578173159701837,4444.0,,,
SCAP,True,True,False,2,8.543330363526367,4505.0,457.0,1748.0,
SCARA3,True,False,False,1,15.380610956716971,539.0,,,
SCARA5,True,False,False,1,15.227980384782864,564.0,,,
SCARB2,False,True,False,1,,,414.0,2162.0,
SCARF1,True,False,False,1,11.555950155987755,1644.0,,,
SCARF2,True,False,False,1,12.17255692626169,1336.0,,,
SCD,True,False,False,1,12.595660137439856,1169.0,,,
SCFD1,False,True,False,1,,,297.0,3953.0,
SCG2,True,False,False,1,12.618057398893807,1164.0,,,
SCG3,False,True,False,1,,,330.0,3266.0,
SCHIP1,True,False,False,1,10.341645598457808,2445.0,,,
SCML4,False,True,False,1,,,386.0,2466.0,
SCN2B,True,True,False,2,11.88597804284074,1476.0,349.0,2966.0,
SCN3A,True,False,False,1,8.509562981828058,4561.0,,,
SCN4B,True,False,False,1,11.57168363459213,1632.0,,,
SCN5A,True,False,False,1,20.659263714270008,156.0,,,
SCN7A,True,False,False,1,12.079292279354096,1382.0,,,
SCNN1D,False,True,False,1,,,353.0,2914.0,
SCO1,False,True,False,1,,,429.0,2008.0,
SCRIB,True,True,False,2,12.429722679760935,1232.0,364.0,2738.0,
SCRN1,True,False,False,1,8.739880273623196,4213.0,,,
SCRN2,True,False,False,1,8.779462762920081,4154.0,,,
SCUBE3,True,False,False,1,11.205560280130674,1870.0,,,
SCYL1,True,True,False,2,8.624574448705696,4375.0,466.0,1669.0,
SCYL2,False,True,False,1,,,310.0,3657.0,
SDAD1,False,True,False,1,,,357.0,2848.0,
SDC1,True,False,False,1,13.14806444163886,1009.0,,,
SDC2,True,False,False,1,10.181984855211958,2580.0,,,
SDF4,True,True,False,2,9.038145053453649,3801.0,264.0,4836.0,
SDK1,True,False,False,1,9.744553184745342,2987.0,,,
SDK2,True,True,False,2,13.401804058571413,940.0,557.0,1138.0,
SEC14L2,True,False,False,1,9.705346529732909,3022.0,,,
SEC14L5,True,False,False,1,9.5312308031508,3213.0,,,
SEC16A,True,True,False,2,8.813592067855506,4101.0,429.0,2011.0,
SEC22C,False,True,False,1,,,328.0,3307.0,
SEC23IP,False,True,False,1,,,271.0,4640.0,
SEC24B,False,True,False,1,,,492.0,1495.0,
SEC24C,False,True,False,1,,,605.0,929.0,
SEC24D,False,True,False,1,,,284.0,4282.0,
SEC31B,True,True,False,2,8.684246716844601,4285.0,371.0,2640.0,
SEC61A1,True,True,False,2,10.661420082058669,2214.0,603.0,935.0,
SECISBP2L,False,True,False,1,,,345.0,3033.0,
SECTM1,True,False,False,1,10.987414735051445,1997.0,,,
SEL1L3,True,False,False,1,12.18864614443334,1331.0,,,
SELE,True,False,False,1,12.938269275055063,1074.0,,,
SELENBP1,True,False,False,1,8.444593766140528,4666.0,,,
SELENOM,True,False,False,1,8.811649146942907,4103.0,,,
SELENON,True,False,False,1,12.85681695022567,1092.0,,,
SELENOO,True,True,False,2,9.020292962412324,3829.0,334.0,3197.0,
SELENOP,True,False,False,1,15.461772539070184,525.0,,,
SELENOV,False,True,False,1,,,457.0,1755.0,
SELL,True,False,False,1,13.921938380002167,822.0,,,
SELP,True,False,False,1,13.686566125738874,872.0,,,
SELPLG,True,False,False,1,9.173000358834368,3618.0,,,
SEMA3A,True,False,False,1,9.157283384705782,3646.0,,,
SEMA3B,True,False,False,1,10.433922169785989,2380.0,,,
SEMA3C,True,False,False,1,10.890100281547214,2069.0,,,
SEMA3D,True,False,False,1,8.377214021331712,4763.0,,,
SEMA3F,True,False,False,1,14.982038722095009,601.0,,,
SEMA3G,True,False,False,1,12.229930971269551,1315.0,,,
SEMA4B,True,False,False,1,9.709219753106186,3016.0,,,
SEMA4C,True,True,False,2,9.61792564855016,3119.0,324.0,3398.0,
SEMA4D,True,False,False,1,10.708318797232488,2175.0,,,
SEMA4G,False,True,False,1,,,292.0,4085.0,
SEMA5A,True,False,False,1,12.656017317337396,1154.0,,,
SEMA5B,True,False,False,1,9.657054889714404,3080.0,,,
SEMA6A,True,False,False,1,9.639010488382782,3092.0,,,
SEMA6B,True,False,False,1,14.244443248411732,741.0,,,
SEMA6C,True,False,False,1,11.68828977399223,1563.0,,,
SEMA6D,True,False,False,1,10.076805489868464,2659.0,,,
SEMA7A,True,False,False,1,8.977141638120614,3893.0,,,
SENP3,True,True,False,2,11.79727516743799,1508.0,392.0,2397.0,
SENP3-EIF4A1,True,False,False,1,9.879812916560027,2834.0,,,
SENP6,False,True,False,1,,,692.0,699.0,
SEPTIN3,False,True,False,1,,,523.0,1292.0,
SEPTIN4,True,False,False,1,8.671419590746478,4307.0,,,
SEPTIN5,True,False,False,1,11.490183303818364,1678.0,,,
SEPTIN9,True,False,False,1,10.977626579779256,2009.0,,,
SERINC2,True,False,False,1,11.03353198830509,1968.0,,,
SERPINA1,True,False,False,1,19.92923990270215,185.0,,,
SERPINA10,False,True,False,1,,,347.0,3012.0,
SERPINA11,False,True,False,1,,,306.0,3747.0,
SERPINA3,True,False,False,1,16.391482877398825,385.0,,,
SERPINA4,False,True,False,1,,,284.0,4273.0,
SERPINA5,True,False,False,1,9.866965437322753,2850.0,,,
SERPINB13,False,True,False,1,,,721.0,621.0,
SERPINB2,True,False,False,1,14.26694517183207,735.0,,,
SERPINB8,False,True,False,1,,,262.0,4905.0,
SERPINC1,False,True,False,1,,,314.0,3576.0,
SERPIND1,True,False,False,1,10.858366251106458,2083.0,,,
SERPINE1,True,False,False,1,25.05393988294272,73.0,,,
SERPINE2,True,False,False,1,11.96633228842479,1428.0,,,
SERPINF1,True,False,False,1,13.251218439697894,986.0,,,
SERPING1,True,False,False,1,11.179151263081028,1881.0,,,
SERPINH1,True,False,False,1,11.909103907475776,1457.0,,,
SERTAD3,True,False,False,1,8.404227902740375,4723.0,,,
SETD1A,True,True,False,2,9.630840777585158,3104.0,309.0,3671.0,
SETD2,False,True,False,1,,,263.0,4881.0,
SETDB1,False,True,False,1,,,581.0,1020.0,
SETDB2,False,True,False,1,,,271.0,4644.0,
SETX,False,True,False,1,,,432.0,1976.0,
SEZ6L2,True,False,False,1,11.814113816693832,1502.0,,,
SF3A2,True,False,False,1,11.98693928656547,1416.0,,,
SF3B4,True,False,False,1,8.549725404118844,4497.0,,,
SF3B5,False,True,False,1,,,274.0,4557.0,
SF3B6,False,True,False,1,,,284.0,4277.0,
SFMBT2,True,False,False,1,11.06192122948162,1951.0,,,
SFRP1,True,False,False,1,15.591763059720854,505.0,,,
SFRP2,True,False,False,1,13.313976084570031,965.0,,,
SFRP4,True,False,False,1,17.491739935628555,298.0,,,
SFRP5,True,False,False,1,15.442181336050565,529.0,,,
SFXN3,True,False,False,1,8.648072511080782,4335.0,,,
SGCA,True,False,True,2,16.29723394353013,402.0,,,both
SGCB,False,False,True,1,,,,,both
SGCD,True,False,True,2,16.173235189056843,421.0,,,both
SGCE,False,False,True,1,,,,,both
SGCG,True,False,True,2,12.157891583589972,1343.0,,,both
SGCZ,False,False,True,1,,,,,both
SGK1,True,False,False,1,8.528144973876511,4534.0,,,
SGK2,False,True,False,1,,,272.0,4600.0,
SGMS2,True,False,False,1,9.971149019689236,2765.0,,,
SGSH,True,False,False,1,9.21963648476744,3558.0,,,
SGSM1,True,False,False,1,8.871446722999911,4035.0,,,
SGSM2,True,True,False,2,8.662398566972822,4317.0,574.0,1054.0,
SGTA,True,True,False,2,9.168602792103288,3627.0,490.0,1508.0,
SH2B3,True,True,False,2,9.33171002202492,3418.0,307.0,3714.0,
SH2D1A,False,True,False,1,,,306.0,3746.0,
SH2D3C,True,False,False,1,13.864244227798617,835.0,,,
SH2D5,True,False,False,1,8.466920277855595,4638.0,,,
SH3BGR,True,False,False,1,15.584531587385817,506.0,,,
SH3BGRL3,True,False,False,1,8.781024119695951,4152.0,,,
SH3BP1,True,False,False,1,8.71043864694619,4247.0,,,
SH3BP4,True,False,False,1,9.601969658571472,3137.0,,,
SH3BP5L,True,False,False,1,10.78958423141043,2126.0,,,
SH3D19,True,False,False,1,10.419095165940918,2395.0,,,
SH3GL1,True,True,False,2,9.461147100927924,3291.0,560.0,1119.0,
SH3GL2,True,False,False,1,8.340069099475732,4840.0,,,
SH3GL3,True,True,False,2,13.02858574068477,1051.0,274.0,4554.0,
SH3GLB2,True,False,False,1,8.413270638402006,4713.0,,,
SH3PXD2A,True,False,False,1,8.548510605762468,4499.0,,,
SH3PXD2B,True,False,False,1,10.881453590329686,2071.0,,,
SH3RF2,True,False,False,1,12.090012424757385,1379.0,,,
SH3RF3,True,False,False,1,9.440343610767114,3312.0,,,
SH3TC1,True,False,False,1,11.973787218555854,1425.0,,,
SHANK2,True,False,False,1,8.533104162717366,4524.0,,,
SHANK3,True,False,False,1,10.194606785313772,2568.0,,,
SHB,True,False,False,1,8.440032686044075,4670.0,,,
SHC1,True,True,False,2,11.128589060634312,1917.0,344.0,3047.0,
SHC2,True,False,False,1,12.834008161609091,1098.0,,,
SHC3,True,False,False,1,10.67947501743867,2194.0,,,
SHD,True,False,False,1,11.536557699784442,1652.0,,,
SHE,True,False,False,1,13.480518734826758,920.0,,,
SHF,False,True,False,1,,,301.0,3858.0,
SHFL,False,True,False,1,,,294.0,4038.0,
SHISA3,True,False,False,1,10.594875192695492,2263.0,,,
SHISA4,True,False,False,1,8.87129403570909,4036.0,,,
SHISAL1,True,False,False,1,8.875959849042331,4031.0,,,
SHKBP1,True,False,False,1,9.130593814792702,3677.0,,,
SHMT1,True,False,False,1,12.52457403147194,1205.0,,,
SHQ1,False,True,False,1,,,268.0,4715.0,
SHROOM2,True,False,False,1,11.119641609220835,1924.0,,,
SHROOM3,True,False,False,1,10.175930686360449,2586.0,,,
SIDT1,False,True,False,1,,,369.0,2674.0,
SIGLEC1,True,True,False,2,13.262157317785558,985.0,455.0,1768.0,
SIGLEC10,False,True,False,1,,,353.0,2913.0,
SIGLEC5,False,True,False,1,,,557.0,1141.0,
SIGLEC7,False,True,False,1,,,519.0,1321.0,
SIGLEC9,True,True,False,2,8.357816907322917,4801.0,649.0,798.0,
SIGLECL1,False,True,False,1,,,396.0,2349.0,
SIGMAR1,True,False,False,1,8.550127135852765,4495.0,,,
SIK1,True,False,False,1,8.999085297676498,3858.0,,,
SIKE1,False,True,False,1,,,264.0,4835.0,
SIN3A,False,True,False,1,,,371.0,2645.0,
SIN3B,True,True,False,2,9.162037110263611,3640.0,704.0,662.0,
SIPA1,True,False,False,1,11.128084308595524,1918.0,,,
SIPA1L2,True,False,False,1,12.343339021156009,1271.0,,,
SIPA1L3,True,False,False,1,8.684168810180907,4286.0,,,
SIRPA,True,False,False,1,8.973115193341169,3903.0,,,
SIRPB2,True,False,False,1,9.134284285009247,3671.0,,,
SIRPD,False,True,False,1,,,317.0,3514.0,
SIRPG,False,True,False,1,,,276.0,4495.0,
SIRT5,False,True,False,1,,,398.0,2323.0,
SIRT6,True,True,False,2,9.28861872160399,3473.0,488.0,1520.0,
SIX5,True,False,False,1,13.816951038904694,846.0,,,
SKA1,True,False,False,1,9.978224231373396,2757.0,,,
SKA3,True,False,False,1,8.677857294181763,4298.0,,,
SKI,True,False,False,1,9.25758790244336,3507.0,,,
SKIV2L,True,False,False,1,8.6015834910555,4406.0,,,
SLA,True,True,False,2,13.772153714539106,855.0,551.0,1173.0,
SLAIN1,True,False,False,1,9.632274847929038,3097.0,,,
SLAMF1,False,True,False,1,,,363.0,2745.0,
SLAMF6,False,True,False,1,,,422.0,2083.0,
SLC10A1,False,True,False,1,,,265.0,4802.0,
SLC11A1,False,True,False,1,,,442.0,1887.0,
SLC12A4,True,False,False,1,9.486200064047669,3267.0,,,
SLC12A7,True,False,False,1,15.579477887356347,507.0,,,
SLC12A9,False,True,False,1,,,276.0,4500.0,
SLC13A4,False,True,False,1,,,327.0,3342.0,
SLC14A1,True,False,False,1,10.062498873688297,2680.0,,,
SLC15A2,False,True,False,1,,,317.0,3517.0,
SLC15A3,True,False,False,1,10.093550380217648,2644.0,,,
SLC16A1,True,False,False,1,16.89720125028773,341.0,,,
SLC16A10,False,True,False,1,,,316.0,3528.0,
SLC16A12,True,False,False,1,11.765121525251727,1521.0,,,
SLC16A2,True,False,False,1,9.723749365385196,3002.0,,,
SLC16A3,True,False,False,1,11.756502931222794,1528.0,,,
SLC17A1,False,True,False,1,,,295.0,4013.0,
SLC17A2,False,True,False,1,,,355.0,2875.0,
SLC17A9,True,False,False,1,10.291144207142311,2481.0,,,
SLC19A2,True,False,False,1,8.692944699072385,4270.0,,,
SLC1A1,True,False,False,1,10.268456160743492,2507.0,,,
SLC1A3,True,False,False,1,16.178160354321026,419.0,,,
SLC1A5,True,False,False,1,11.282544542138451,1823.0,,,
SLC1A6,False,True,False,1,,,681.0,723.0,
SLC20A2,True,True,False,2,8.322500592133421,4869.0,326.0,3361.0,
SLC22A10,False,True,False,1,,,276.0,4507.0,
SLC22A15,True,False,False,1,8.677630518836724,4299.0,,,
SLC22A17,True,False,False,1,11.111428441138624,1927.0,,,
SLC22A25,False,True,False,1,,,1177.0,197.0,
SLC22A3,True,False,False,1,10.42208233394597,2392.0,,,
SLC22A5,False,True,False,1,,,342.0,3076.0,
SLC23A1,False,True,False,1,,,279.0,4418.0,
SLC24A3,True,False,False,1,10.813267726487505,2114.0,,,
SLC24A4,False,True,False,1,,,340.0,3103.0,
SLC25A1,True,False,False,1,9.195838653942229,3591.0,,,
SLC25A10,True,False,False,1,9.274694391219578,3491.0,,,
SLC25A16,False,True,False,1,,,318.0,3494.0,
SLC25A22,True,True,False,2,9.663214095191336,3073.0,275.0,4534.0,
SLC25A23,True,False,False,1,9.892920852251342,2822.0,,,
SLC25A25,True,False,False,1,9.512650250637725,3237.0,,,
SLC25A27,True,True,False,2,9.70675813909662,3020.0,342.0,3073.0,
SLC25A29,True,False,False,1,12.02335370836716,1404.0,,,
SLC25A39,True,False,False,1,9.167197178946443,3631.0,,,
SLC25A4,True,False,False,1,11.73597188675499,1541.0,,,
SLC25A46,False,True,False,1,,,626.0,860.0,
SLC25A47,False,True,False,1,,,279.0,4411.0,
SLC26A1,False,True,False,1,,,267.0,4737.0,
SLC26A6,True,False,False,1,9.397909249869974,3351.0,,,
SLC26A9,True,False,False,1,11.845317968929452,1488.0,,,
SLC27A4,True,False,False,1,9.446189225709697,3303.0,,,
SLC27A6,True,True,False,2,20.98741370146299,146.0,331.0,3247.0,
SLC28A3,True,False,False,1,9.966826812732371,2771.0,,,
SLC29A1,True,False,False,1,9.969857292303994,2769.0,,,
SLC29A2,True,True,False,2,11.139705789033409,1909.0,343.0,3063.0,
SLC2A10,True,False,False,1,8.776372726651605,4161.0,,,
SLC2A12,True,False,False,1,9.767226898150057,2961.0,,,
SLC2A4,True,True,False,2,12.448030592163532,1222.0,287.0,4220.0,
SLC30A3,True,False,False,1,12.015375294630376,1408.0,,,
SLC30A5,False,True,False,1,,,429.0,2010.0,
SLC30A6,False,True,False,1,,,454.0,1782.0,
SLC30A9,False,True,False,1,,,403.0,2271.0,
SLC32A1,False,True,False,1,,,370.0,2660.0,
SLC35B2,True,False,False,1,9.065031297571752,3769.0,,,
SLC35C2,False,True,False,1,,,358.0,2824.0,
SLC35F1,True,True,False,2,11.143435701077983,1907.0,283.0,4310.0,
SLC35F5,False,True,False,1,,,303.0,3805.0,
SLC38A10,True,False,False,1,8.358858253089181,4799.0,,,
SLC38A3,True,False,False,1,10.7537011148612,2152.0,,,
SLC38A5,True,False,False,1,11.370226282494444,1759.0,,,
SLC39A1,True,False,False,1,8.392535406258036,4739.0,,,
SLC39A13,True,True,False,2,8.854981536592398,4058.0,266.0,4783.0,
SLC39A14,True,False,False,1,10.51312820840801,2328.0,,,
SLC39A7,True,False,False,1,12.812406471560324,1104.0,,,
SLC40A1,True,False,False,1,8.63039249842909,4363.0,,,
SLC41A1,True,False,False,1,9.857587666350978,2858.0,,,
SLC43A2,True,False,False,1,9.114496877435046,3699.0,,,
SLC43A3,True,False,False,1,9.61706099755038,3121.0,,,
SLC44A5,True,False,False,1,10.73531335151604,2163.0,,,
SLC4A1AP,False,True,False,1,,,262.0,4904.0,
SLC4A2,True,True,False,2,12.85205977563752,1094.0,414.0,2163.0,
SLC4A3,True,True,False,2,20.94147993172892,149.0,310.0,3656.0,
SLC4A4,True,False,False,1,12.131421218025984,1355.0,,,
SLC52A2,True,False,False,1,11.537640533566158,1651.0,,,
SLC5A1,True,True,False,2,20.251643807391236,176.0,456.0,1759.0,
SLC5A6,True,False,False,1,8.332424476166997,4853.0,,,
SLC6A1,True,False,False,1,9.15493061889303,3650.0,,,
SLC6A6,True,False,False,1,9.564994849756154,3179.0,,,
SLC6A8,True,False,False,1,10.534820713359675,2306.0,,,
SLC6A9,True,False,False,1,9.309352271832866,3444.0,,,
SLC7A1,True,False,False,1,8.426264460722523,4687.0,,,
SLC7A11,True,False,False,1,14.386584276036611,713.0,,,
SLC7A2,True,False,False,1,14.997001177451311,595.0,,,
SLC7A3,False,True,False,1,,,322.0,3432.0,
SLC7A5,True,False,False,1,14.157426065499807,762.0,,,
SLC7A8,True,False,False,1,9.10614999925119,3710.0,,,
SLC8A1,True,False,True,2,15.767661389101049,476.0,,,both
SLC8A2,False,False,True,1,,,,,both
SLC8A3,False,False,True,1,,,,,both
SLC8B1,False,True,False,1,,,380.0,2536.0,
SLC9A1,True,False,False,1,9.535477258591374,3206.0,,,
SLC9A3R1,True,False,False,1,9.336630582495202,3414.0,,,
SLC9A3R2,True,False,False,1,11.894454696345663,1468.0,,,
SLC9A8,False,True,False,1,,,348.0,2988.0,
SLCO1B1,False,True,False,1,,,359.0,2810.0,
SLCO2A1,True,False,False,1,12.147673122351586,1347.0,,,
SLCO2B1,True,False,False,1,13.83073446888286,842.0,,,
SLCO4A1,True,False,False,1,9.621344970218368,3115.0,,,
SLCO5A1,True,False,False,1,10.02905902323555,2707.0,,,
SLFN11,True,False,False,1,14.948661771344582,605.0,,,
SLFN12L,False,True,False,1,,,475.0,1619.0,
SLIT1,False,True,False,1,,,470.0,1651.0,
SLIT2,True,False,False,1,10.528266825404645,2310.0,,,
SLIT3,True,False,False,1,13.568504663338274,899.0,,,
SLN,True,False,False,1,11.830551759294146,1496.0,,,
SLPI,True,False,False,1,9.276305795506676,3488.0,,,
SLX1A,True,False,False,1,8.94431297858603,3941.0,,,
SLX1B,True,False,False,1,8.503202830041875,4568.0,,,
SMAD4,False,True,False,1,,,449.0,1820.0,
SMAD6,True,False,False,1,9.342663171258849,3407.0,,,
SMARCA1,True,False,False,1,9.55964888458835,3183.0,,,
SMARCAD1,False,True,False,1,,,384.0,2494.0,
SMARCB1,True,False,False,1,14.89775139625004,622.0,,,
SMARCD2,True,True,False,2,9.123662389848269,3687.0,375.0,2594.0,
SMCO1,True,False,False,1,11.05397137758979,1955.0,,,
SMCR8,False,True,False,1,,,358.0,2835.0,
SMG1,False,True,False,1,,,608.0,920.0,
SMG5,True,True,False,2,11.292155053126232,1815.0,729.0,604.0,
SMG8,True,False,False,1,8.336449943599595,4848.0,,,
SMG9,False,True,False,1,,,291.0,4107.0,
SMIM10L2B,True,True,False,2,9.505003285369057,3248.0,370.0,2665.0,
SMIM35,False,True,False,1,,,328.0,3325.0,
SMN1,True,False,False,1,9.695528821631855,3038.0,,,
SMN2,True,False,False,1,9.074252094692085,3758.0,,,
SMO,True,True,False,2,10.802255003814842,2121.0,301.0,3856.0,
SMOC1,True,False,False,1,9.6411475906421,3090.0,,,
SMOC2,True,False,False,1,18.288604734327183,248.0,,,
SMPD1,True,False,False,1,9.120748713777337,3693.0,,,
SMPD4,False,True,False,1,,,595.0,963.0,
SMPX,True,False,False,1,33.19198747943881,24.0,,,
SMTN,True,False,False,1,11.469747517335742,1689.0,,,
SMTNL2,True,False,False,1,14.323596935305144,720.0,,,
SMU1,False,True,False,1,,,435.0,1952.0,
SMURF1,True,False,False,1,12.134835692745073,1353.0,,,
SMYD1,True,True,False,2,40.09682895594733,9.0,287.0,4211.0,
SMYD2,True,False,False,1,9.251882879287958,3513.0,,,
SMYD5,True,True,False,2,8.56914126125461,4464.0,278.0,4444.0,
SNAI1,True,False,False,1,10.047838031461364,2693.0,,,
SNAI2,True,False,False,1,11.015109546549764,1977.0,,,
SNAP25,True,False,False,1,8.863195444027971,4048.0,,,
SNAP91,True,True,False,2,15.977857333595864,445.0,347.0,2992.0,
SNAPC2,False,True,False,1,,,261.0,4922.0,
SNAPC3,False,True,False,1,,,356.0,2860.0,
SNAPC4,False,True,False,1,,,271.0,4647.0,
SNCA,True,False,False,1,10.983167392378908,2001.0,,,
SNCAIP,True,False,False,1,9.574862971398847,3166.0,,,
SNCG,True,False,False,1,10.378471224588749,2422.0,,,
SND1,True,True,False,2,9.393285827433877,3354.0,514.0,1357.0,
SNED1,True,False,False,1,11.400092214239873,1739.0,,,
SNPH,True,False,False,1,9.5281116889545,3218.0,,,
SNRNP200,False,True,False,1,,,364.0,2733.0,
SNRNP70,True,True,False,2,10.675339437120009,2202.0,595.0,962.0,
SNRPA,True,False,False,1,8.616307186209859,4387.0,,,
SNRPD2,False,True,False,1,,,267.0,4733.0,
SNTA1,True,True,True,3,13.50639504363277,911.0,355.0,2871.0,both
SNTB1,True,False,True,2,9.041599747887169,3797.0,,,both
SNTB2,False,False,True,1,,,,,both
SNW1,False,True,False,1,,,268.0,4711.0,
SNX10,True,False,False,1,10.350243550119131,2439.0,,,
SNX13,False,True,False,1,,,561.0,1115.0,
SNX14,False,True,False,1,,,472.0,1638.0,
SNX17,False,True,False,1,,,266.0,4774.0,
SNX19,False,True,False,1,,,324.0,3392.0,
SNX20,False,True,False,1,,,262.0,4906.0,
SNX33,True,False,False,1,8.56156044819938,4480.0,,,
SNX4,False,True,False,1,,,296.0,3985.0,
SNX5,False,True,False,1,,,266.0,4771.0,
SOCS3,True,False,False,1,10.01027068197535,2727.0,,,
SOCS4,False,True,False,1,,,299.0,3916.0,
SOCS7,True,False,False,1,12.064452792037123,1387.0,,,
SOD3,True,False,False,1,16.093791811779894,430.0,,,
SOGA1,True,False,False,1,9.135355166569624,3668.0,,,
SORBS1,True,True,False,2,16.962230000693282,337.0,276.0,4496.0,
SORBS2,True,False,False,1,16.362291758062085,394.0,,,
SORBS3,True,False,False,1,9.947440231838325,2788.0,,,
SORCS1,True,False,False,1,14.08668395262118,778.0,,,
SORCS2,True,False,False,1,9.129937728772427,3678.0,,,
SORCS3,True,True,False,2,12.141619378515726,1350.0,331.0,3253.0,
SORL1,True,False,False,1,12.690621189970646,1144.0,,,
SORT1,True,False,False,1,8.744348812753174,4205.0,,,
SOS1,False,True,False,1,,,609.0,912.0,
SOS2,False,True,False,1,,,262.0,4895.0,
SOX1,False,True,False,1,,,265.0,4816.0,
SOX11,True,False,False,1,13.856928554599737,838.0,,,
SOX17,True,False,False,1,15.868333549782594,465.0,,,
SOX18,True,False,False,1,14.98817211882365,597.0,,,
SOX6,True,False,False,1,8.49832124573805,4579.0,,,
SOX7,True,False,False,1,10.710192477741373,2174.0,,,
SOX9,True,False,False,1,13.290684686062464,970.0,,,
SP1,False,True,False,1,,,265.0,4817.0,
SP100,False,True,False,1,,,273.0,4569.0,
SP3,False,True,False,1,,,356.0,2861.0,
SPACA5,False,True,False,1,,,827.0,470.0,
SPAG5,True,True,False,2,9.740413177460448,2989.0,267.0,4729.0,
SPAG9,False,True,False,1,,,348.0,2978.0,
SPARC,True,False,False,1,11.503949333500078,1668.0,,,
SPARCL1,True,False,False,1,23.52714517485983,95.0,,,
SPAST,False,True,False,1,,,322.0,3423.0,
SPATA18,True,False,False,1,8.956243014191022,3922.0,,,
SPATA20,True,False,False,1,10.540920863041492,2300.0,,,
SPATA25,False,True,False,1,,,387.0,2455.0,
SPATA2L,True,True,False,2,8.315444722015991,4879.0,283.0,4306.0,
SPATA6L,False,True,False,1,,,545.0,1194.0,
SPC25,True,False,False,1,8.706190044844748,4254.0,,,
SPCS3,False,True,False,1,,,338.0,3133.0,
SPDYE16,False,True,False,1,,,265.0,4830.0,
SPDYE2,True,False,False,1,8.63024711077938,4364.0,,,
SPECC1L-ADORA2A,True,False,False,1,8.368247675860646,4782.0,,,
SPEG,True,True,False,2,16.95607549902403,338.0,339.0,3114.0,
SPEM3,False,True,False,1,,,308.0,3709.0,
SPG11,False,True,False,1,,,853.0,443.0,
SPHK1,True,False,False,1,10.300888801044737,2476.0,,,
SPHKAP,True,True,False,2,25.89186813606803,63.0,400.0,2303.0,
SPI1,True,True,False,2,13.516719401473006,908.0,390.0,2415.0,
SPIN3,False,True,False,1,,,456.0,1763.0,
SPINDOC,True,True,False,2,10.175491868787786,2587.0,285.0,4260.0,
SPINK5,True,False,False,1,10.338030599573443,2452.0,,,
SPINT1,True,False,False,1,9.727360703296569,2998.0,,,
SPINT2,True,False,False,1,11.426768486215993,1721.0,,,
SPNS2,True,False,False,1,9.57789901079831,3161.0,,,
SPOCD1,True,False,False,1,13.789254054710955,851.0,,,
SPOCK1,True,False,False,1,15.287358383577084,551.0,,,
SPOCK2,True,False,False,1,14.823283391465418,630.0,,,
SPON1,True,False,False,1,11.221384114296754,1860.0,,,
SPON2,True,False,False,1,12.108469206090057,1364.0,,,
SPP1,True,False,False,1,11.786648826767898,1515.0,,,
SPR,True,False,False,1,8.752329317660866,4198.0,,,
SPRED3,False,True,False,1,,,309.0,3677.0,
SPRING1,False,True,False,1,,,308.0,3694.0,
SPRY2,True,False,False,1,8.482943328290865,4602.0,,,
SPRY4,True,False,False,1,11.416636766089375,1729.0,,,
SPSB1,True,False,False,1,9.659811495213578,3074.0,,,
SPSB4,True,True,False,2,14.332310805895595,718.0,341.0,3088.0,
SPTAN1,True,False,False,1,9.521797351243926,3231.0,,,
SPTB,True,True,False,2,20.540117262935595,164.0,352.0,2924.0,
SPTBN2,True,False,False,1,9.039998929657344,3798.0,,,
SPTBN4,False,True,False,1,,,267.0,4738.0,
SPTBN5,True,False,False,1,11.004156771082446,1986.0,,,
SPTLC1,False,True,False,1,,,412.0,2179.0,
SPTLC2,False,True,False,1,,,315.0,3555.0,
SPX,True,False,False,1,9.31120406425633,3442.0,,,
SQOR,True,False,False,1,9.986616745559006,2749.0,,,
SQSTM1,True,False,False,1,9.565634767794789,3177.0,,,
SRC,True,False,False,1,9.68174291915451,3051.0,,,
SRCAP,True,False,False,1,11.049981548180847,1959.0,,,
SRCIN1,False,True,False,1,,,393.0,2392.0,
SREBF2,True,False,False,1,11.822464099845998,1498.0,,,
SRF,True,False,False,1,9.804859314335662,2922.0,,,
SRGAP3,False,True,False,1,,,603.0,937.0,
SRGN,True,False,False,1,26.55027132648973,60.0,,,
SRL,True,True,False,2,26.3318023520047,62.0,490.0,1510.0,
SRM,True,False,False,1,9.338122463172276,3411.0,,,
SRP54,False,True,False,1,,,410.0,2200.0,
SRPK3,True,True,False,2,10.86762166674498,2079.0,294.0,4042.0,
SRPX,True,False,False,1,15.433606756222254,531.0,,,
SRPX2,True,False,False,1,13.232363896146955,992.0,,,
SRRM2,True,False,False,1,8.54815948158498,4500.0,,,
SRSF12,False,True,False,1,,,335.0,3179.0,
SRXN1,True,False,False,1,9.096747443693737,3729.0,,,
SS18,False,True,False,1,,,277.0,4475.0,
SSC5D,True,False,False,1,11.153185547725888,1903.0,,,
SSH2,True,False,False,1,8.36489210038678,4790.0,,,
SSH3,True,False,False,1,8.999751521641134,3855.0,,,
SSNA1,False,True,False,1,,,277.0,4479.0,
SSPN,True,False,True,2,9.367041396435903,3381.0,,,both
SSR2,False,True,False,1,,,272.0,4608.0,
SSTR1,True,False,False,1,8.481350630890493,4607.0,,,
SSU72,False,True,False,1,,,295.0,4020.0,
SSX3,False,True,False,1,,,363.0,2748.0,
ST14,True,False,False,1,9.541477551652893,3199.0,,,
ST3GAL4,True,False,False,1,9.738555073040487,2991.0,,,
ST6GAL1,True,False,False,1,9.260406256017834,3505.0,,,
ST6GAL2,True,False,False,1,10.467752770967998,2360.0,,,
ST6GALNAC3,True,False,False,1,9.525064005997152,3224.0,,,
ST6GALNAC4,True,False,False,1,8.905434027568583,3996.0,,,
ST6GALNAC5,True,False,False,1,9.989535664138772,2747.0,,,
ST6GALNAC6,True,False,False,1,10.62911659971456,2239.0,,,
ST8SIA2,True,False,False,1,13.80296319897043,848.0,,,
ST8SIA3,False,True,False,1,,,367.0,2699.0,
ST8SIA4,True,False,False,1,8.600675340905271,4411.0,,,
STAB1,True,False,False,1,19.59672832358773,201.0,,,
STAG3,False,True,False,1,,,667.0,751.0,
STAM2,False,True,False,1,,,426.0,2045.0,
STAMBP,False,True,False,1,,,293.0,4065.0,
STARD3,False,True,False,1,,,340.0,3101.0,
STARD4,True,False,False,1,8.67083762365624,4308.0,,,
STARD8,True,False,False,1,8.84699452799131,4067.0,,,
STAT4,True,False,False,1,11.2763371120568,1827.0,,,
STAT5A,False,True,False,1,,,267.0,4734.0,
STAT5B,False,True,False,1,,,267.0,4742.0,
STAU1,False,True,False,1,,,292.0,4088.0,
STBD1,True,False,False,1,11.976196388224292,1421.0,,,
STC1,True,False,False,1,12.18176955350182,1334.0,,,
STC2,True,False,False,1,16.35304295591448,396.0,,,
STEAP1,True,False,False,1,12.249457670481942,1310.0,,,
STEAP3,True,False,False,1,10.040583438354243,2696.0,,,
STEAP4,True,True,False,2,13.106815396928509,1023.0,338.0,3132.0,
STIM1,True,False,False,1,8.575206096736663,4451.0,,,
STIMATE,True,False,False,1,9.77766731861155,2951.0,,,
STING1,True,False,False,1,9.336812820014888,3413.0,,,
STK10,False,True,False,1,,,262.0,4892.0,
STK11,True,False,False,1,8.551142253378034,4493.0,,,
STK11IP,True,True,False,2,8.32382190158285,4866.0,579.0,1029.0,
STK26,True,False,False,1,9.337104526355448,3412.0,,,
STK32B,True,False,False,1,8.382271602427258,4751.0,,,
STK33,False,True,False,1,,,420.0,2108.0,
STK35,False,True,False,1,,,301.0,3855.0,
STK36,False,True,False,1,,,384.0,2495.0,
STK39,True,False,False,1,8.660646432531653,4319.0,,,
STK40,True,False,False,1,9.745219566596289,2986.0,,,
STKLD1,False,True,False,1,,,419.0,2128.0,
STMN2,True,False,False,1,9.232675134611917,3543.0,,,
STMN3,True,False,False,1,9.552726763434276,3189.0,,,
STMN4,False,True,False,1,,,600.0,948.0,
STON1-GTF2A1L,True,False,False,1,8.520351607841537,4543.0,,,
STOX2,True,False,False,1,12.154321478138003,1344.0,,,
STRA6,True,False,False,1,8.345786826029448,4832.0,,,
STRC,False,True,False,1,,,312.0,3630.0,
STRIP2,True,False,False,1,11.493996509907811,1673.0,,,
STRN4,True,False,False,1,8.901230579543368,4001.0,,,
STT3B,False,True,False,1,,,499.0,1453.0,
STUM,True,False,False,1,12.753731257725969,1120.0,,,
STX16-NPEPL1,True,False,False,1,9.071125299057575,3764.0,,,
STX17,False,True,False,1,,,355.0,2877.0,
STX1A,True,False,False,1,8.431681021561605,4677.0,,,
STX4,False,True,False,1,,,348.0,2981.0,
STX5,False,True,False,1,,,337.0,3155.0,
STXBP2,True,False,False,1,10.933412384345148,2032.0,,,
STXBP6,True,False,False,1,10.773062812532489,2136.0,,,
STYXL2,True,True,False,2,28.411864181649,45.0,447.0,1846.0,
SUB1,False,True,False,1,,,285.0,4256.0,
SUGP2,False,True,False,1,,,755.0,559.0,
SULF1,True,False,False,1,15.56052801667747,510.0,,,
SULF2,True,False,False,1,9.682636483750874,3050.0,,,
SULT1B1,True,False,False,1,10.165177832213107,2597.0,,,
SULT1E1,True,False,False,1,16.61627473753535,367.0,,,
SUMO1,False,True,False,1,,,302.0,3836.0,
SUN2,True,False,False,1,10.02744157116407,2710.0,,,
SUPT5H,False,True,False,1,,,555.0,1152.0,
SUPT6H,False,True,False,1,,,339.0,3116.0,
SUPT7L,False,True,False,1,,,437.0,1930.0,
SURF4,False,True,False,1,,,469.0,1654.0,
SUSD2,True,False,False,1,9.734313810220485,2995.0,,,
SUSD4,True,False,False,1,8.421582918913813,4694.0,,,
SV2A,True,False,False,1,8.98281637582822,3884.0,,,
SV2C,True,False,False,1,8.810330686473046,4105.0,,,
SVEP1,True,False,False,1,13.13026610316663,1015.0,,,
SVOPL,False,True,False,1,,,288.0,4182.0,
SYDE1,True,False,False,1,11.606544786574936,1610.0,,,
SYK,True,True,False,2,13.516273932902797,909.0,526.0,1275.0,
SYMPK,True,True,False,2,9.705185226818385,3023.0,788.0,516.0,
SYN1,True,False,False,1,8.913527062524016,3982.0,,,
SYN3,False,True,False,1,,,368.0,2691.0,
SYNCRIP,False,True,False,1,,,393.0,2384.0,
SYNDIG1,True,False,False,1,13.219430841895663,995.0,,,
SYNGAP1,True,True,False,2,11.893687947966912,1472.0,305.0,3766.0,
SYNM,True,False,False,1,12.379415142351414,1252.0,,,
SYNPO,True,False,False,1,15.930352405258592,453.0,,,
SYNPO2,True,False,False,1,13.038608027120077,1049.0,,,
SYNPO2L,True,True,False,2,25.2205167711382,71.0,324.0,3397.0,
SYPL2,True,False,False,1,12.94230889745239,1073.0,,,
SYT13,True,False,False,1,10.640956882623628,2227.0,,,
SYT2,True,True,False,2,8.291989824148017,4913.0,434.0,1960.0,
SYT6,False,True,False,1,,,395.0,2360.0,
SYT7,True,False,False,1,11.62077830136866,1603.0,,,
SYT9,True,False,False,1,10.979875368028416,2005.0,,,
SYTL5,True,False,False,1,15.04446779526152,587.0,,,
SZT2,False,True,False,1,,,551.0,1174.0,
TAB1,True,True,False,2,9.015479726893696,3838.0,799.0,502.0,
TACC2,True,False,False,1,10.76596093345004,2144.0,,,
TACC3,True,False,False,1,9.335015017130331,3416.0,,,
TACR3,False,True,False,1,,,296.0,3993.0,
TADA3,False,True,False,1,,,333.0,3219.0,
TAF1,False,True,False,1,,,602.0,940.0,
TAF1C,True,False,False,1,9.676877667700698,3056.0,,,
TAF2,False,True,False,1,,,315.0,3553.0,
TAF4,True,False,False,1,8.415876379118666,4705.0,,,
TAF6L,True,True,False,2,9.136360043017245,3666.0,306.0,3744.0,
TAF9,True,False,False,1,8.353737979574342,4812.0,,,
TAFAZZIN,False,True,False,1,,,301.0,3853.0,
TAGAP,True,True,False,2,10.64621644316852,2223.0,684.0,715.0,
TAGLN,True,False,False,1,12.660562060837329,1152.0,,,
TAGLN2,True,False,False,1,12.299431487632134,1292.0,,,
TAL1,True,False,False,1,11.917524116686211,1454.0,,,
TAMALIN,True,False,False,1,10.561335500211966,2293.0,,,
TANC1,True,False,False,1,9.956839688190009,2778.0,,,
TAOK1,False,True,False,1,,,417.0,2139.0,
TAOK2,True,True,False,2,11.858386478346471,1486.0,859.0,435.0,
TAP1,True,False,False,1,13.103966002003592,1025.0,,,
TAP2,True,False,False,1,13.269163239838084,980.0,,,
TAPBP,True,False,False,1,12.740682189163634,1124.0,,,
TAPBPL,False,True,False,1,,,262.0,4902.0,
TARBP2,False,True,False,1,,,308.0,3696.0,
TARS3,False,True,False,1,,,313.0,3610.0,
TAS1R2,False,True,False,1,,,477.0,1608.0,
TAS2R13,False,True,False,1,,,1158.0,205.0,
TAS2R3,False,True,False,1,,,353.0,2911.0,
TAS2R30,False,True,False,1,,,322.0,3441.0,
TAS2R50,False,True,False,1,,,829.0,466.0,
TASL,False,True,False,1,,,501.0,1445.0,
TASOR,False,True,False,1,,,769.0,544.0,
TASOR2,False,True,False,1,,,569.0,1077.0,
TAT,False,True,False,1,,,458.0,1740.0,
TBC1D10A,True,False,False,1,8.530169673223995,4529.0,,,
TBC1D10B,False,True,False,1,,,547.0,1186.0,
TBC1D10C,True,False,False,1,9.63075281515265,3105.0,,,
TBC1D13,False,True,False,1,,,299.0,3901.0,
TBC1D14,True,False,False,1,10.3812133427751,2419.0,,,
TBC1D16,True,False,False,1,9.845941949959562,2870.0,,,
TBC1D17,True,False,False,1,8.716590610656649,4241.0,,,
TBC1D2,True,False,False,1,9.24914062176471,3516.0,,,
TBC1D2B,True,True,False,2,9.386638168370435,3361.0,363.0,2749.0,
TBC1D3B,False,True,False,1,,,451.0,1806.0,
TBC1D3L,True,False,False,1,10.819247540741744,2109.0,,,
TBC1D4,True,False,False,1,9.145972091481118,3658.0,,,
TBC1D5,False,True,False,1,,,342.0,3071.0,
TBC1D8,True,False,False,1,9.288136183908884,3474.0,,,
TBC1D9,True,False,False,1,8.85151538691471,4062.0,,,
TBC1D9B,True,False,False,1,9.602148751127746,3136.0,,,
TBK1,False,True,False,1,,,325.0,3377.0,
TBKBP1,True,False,False,1,10.861066298503214,2081.0,,,
TBL3,False,True,False,1,,,339.0,3122.0,
TBX15,True,False,False,1,8.783062835833546,4147.0,,,
TBX18,True,False,False,1,12.575735515655976,1180.0,,,
TBX2,True,False,False,1,13.674112375760176,874.0,,,
TBX20,True,False,False,1,19.216189561331895,216.0,,,
TBX3,True,False,False,1,10.59486858963472,2264.0,,,
TBX5,True,False,False,1,19.480106367700294,209.0,,,
TBXAS1,True,True,False,2,8.570823187000563,4461.0,270.0,4666.0,
TC2N,True,False,False,1,11.26680374663064,1836.0,,,
TCAP,True,True,False,2,30.41682645681664,33.0,344.0,3048.0,
TCEA3,True,False,False,1,9.835682405439307,2883.0,,,
TCF19,True,False,False,1,10.880998820118624,2072.0,,,
TCF20,True,False,False,1,12.73639439081452,1126.0,,,
TCF21,True,False,False,1,11.57411979143814,1631.0,,,
TCHHL1,False,True,False,1,,,700.0,673.0,
TCIM,True,False,False,1,13.858440069846027,837.0,,,
TCIRG1,True,False,False,1,11.064961561395718,1950.0,,,
TCP1,False,True,False,1,,,421.0,2097.0,
TCP11X2,False,True,False,1,,,338.0,3145.0,
TEAD1,True,False,False,1,11.011805168453288,1980.0,,,
TEAD2,True,False,False,1,12.42560394561444,1234.0,,,
TEAD3,True,True,False,2,12.492367074256736,1211.0,293.0,4057.0,
TEAD4,True,False,False,1,12.726550627598966,1133.0,,,
TECRL,True,False,False,1,29.110041379006095,36.0,,,
TEF,True,False,False,1,10.155895692664917,2605.0,,,
TEK,True,False,False,1,13.330168798697292,959.0,,,
TELO2,True,True,False,2,11.34119949027735,1771.0,479.0,1595.0,
TENM1,True,False,False,1,10.402265349631795,2406.0,,,
TENM2,True,False,False,1,14.578850715446452,678.0,,,
TENM3,True,False,False,1,12.922553884404522,1079.0,,,
TENM4,True,False,False,1,10.968618362497937,2013.0,,,
TENT2,False,True,False,1,,,389.0,2431.0,
TENT5B,True,False,False,1,9.438950738093808,3314.0,,,
TENT5C,True,False,False,1,9.007232425131052,3845.0,,,
TESC,True,False,False,1,13.24581955818778,987.0,,,
TESK1,True,False,False,1,8.737030254746212,4218.0,,,
TESPA1,False,True,False,1,,,394.0,2371.0,
TEX10,False,True,False,1,,,398.0,2325.0,
TEX261,True,True,False,2,9.148547883226106,3656.0,344.0,3045.0,
TEX264,False,True,False,1,,,274.0,4556.0,
TF,False,True,False,1,,,374.0,2603.0,
TFAP2A,True,False,False,1,10.212338023512718,2551.0,,,
TFE3,True,True,False,2,11.382565227028,1750.0,426.0,2044.0,
TFEB,True,False,False,1,8.881734929933913,4025.0,,,
TFEC,True,False,False,1,11.649830727942538,1579.0,,,
TFG,False,True,False,1,,,398.0,2322.0,
TFPI2,True,False,False,1,16.19923804340912,414.0,,,
TGFA,True,False,False,1,8.313060163031038,4881.0,,,
TGFB1,True,False,True,2,13.082209104650053,1030.0,,,both
TGFB1I1,True,False,False,1,9.46406970248517,3289.0,,,
TGFB2,True,False,True,2,10.482783992560938,2354.0,,,both
TGFB3,False,False,True,1,,,,,both
TGFBI,True,False,False,1,16.80560340866424,348.0,,,
TGFBR2,True,False,False,1,11.804100140333894,1506.0,,,
TGFBRAP1,False,True,False,1,,,278.0,4445.0,
TGIF2-RAB5IF,True,False,False,1,8.47977985010356,4613.0,,,
TGM2,True,False,False,1,17.26973527027481,310.0,,,
TGM6,False,True,False,1,,,924.0,368.0,
THADA,False,True,False,1,,,296.0,3986.0,
THAP4,False,True,False,1,,,411.0,2193.0,
THBD,True,False,False,1,12.908915556155131,1084.0,,,
THBS1,True,False,False,1,15.92957492477316,454.0,,,
THBS2,True,False,False,1,23.543731473371217,94.0,,,
THBS3,True,False,False,1,8.47980787742957,4612.0,,,
THBS4,True,False,False,1,15.212209872848984,567.0,,,
THEM6,True,False,False,1,8.88551522234176,4022.0,,,
THEMIS2,True,True,False,2,11.008254636451843,1983.0,324.0,3393.0,
THNSL2,True,False,False,1,10.233681971275535,2533.0,,,
THOC3,True,False,False,1,8.573457188685868,4456.0,,,
THOC6,True,False,False,1,9.437057952710854,3317.0,,,
THRB,True,False,False,1,9.114056788079669,3702.0,,,
THSD1,True,False,False,1,8.82453523057466,4088.0,,,
THSD4,True,False,False,1,11.908898207639131,1458.0,,,
THSD7A,True,False,False,1,9.955889674379712,2781.0,,,
THTPA,True,False,False,1,9.720178706606436,3006.0,,,
THY1,True,False,False,1,15.077098256308986,584.0,,,
TIAM1,True,False,False,1,9.970278415073697,2768.0,,,
TICAM1,True,False,False,1,9.505147944792323,3247.0,,,
TICRR,True,False,False,1,8.500988070624969,4573.0,,,
TIE1,True,False,False,1,16.606879687055933,368.0,,,
TIGD1,False,True,False,1,,,1014.0,289.0,
TIMM22,True,False,False,1,12.567633431302092,1184.0,,,
TIMP1,True,False,False,1,9.924724800601432,2805.0,,,
TIMP2,True,False,False,1,11.075338473384038,1942.0,,,
TIMP3,True,False,False,1,19.32987982340297,212.0,,,
TIMP4,True,False,False,1,10.453169557904824,2371.0,,,
TINAGL1,True,False,False,1,14.002267719668408,795.0,,,
TIPRL,False,True,False,1,,,442.0,1889.0,
TJAP1,True,True,False,2,8.637781903408955,4354.0,457.0,1751.0,
TJP1,True,False,False,1,11.452017787657166,1702.0,,,
TJP2,True,False,False,1,8.573814646571591,4454.0,,,
TJP3,False,True,False,1,,,320.0,3460.0,
TK1,True,False,False,1,11.929696072849117,1451.0,,,
TKT,True,False,False,1,8.598467413020455,4414.0,,,
TLCD2,True,False,False,1,11.392986396201996,1743.0,,,
TLCD4,True,True,False,2,15.033179521930526,589.0,278.0,4447.0,
TLE2,True,False,False,1,10.124155331611162,2627.0,,,
TLE5,True,False,False,1,13.348980020886016,954.0,,,
TLK2,False,True,False,1,,,447.0,1840.0,
TLL1,True,False,False,1,8.417262625800468,4703.0,,,
TLN1,True,False,False,1,8.523686067262123,4539.0,,,
TLN2,True,True,False,2,9.857218159372886,2859.0,297.0,3964.0,
TLR1,True,False,False,1,10.071492976805962,2666.0,,,
TLR2,True,True,False,2,10.56179126995524,2292.0,265.0,4808.0,
TLR4,True,False,False,1,13.671944458381384,875.0,,,
TLR6,False,True,False,1,,,292.0,4091.0,
TLR8,True,True,False,2,9.689822547149612,3044.0,744.0,575.0,
TM4SF1,True,False,False,1,17.486419231839324,299.0,,,
TM4SF18,True,False,False,1,15.209246710499649,568.0,,,
TM4SF5,False,True,False,1,,,301.0,3859.0,
TM9SF1,False,True,False,1,,,272.0,4632.0,
TM9SF3,False,True,False,1,,,269.0,4683.0,
TMBIM1,True,False,False,1,9.070416576446364,3766.0,,,
TMC6,True,False,False,1,10.69064252001541,2185.0,,,
TMC8,True,False,False,1,9.182056986929169,3608.0,,,
TMCC3,True,False,False,1,9.38241261031418,3368.0,,,
TMCO5A,False,True,False,1,,,1096.0,240.0,
TMED10,False,True,False,1,,,288.0,4185.0,
TMED7-TICAM2,True,False,False,1,10.548984787569651,2296.0,,,
TMED8,False,True,False,1,,,297.0,3955.0,
TMEFF1,True,False,False,1,10.67092046762046,2208.0,,,
TMEM100,True,False,False,1,8.92013062310491,3974.0,,,
TMEM104,True,False,False,1,8.560727352130137,4483.0,,,
TMEM115,True,True,False,2,8.684051348675114,4287.0,511.0,1377.0,
TMEM119,True,False,False,1,9.289694649096312,3468.0,,,
TMEM125,False,True,False,1,,,266.0,4785.0,
TMEM129,True,True,False,2,9.682866058720084,3049.0,320.0,3465.0,
TMEM131,False,True,False,1,,,484.0,1547.0,
TMEM132A,True,False,False,1,12.9361021077603,1075.0,,,
TMEM132C,True,False,False,1,9.899418755238866,2818.0,,,
TMEM139,True,False,False,1,8.512687954406044,4555.0,,,
TMEM158,True,False,False,1,11.318656854252378,1796.0,,,
TMEM163,True,False,False,1,10.558699597414142,2294.0,,,
TMEM164,True,False,False,1,8.766066594834593,4179.0,,,
TMEM171,True,False,False,1,10.110600160186335,2636.0,,,
TMEM176A,True,False,False,1,15.28694853932452,552.0,,,
TMEM176B,True,False,False,1,19.56523247438344,204.0,,,
TMEM178A,True,False,False,1,9.857214901377173,2860.0,,,
TMEM178B,True,False,False,1,12.22753481869984,1317.0,,,
TMEM179,True,True,False,2,8.660037885523808,4320.0,373.0,2625.0,
TMEM181,False,True,False,1,,,282.0,4324.0,
TMEM182,False,True,False,1,,,307.0,3723.0,
TMEM184B,True,True,False,2,10.0744444794255,2662.0,309.0,3678.0,
TMEM184C,False,True,False,1,,,502.0,1444.0,
TMEM198,True,True,False,2,9.541312395707166,3200.0,334.0,3203.0,
TMEM200A,True,False,False,1,12.421368277961294,1237.0,,,
TMEM200B,True,False,False,1,8.50895254706629,4562.0,,,
TMEM200C,True,False,False,1,10.507200961395514,2335.0,,,
TMEM201,True,False,False,1,9.216395279024692,3566.0,,,
TMEM204,True,False,False,1,9.172755690540036,3619.0,,,
TMEM212,False,True,False,1,,,298.0,3938.0,
TMEM213,False,True,False,1,,,262.0,4912.0,
TMEM214,True,True,False,2,10.141300563775038,2614.0,551.0,1172.0,
TMEM222,False,True,False,1,,,335.0,3184.0,
TMEM245,False,True,False,1,,,306.0,3738.0,
TMEM250,True,True,False,2,10.27852610431844,2497.0,426.0,2050.0,
TMEM255B,True,False,False,1,8.75054324681027,4200.0,,,
TMEM259,True,True,False,2,11.474518997121136,1687.0,327.0,3347.0,
TMEM271,False,True,False,1,,,283.0,4317.0,
TMEM273,True,False,False,1,13.176361411478233,1002.0,,,
TMEM30A,False,True,False,1,,,343.0,3057.0,
TMEM37,True,False,False,1,9.326288684372235,3427.0,,,
TMEM44,True,False,False,1,8.909236090098783,3991.0,,,
TMEM47,True,False,False,1,10.500022627199677,2342.0,,,
TMEM54,True,False,False,1,9.118177821028164,3697.0,,,
TMEM59L,True,False,False,1,8.41506304565683,4706.0,,,
TMEM63B,True,True,False,2,13.015367451732503,1056.0,351.0,2936.0,
TMEM71,True,False,False,1,13.959349627030456,811.0,,,
TMEM87B,False,True,False,1,,,293.0,4070.0,
TMEM88,True,False,False,1,9.970411709130987,2767.0,,,
TMEM8B,False,True,False,1,,,273.0,4577.0,
TMEM94,True,False,False,1,8.718488618257975,4239.0,,,
TMOD1,True,False,False,1,13.802329207995552,849.0,,,
TMPRSS2,False,True,False,1,,,297.0,3966.0,
TMSB4X,True,False,False,1,9.869947255643131,2846.0,,,
TMTC1,True,False,False,1,8.51505061223354,4550.0,,,
TMUB1,True,True,False,2,10.71852920642722,2169.0,299.0,3912.0,
TNC,True,False,False,1,14.08022644183106,781.0,,,
TNF,False,False,True,1,,,,,both
TNFAIP1,True,False,False,1,9.101573136282342,3718.0,,,
TNFAIP2,True,False,False,1,11.333508942184585,1776.0,,,
TNFAIP3,True,False,False,1,9.874003610481026,2842.0,,,
TNFAIP6,True,False,False,1,15.602247981393983,504.0,,,
TNFAIP8L2,False,True,False,1,,,266.0,4782.0,
TNFAIP8L3,True,False,False,1,9.802085660399436,2925.0,,,
TNFRSF10B,True,False,False,1,11.233360467264433,1854.0,,,
TNFRSF10C,True,False,False,1,9.559643640623197,3184.0,,,
TNFRSF10D,True,False,False,1,9.613123803146296,3129.0,,,
TNFRSF11B,True,False,False,1,13.667492704619496,876.0,,,
TNFRSF12A,True,False,False,1,12.546194398098953,1190.0,,,
TNFRSF13B,True,False,False,1,15.531058225240669,515.0,,,
TNFRSF14,True,False,False,1,14.045888090433948,788.0,,,
TNFRSF19,True,False,False,1,12.708192722433813,1142.0,,,
TNFRSF1A,True,False,False,1,9.158931822102284,3644.0,,,
TNFRSF1B,True,True,False,2,11.67767690897207,1571.0,266.0,4767.0,
TNFRSF21,True,False,False,1,10.328390582154212,2457.0,,,
TNFRSF6B,True,False,False,1,10.25344013193424,2519.0,,,
TNFSF10,True,False,False,1,13.400422823636404,941.0,,,
TNFSF18,True,False,False,1,8.349858216461588,4825.0,,,
TNFSF4,True,False,False,1,8.375915771783653,4765.0,,,
TNFSF8,True,True,False,2,8.775627810389802,4164.0,344.0,3043.0,
TNIP1,True,False,False,1,9.710841669029572,3013.0,,,
TNK2,True,False,False,1,9.298737509500928,3457.0,,,
TNKS,True,True,False,2,10.630862164414966,2237.0,709.0,648.0,
TNKS1BP1,True,False,False,1,12.595705160234123,1167.0,,,
TNKS2,False,True,False,1,,,363.0,2744.0,
TNMD,True,False,False,1,10.282934286906736,2491.0,,,
TNNC1,True,True,True,3,39.52693090144434,10.0,317.0,3513.0,both
TNNI1,True,False,False,1,35.503084742294746,20.0,,,
TNNI3,True,False,True,2,39.2636895107238,12.0,,,both
TNNI3K,True,True,False,2,20.126563801738268,182.0,441.0,1898.0,
TNNT1,True,False,False,1,13.69798402579038,867.0,,,
TNNT2,True,False,True,2,42.589443098790966,7.0,,,both
TNNT3,True,False,False,1,10.23459736841646,2532.0,,,
TNPO2,False,True,False,1,,,574.0,1053.0,
TNRC18,True,True,False,2,10.815196993379516,2113.0,328.0,3312.0,
TNRC6A,False,True,False,1,,,396.0,2341.0,
TNS1,True,False,False,1,11.468418714548717,1691.0,,,
TNS2,True,False,False,1,12.743349324213971,1123.0,,,
TNS3,True,False,False,1,8.874259151744933,4034.0,,,
TNXB,True,False,False,1,15.91447088035012,457.0,,,
TOGARAM1,False,True,False,1,,,299.0,3918.0,
TOM1L2,True,True,False,2,11.469188761019828,1690.0,384.0,2498.0,
TOMM40L,True,False,False,1,8.654601277518514,4329.0,,,
TOMM5,False,True,False,1,,,273.0,4584.0,
TOMM70,False,True,False,1,,,484.0,1549.0,
TOP2A,True,False,False,1,14.930826140936194,608.0,,,
TOP2B,False,True,False,1,,,545.0,1192.0,
TOP3A,False,True,False,1,,,508.0,1401.0,
TOP3B,True,True,False,2,10.437912877963068,2378.0,389.0,2426.0,
TOPAZ1,False,True,False,1,,,704.0,663.0,
TOPBP1,False,True,False,1,,,378.0,2563.0,
TOR1A,False,True,False,1,,,314.0,3578.0,
TOR1B,False,True,False,1,,,340.0,3102.0,
TOR4A,True,False,False,1,10.544966623262432,2299.0,,,
TOX,True,False,False,1,8.352786619483798,4814.0,,,
TOX2,True,False,False,1,9.595874402984462,3147.0,,,
TP53BP1,False,True,False,1,,,293.0,4059.0,
TP53I11,True,False,False,1,9.282501116315066,3483.0,,,
TP53I13,True,False,False,1,10.068508230055304,2670.0,,,
TP53I3,True,False,False,1,8.519862237497366,4545.0,,,
TP53INP2,True,False,False,1,11.371917714034936,1758.0,,,
TPBG,True,False,False,1,10.711249022164434,2173.0,,,
TPCN1,True,False,False,1,9.527696597762942,3220.0,,,
TPD52,True,False,False,1,9.166965275263982,3632.0,,,
TPD52L2,True,True,False,2,8.559228849321544,4485.0,487.0,1528.0,
TPH2,False,True,False,1,,,1173.0,200.0,
TPM1,True,False,True,2,11.268405692145684,1833.0,,,both
TPM2,True,False,True,2,11.502917970266957,1669.0,,,both
TPM3,False,False,True,1,,,,,both
TPM4,False,False,True,1,,,,,both
TPP2,False,True,False,1,,,350.0,2951.0,
TPPP,True,False,False,1,11.331281177042998,1780.0,,,
TPPP3,True,False,False,1,9.214250933364337,3568.0,,,
TPRN,True,True,False,2,9.023462434421631,3821.0,332.0,3232.0,
TPRX1,False,True,False,1,,,313.0,3609.0,
TPX2,True,False,False,1,11.22478554641493,1858.0,,,
TRABD,True,False,False,1,8.704034331957194,4258.0,,,
TRABD2B,True,False,False,1,11.345121066101305,1769.0,,,
TRAF1,True,False,False,1,8.371163444050396,4777.0,,,
TRAF2,False,True,False,1,,,359.0,2808.0,
TRAF3IP3,False,True,False,1,,,512.0,1366.0,
TRAF4,True,False,False,1,10.175458485019622,2588.0,,,
TRAF7,True,True,False,2,10.294432636616987,2480.0,585.0,1000.0,
TRAM2,True,True,False,2,9.217684864071355,3562.0,291.0,4104.0,
TRAP1,True,False,False,1,8.328856762900951,4859.0,,,
TRAPPC1,True,False,False,1,9.45773847907862,3294.0,,,
TRAPPC10,False,True,False,1,,,554.0,1160.0,
TRAPPC11,False,True,False,1,,,691.0,701.0,
TRAPPC13,False,True,False,1,,,409.0,2211.0,
TRAPPC14,True,False,False,1,8.670426645018201,4310.0,,,
TRAPPC8,False,True,False,1,,,517.0,1327.0,
TRAT1,False,True,False,1,,,497.0,1465.0,
TRDN,True,False,False,1,27.252493414847073,54.0,,,
TREM1,True,False,False,1,10.625231399050126,2245.0,,,
TREML2,False,True,False,1,,,355.0,2874.0,
TRH,True,False,False,1,10.189651831576295,2573.0,,,
TRIB1,True,False,False,1,9.209291655348736,3579.0,,,
TRIB3,True,False,False,1,10.142412622885974,2613.0,,,
TRIL,True,False,False,1,10.088465247718355,2647.0,,,
TRIM14,True,False,False,1,8.312783451366693,4882.0,,,
TRIM17,False,True,False,1,,,342.0,3075.0,
TRIM22,True,False,False,1,9.535332752610358,3207.0,,,
TRIM25,True,True,False,2,8.614364316937907,4392.0,296.0,3987.0,
TRIM26,True,False,False,1,11.894162376428612,1469.0,,,
TRIM27,True,False,False,1,12.282961903269513,1297.0,,,
TRIM28,True,True,False,2,12.365498682317307,1262.0,554.0,1159.0,
TRIM3,True,True,False,2,9.14633282877518,3657.0,299.0,3902.0,
TRIM37,False,True,False,1,,,288.0,4175.0,
TRIM38,False,True,False,1,,,273.0,4575.0,
TRIM39,True,False,False,1,12.107331648984935,1366.0,,,
TRIM47,True,False,False,1,10.31826234874112,2463.0,,,
TRIM52,False,True,False,1,,,425.0,2058.0,
TRIM54,True,True,False,2,22.7810142743879,112.0,437.0,1931.0,
TRIM55,True,False,False,1,22.85306966432234,109.0,,,
TRIM58,True,False,False,1,8.481248545804808,4608.0,,,
TRIM63,True,True,False,2,26.53149879109169,61.0,322.0,3431.0,
TRIM69,True,False,False,1,9.930898963497198,2799.0,,,
TRIM71,True,True,False,2,10.99864126658742,1990.0,373.0,2621.0,
TRIM73,False,True,False,1,,,320.0,3468.0,
TRIM9,True,True,False,2,11.63399601524877,1590.0,286.0,4229.0,
TRIO,True,False,False,1,9.630852037086598,3103.0,,,
TRIP10,True,False,False,1,9.302564753058348,3450.0,,,
TRIP12,False,True,False,1,,,708.0,653.0,
TRIP13,True,False,False,1,9.133344473357432,3673.0,,,
TRIP6,True,False,False,1,8.316990667431222,4874.0,,,
TRMT1,True,True,False,2,9.01995806114147,3830.0,618.0,887.0,
TRMT2A,True,True,False,2,8.394355147545562,4733.0,326.0,3358.0,
TRMT44,False,True,False,1,,,268.0,4716.0,
TRMT9B,True,True,False,2,9.6389849290194,3093.0,497.0,1468.0,
TRMU,False,True,False,1,,,380.0,2537.0,
TRNP1,True,False,False,1,8.76832996217456,4177.0,,,
TRO,True,False,False,1,10.10875712379068,2638.0,,,
TROAP,True,False,False,1,9.789544622576411,2936.0,,,
TRPC4,True,False,False,1,8.371464249462086,4776.0,,,
TRPC4AP,True,True,False,2,9.21805176931568,3560.0,381.0,2524.0,
TRPM2,True,False,False,1,9.432017046429262,3320.0,,,
TRPM7,False,True,False,1,,,463.0,1692.0,
TRPV1,False,True,False,1,,,639.0,824.0,
TRPV2,True,False,False,1,10.857444089985512,2085.0,,,
TRRAP,False,True,False,1,,,565.0,1098.0,
TSC1,False,True,False,1,,,372.0,2633.0,
TSC2,False,True,False,1,,,390.0,2417.0,
TSC22D4,True,False,False,1,12.423441470590967,1235.0,,,
TSEN2,False,True,False,1,,,325.0,3373.0,
TSEN34,True,False,False,1,15.448090313587716,528.0,,,
TSHR,False,True,False,1,,,1094.0,242.0,
TSHZ2,True,False,False,1,12.233640892155467,1313.0,,,
TSKU,True,False,False,1,8.554227426647564,4491.0,,,
TSN,False,True,False,1,,,428.0,2031.0,
TSNARE1,False,True,False,1,,,352.0,2928.0,
TSPAN11,True,False,False,1,9.843518113272076,2873.0,,,
TSPAN12,True,False,False,1,11.322344323618523,1794.0,,,
TSPAN13,True,False,False,1,9.657177230506118,3078.0,,,
TSPAN15,True,False,False,1,11.26817431156162,1835.0,,,
TSPAN16,False,True,False,1,,,303.0,3806.0,
TSPAN17,True,True,False,2,10.63574458198801,2232.0,387.0,2451.0,
TSPAN18,True,False,False,1,16.036395796005166,437.0,,,
TSPAN2,True,False,False,1,10.020937722151476,2716.0,,,
TSPAN32,True,False,False,1,10.78039647162604,2132.0,,,
TSPAN33,True,False,False,1,9.274612028476923,3493.0,,,
TSPAN7,True,False,False,1,13.657906851828216,879.0,,,
TSPAN8,True,False,False,1,10.2428443563867,2524.0,,,
TSPAN9,True,False,False,1,12.778676064025712,1112.0,,,
TSPO,True,False,False,1,10.45678427479584,2370.0,,,
TSPOAP1,True,True,False,2,14.665634985047266,658.0,548.0,1183.0,
TSPYL5,True,False,False,1,10.92589012178878,2042.0,,,
TSPYL6,False,True,False,1,,,348.0,2985.0,
TSSK4,False,True,False,1,,,691.0,703.0,
TTBK1,False,True,False,1,,,300.0,3879.0,
TTBK2,False,True,False,1,,,385.0,2478.0,
TTC21B,False,True,False,1,,,789.0,514.0,
TTC23L,False,True,False,1,,,340.0,3108.0,
TTC34,False,True,False,1,,,484.0,1557.0,
TTC37,False,True,False,1,,,314.0,3583.0,
TTC9,True,False,False,1,9.32768956213382,3426.0,,,
TTI1,False,True,False,1,,,298.0,3932.0,
TTK,True,False,False,1,10.003074897924025,2733.0,,,
TTLL12,True,True,False,2,9.709502232309246,3015.0,318.0,3492.0,
TTN,True,False,True,2,27.439465262453275,51.0,,,both
TTR,True,False,False,1,10.986041293093365,1999.0,,,
TTYH2,True,False,False,1,10.297377240648494,2478.0,,,
TTYH3,True,False,False,1,14.881351981526416,626.0,,,
TUB,True,False,False,1,9.197771845776815,3589.0,,,
TUBA1B,True,False,False,1,14.724386016855622,645.0,,,
TUBA8,True,False,False,1,9.203516555381228,3582.0,,,
TUBB,True,False,False,1,26.583942438424597,59.0,,,
TUBB1,True,False,False,1,8.57740125688854,4449.0,,,
TUBB2B,True,False,False,1,11.737151067020712,1539.0,,,
TUBB3,True,False,False,1,10.1601011436269,2602.0,,,
TUBB4A,True,False,False,1,8.924144456925658,3965.0,,,
TUBB4B,True,False,False,1,10.28316046831233,2489.0,,,
TUBB6,True,False,False,1,9.336248910735971,3415.0,,,
TUBGCP3,True,False,False,1,9.080628882412952,3752.0,,,
TUBGCP6,True,True,False,2,9.108471629343493,3706.0,578.0,1034.0,
TUNAR,False,True,False,1,,,387.0,2461.0,
TUSC3,True,False,False,1,12.19825139809319,1329.0,,,
TUT1,False,True,False,1,,,394.0,2374.0,
TUT4,False,True,False,1,,,269.0,4688.0,
TWF2,True,False,False,1,10.07954978729376,2658.0,,,
TWIST2,True,False,False,1,9.530435316663024,3214.0,,,
TXLNB,True,False,False,1,17.139996555395932,321.0,,,
TXNDC11,True,True,False,2,8.604984799409934,4401.0,295.0,4017.0,
TXNDC15,False,True,False,1,,,286.0,4232.0,
TXNDC5,True,False,False,1,12.584817767207367,1175.0,,,
TXNL1,False,True,False,1,,,344.0,3042.0,
TYK2,True,True,False,2,8.732003479135253,4224.0,616.0,893.0,
TYMP,True,False,False,1,10.636209436474877,2230.0,,,
TYMS,True,False,False,1,11.132024229779534,1913.0,,,
TYROBP,True,True,False,2,16.02317116199428,438.0,509.0,1391.0,
TYRP1,True,False,False,1,11.437348543804251,1717.0,,,
TYW5,False,True,False,1,,,318.0,3495.0,
U2AF2,True,True,False,2,11.70718087846768,1558.0,483.0,1559.0,
UAP1L1,True,False,False,1,8.860338618796606,4053.0,,,
UBA1,True,True,False,2,10.082601244688464,2653.0,452.0,1795.0,
UBA5,False,True,False,1,,,285.0,4252.0,
UBA6,False,True,False,1,,,288.0,4173.0,
UBA7,True,False,False,1,10.419327476258273,2394.0,,,
UBALD1,True,False,False,1,10.5143882550522,2324.0,,,
UBAP1L,False,True,False,1,,,816.0,484.0,
UBASH3A,False,True,False,1,,,524.0,1290.0,
UBASH3B,True,False,False,1,8.953422472281282,3926.0,,,
UBE2A,False,True,False,1,,,302.0,3833.0,
UBE2C,True,False,False,1,11.968432921725483,1427.0,,,
UBE2M,True,False,False,1,9.681476115313504,3053.0,,,
UBE2QL1,True,False,False,1,11.363484516699458,1761.0,,,
UBE2S,True,False,False,1,8.566801736615165,4472.0,,,
UBE3C,False,True,False,1,,,987.0,315.0,
UBE4B,False,True,False,1,,,408.0,2218.0,
UBFD1,False,True,False,1,,,310.0,3654.0,
UBN2,False,True,False,1,,,299.0,3910.0,
UBP1,False,True,False,1,,,612.0,905.0,
UBQLN1,False,True,False,1,,,676.0,732.0,
UBQLN4,True,True,False,2,9.230894141849376,3544.0,508.0,1400.0,
UBR2,False,True,False,1,,,351.0,2935.0,
UBR3,False,True,False,1,,,352.0,2927.0,
UBR4,True,False,False,1,8.36587713638379,4788.0,,,
UBR5,False,True,False,1,,,752.0,564.0,
UBR7,True,False,False,1,9.242046960481812,3531.0,,,
UBTD1,True,False,False,1,9.866987392115362,2849.0,,,
UBXN4,False,True,False,1,,,344.0,3046.0,
UBXN6,True,False,False,1,8.681859980606825,4291.0,,,
UCHL1,True,False,False,1,14.310462182374064,722.0,,,
UCK1,False,True,False,1,,,471.0,1644.0,
UCP2,True,False,False,1,9.816414045352884,2900.0,,,
UFC1,False,True,False,1,,,279.0,4412.0,
UGGT1,False,True,False,1,,,441.0,1900.0,
UGT1A1,False,True,False,1,,,388.0,2447.0,
UGT1A3,False,True,False,1,,,268.0,4728.0,
UGT1A4,False,True,False,1,,,286.0,4246.0,
UGT1A9,False,True,False,1,,,303.0,3819.0,
UGT2B4,True,False,False,1,10.150251566669786,2608.0,,,
UHMK1,False,True,False,1,,,269.0,4690.0,
UHRF1,True,False,False,1,8.494361048911,4584.0,,,
UHRF2,False,True,False,1,,,282.0,4325.0,
ULBP2,True,False,False,1,8.67064463419716,4309.0,,,
ULK1,True,False,False,1,9.404310283809489,3349.0,,,
ULK3,True,True,False,2,9.520061300728813,3233.0,456.0,1761.0,
UNC13B,True,True,False,2,10.220055707613366,2545.0,269.0,4698.0,
UNC13D,True,False,False,1,10.38856490251937,2412.0,,,
UNC45A,False,True,False,1,,,280.0,4382.0,
UNC45B,True,True,False,2,32.306197307359994,27.0,313.0,3602.0,
UNC5B,True,False,False,1,10.357313285296138,2429.0,,,
UNC5C,True,False,False,1,10.930498844601042,2035.0,,,
UNC5CL,False,True,False,1,,,382.0,2515.0,
UNC5D,True,True,False,2,9.191356889920018,3596.0,396.0,2344.0,
UNC79,False,True,False,1,,,372.0,2630.0,
UNC80,False,True,False,1,,,665.0,757.0,
UNC93B1,True,False,False,1,8.779826584323269,4153.0,,,
UNKL,True,False,False,1,8.695206520189078,4266.0,,,
UPF1,True,True,False,2,9.734272140882396,2996.0,308.0,3689.0,
UPK3BL1,True,False,False,1,8.930778633869306,3958.0,,,
UQCC1,False,True,False,1,,,399.0,2316.0,
UQCRC1,True,False,False,1,8.64332540087859,4346.0,,,
UQCRHL,False,True,False,1,,,295.0,4030.0,
URB1,False,True,False,1,,,328.0,3309.0,
URGCP,False,True,False,1,,,658.0,780.0,
UROC1,False,True,False,1,,,459.0,1731.0,
USF2,True,False,False,1,9.476624168375832,3273.0,,,
USH2A,True,False,False,1,8.498576428700227,4577.0,,,
USO1,False,True,False,1,,,305.0,3761.0,
USP14,False,True,False,1,,,266.0,4772.0,
USP17L15,False,True,False,1,,,600.0,951.0,
USP17L2,False,True,False,1,,,591.0,984.0,
USP17L7,False,True,False,1,,,360.0,2802.0,
USP19,True,True,False,2,10.35460631094142,2435.0,596.0,960.0,
USP2,True,True,False,2,15.803091927151232,473.0,401.0,2289.0,
USP20,True,True,False,2,8.673658967369121,4304.0,349.0,2965.0,
USP22,False,True,False,1,,,331.0,3249.0,
USP24,False,True,False,1,,,434.0,1962.0,
USP25,False,True,False,1,,,349.0,2967.0,
USP32,False,True,False,1,,,476.0,1613.0,
USP34,False,True,False,1,,,719.0,627.0,
USP38,False,True,False,1,,,320.0,3466.0,
USP46,False,True,False,1,,,291.0,4109.0,
USP5,True,True,False,2,10.278536035738638,2496.0,374.0,2605.0,
USP7,False,True,False,1,,,388.0,2446.0,
USP9X,False,True,False,1,,,416.0,2144.0,
USP9Y,True,False,False,1,13.349677775332903,953.0,,,
UTP14C,True,False,False,1,12.268660458653352,1301.0,,,
UTP6,False,True,False,1,,,385.0,2476.0,
UTY,True,False,False,1,16.54558263026555,373.0,,,
VAC14,True,True,False,2,10.467248339308066,2363.0,419.0,2120.0,
VANGL2,True,False,False,1,15.10198750809417,580.0,,,
VARS1,True,False,False,1,14.972285616475329,603.0,,,
VARS2,True,False,False,1,11.906647962444708,1460.0,,,
VASH1,True,False,False,1,11.729251050344534,1545.0,,,
VASN,True,False,False,1,19.78599933342464,194.0,,,
VASP,True,False,False,1,8.629035613205087,4366.0,,,
VAT1,True,True,False,2,11.0370134824282,1966.0,284.0,4276.0,
VAT1L,True,False,False,1,12.654569400645636,1155.0,,,
VAV1,True,True,False,2,9.07441700065017,3757.0,474.0,1623.0,
VAV2,True,False,False,1,9.36328350195341,3385.0,,,
VAV3,True,False,False,1,9.11174849874413,3704.0,,,
VAX1,False,True,False,1,,,286.0,4234.0,
VCAM1,True,False,False,1,14.595983008444406,676.0,,,
VCAN,True,False,False,1,13.531902951944303,903.0,,,
VCPIP1,False,True,False,1,,,278.0,4448.0,
VDR,True,False,False,1,8.460814536320136,4645.0,,,
VEGFA,True,False,False,1,9.224842139193134,3548.0,,,
VEGFC,True,False,False,1,9.211331645336877,3574.0,,,
VEPH1,True,False,False,1,11.623021200965187,1600.0,,,
VGLL3,True,False,False,1,9.325159151311274,3430.0,,,
VIL1,True,False,False,1,9.1878018757924,3600.0,,,
VIM,True,False,False,1,9.331092956291316,3419.0,,,
VIPAS39,False,True,False,1,,,330.0,3270.0,
VIPR1,True,False,False,1,11.586451366562653,1626.0,,,
VIPR2,True,False,False,1,11.310575371739825,1800.0,,,
VIRMA,False,True,False,1,,,963.0,335.0,
VIT,True,False,False,1,9.734761548046269,2994.0,,,
VLDLR,True,False,False,1,9.000819388167502,3852.0,,,
VNN2,True,True,False,2,10.510368762756377,2331.0,324.0,3391.0,
VPS16,False,True,False,1,,,515.0,1346.0,
VPS18,True,True,False,2,10.13971057712434,2615.0,620.0,879.0,
VPS25,False,True,False,1,,,302.0,3837.0,
VPS26C,False,True,False,1,,,334.0,3200.0,
VPS35,False,True,False,1,,,294.0,4037.0,
VPS37A,False,True,False,1,,,287.0,4216.0,
VPS39,False,True,False,1,,,301.0,3860.0,
VPS41,False,True,False,1,,,327.0,3331.0,
VPS4A,False,True,False,1,,,362.0,2760.0,
VPS50,False,True,False,1,,,276.0,4493.0,
VPS52,True,False,False,1,11.90664523959421,1461.0,,,
VPS54,False,True,False,1,,,510.0,1383.0,
VPS8,False,True,False,1,,,266.0,4779.0,
VPS9D1,True,False,False,1,8.89012762181679,4018.0,,,
VSIG4,True,True,False,2,14.91813020832464,610.0,400.0,2304.0,
VSIR,True,False,False,1,12.369608136575758,1257.0,,,
VSNL1,True,False,False,1,10.242569334714382,2525.0,,,
VSTM2A,False,True,False,1,,,304.0,3792.0,
VSTM2L,True,False,False,1,13.318451813800545,962.0,,,
VSTM4,True,False,False,1,8.346464751184529,4831.0,,,
VTA1,False,True,False,1,,,288.0,4171.0,
VTI1A,False,True,False,1,,,321.0,3451.0,
VTN,True,False,False,1,13.651198754209709,882.0,,,
VWA1,True,False,False,1,9.926704021433872,2803.0,,,
VWC2,True,True,False,2,13.392353871107348,943.0,433.0,1969.0,
VWDE,True,False,False,1,11.458560411556574,1695.0,,,
VWF,True,False,False,1,27.860881310177813,49.0,,,
WAPL,False,True,False,1,,,465.0,1678.0,
WAS,False,True,False,1,,,332.0,3227.0,
WASF1,True,False,False,1,8.297434236537892,4904.0,,,
WASH6P,True,False,False,1,8.770713798790315,4171.0,,,
WASHC4,False,True,False,1,,,280.0,4380.0,
WASHC5,False,True,False,1,,,661.0,772.0,
WDFY1,False,True,False,1,,,349.0,2962.0,
WDFY3,False,True,False,1,,,263.0,4880.0,
WDFY4,True,False,False,1,12.76388887474031,1116.0,,,
WDPCP,False,True,False,1,,,571.0,1063.0,
WDR11,False,True,False,1,,,300.0,3874.0,
WDR18,True,False,False,1,8.757157628439906,4193.0,,,
WDR24,True,True,False,2,8.927052517244105,3962.0,381.0,2526.0,
WDR26,False,True,False,1,,,559.0,1127.0,
WDR27,False,True,False,1,,,341.0,3090.0,
WDR3,False,True,False,1,,,362.0,2759.0,
WDR33,False,True,False,1,,,438.0,1925.0,
WDR46,True,False,False,1,9.016842918924072,3835.0,,,
WDR5,True,True,False,2,8.631254873364156,4360.0,544.0,1198.0,
WDR55,False,True,False,1,,,445.0,1857.0,
WDR59,False,True,False,1,,,333.0,3215.0,
WDR6,True,True,False,2,10.035438969880136,2703.0,448.0,1831.0,
WDR61,False,True,False,1,,,296.0,3991.0,
WDR75,False,True,False,1,,,470.0,1648.0,
WDR81,True,False,False,1,11.206086460276865,1868.0,,,
WDR82,False,True,False,1,,,1034.0,275.0,
WDR86,True,True,False,2,8.803196327501993,4115.0,358.0,2828.0,
WDR90,False,True,False,1,,,332.0,3230.0,
WDTC1,True,False,False,1,9.986104554024944,2751.0,,,
WFDC11,False,True,False,1,,,430.0,1999.0,
WFS1,True,False,False,1,10.954899964485575,2021.0,,,
WIPF3,True,False,False,1,8.942106571319401,3944.0,,,
WIPI2,False,True,False,1,,,458.0,1739.0,
WIZ,True,False,False,1,8.742334891667554,4208.0,,,
WLS,True,False,False,1,9.037912507059866,3802.0,,,
WNK2,True,True,False,2,23.52152248496414,96.0,543.0,1200.0,
WNT11,True,False,False,1,9.99294850473182,2743.0,,,
WNT2,True,False,False,1,8.478707498096787,4616.0,,,
WNT5A,True,False,False,1,13.09569574400282,1027.0,,,
WNT5B,True,False,False,1,10.821200199157982,2107.0,,,
WNT9A,True,False,False,1,9.2279562270604,3546.0,,,
WSCD1,True,False,False,1,11.332191269440916,1779.0,,,
WWC1,True,False,False,1,9.535231576286025,3208.0,,,
WWTR1,True,False,False,1,8.413460710384195,4711.0,,,
XAB2,True,True,False,2,12.772162131513475,1114.0,515.0,1339.0,
XG,True,False,False,1,9.615942289868777,3124.0,,,
XIRP1,True,False,False,1,35.847001854620125,19.0,,,
XIRP2,True,False,False,1,25.150316783491547,72.0,,,
XK,True,False,False,1,11.449638925506129,1705.0,,,
XKR4,False,True,False,1,,,272.0,4613.0,
XKR7,False,True,False,1,,,411.0,2195.0,
XPO1,False,True,False,1,,,719.0,626.0,
XPO4,True,False,False,1,9.58584506838984,3156.0,,,
XPO5,False,True,False,1,,,686.0,710.0,
XPO6,True,True,False,2,9.715375598514562,3008.0,322.0,3434.0,
XPO7,False,True,False,1,,,434.0,1959.0,
XRCC3,True,True,False,2,9.442665597235404,3308.0,312.0,3616.0,
XRCC5,False,True,False,1,,,266.0,4769.0,
XRCC6,False,True,False,1,,,363.0,2751.0,
XYLT1,True,False,False,1,9.37844336690718,3373.0,,,
YAP1,True,False,False,1,10.789403797640407,2127.0,,,
YEATS2,False,True,False,1,,,529.0,1257.0,
YIPF3,False,True,False,1,,,436.0,1944.0,
YKT6,True,True,False,2,9.182509187412464,3607.0,457.0,1747.0,
YME1L1,False,True,False,1,,,620.0,880.0,
YTHDC2,False,True,False,1,,,335.0,3172.0,
YTHDF1,False,True,False,1,,,455.0,1769.0,
YTHDF3,False,True,False,1,,,489.0,1516.0,
ZACN,True,False,False,1,9.351304816149248,3398.0,,,
ZAN,False,True,False,1,,,432.0,1980.0,
ZAP70,True,False,False,1,8.7843178343471,4144.0,,,
ZBBX,False,True,False,1,,,294.0,4040.0,
ZBED6,True,False,False,1,19.597507056091256,200.0,,,
ZBP1,False,True,False,1,,,506.0,1416.0,
ZBTB16,True,False,False,1,13.46792001514755,923.0,,,
ZBTB17,False,True,False,1,,,274.0,4552.0,
ZBTB22,True,False,False,1,11.352309357481229,1768.0,,,
ZBTB25,False,True,False,1,,,372.0,2628.0,
ZBTB37,False,True,False,1,,,565.0,1097.0,
ZBTB40,False,True,False,1,,,371.0,2648.0,
ZBTB45,True,True,False,2,8.82474340993711,4086.0,383.0,2504.0,
ZBTB47,True,False,False,1,11.7424371182226,1535.0,,,
ZBTB48,False,True,False,1,,,342.0,3077.0,
ZBTB7B,True,False,False,1,11.714477373169537,1553.0,,,
ZBTB8B,False,True,False,1,,,457.0,1758.0,
ZBTB9,True,False,False,1,8.932624474363374,3955.0,,,
ZC3H12A,True,False,False,1,8.970479195323207,3907.0,,,
ZC3H14,False,True,False,1,,,384.0,2488.0,
ZC3H18,False,True,False,1,,,290.0,4134.0,
ZC3H3,True,True,False,2,10.32303008223903,2462.0,329.0,3287.0,
ZC3H7B,True,True,False,2,10.46344414332668,2365.0,444.0,1867.0,
ZCCHC24,True,False,False,1,8.373568038150536,4772.0,,,
ZDHHC11,False,True,False,1,,,375.0,2598.0,
ZDHHC11B,True,True,False,2,9.865404608852696,2851.0,401.0,2291.0,
ZDHHC16,False,True,False,1,,,397.0,2337.0,
ZDHHC20,False,True,False,1,,,278.0,4449.0,
ZDHHC3,False,True,False,1,,,306.0,3745.0,
ZDHHC5,False,True,False,1,,,350.0,2952.0,
ZDHHC6,False,True,False,1,,,271.0,4637.0,
ZDHHC8,True,False,False,1,9.429084240352816,3325.0,,,
ZER1,True,True,False,2,9.809489220723894,2919.0,302.0,3840.0,
ZFC3H1,False,True,False,1,,,269.0,4687.0,
ZFP36,True,False,False,1,10.665631979091016,2212.0,,,
ZFP36L2,True,False,False,1,8.458142718822337,4650.0,,,
ZFP90,False,True,False,1,,,515.0,1343.0,
ZFP91-CNTF,True,False,False,1,8.947650798273045,3933.0,,,
ZFR,False,True,False,1,,,362.0,2758.0,
ZFR2,False,True,False,1,,,491.0,1502.0,
ZFTA,True,False,False,1,9.022729012340289,3824.0,,,
ZFY,True,False,False,1,16.291247761890038,403.0,,,
ZFYVE1,False,True,False,1,,,405.0,2249.0,
ZFYVE26,False,True,False,1,,,612.0,903.0,
ZFYVE27,True,True,False,2,8.805517084525864,4111.0,410.0,2202.0,
ZFYVE28,True,False,False,1,8.316174903428065,4877.0,,,
ZGPAT,True,False,False,1,10.903613756977125,2058.0,,,
ZHX2,True,False,False,1,8.350445778256768,4824.0,,,
ZKSCAN3,False,True,False,1,,,276.0,4508.0,
ZKSCAN5,False,True,False,1,,,307.0,3724.0,
ZKSCAN8,False,True,False,1,,,515.0,1345.0,
ZMIZ2,True,False,False,1,9.631492225986904,3100.0,,,
ZMYM3,True,True,False,2,8.462553722807337,4643.0,338.0,3139.0,
ZMYM4,False,True,False,1,,,449.0,1821.0,
ZNF12,False,True,False,1,,,308.0,3700.0,
ZNF131,False,True,False,1,,,522.0,1302.0,
ZNF133,False,True,False,1,,,401.0,2290.0,
ZNF134,False,True,False,1,,,304.0,3793.0,
ZNF142,False,True,False,1,,,265.0,4804.0,
ZNF146,False,True,False,1,,,273.0,4581.0,
ZNF154,False,True,False,1,,,276.0,4504.0,
ZNF185,True,False,False,1,11.45177700383857,1703.0,,,
ZNF197,False,True,False,1,,,622.0,871.0,
ZNF205,True,False,False,1,8.81005574966911,4106.0,,,
ZNF208,True,False,False,1,9.054439159605726,3779.0,,,
ZNF211,False,True,False,1,,,286.0,4233.0,
ZNF219,True,False,False,1,9.247144918776296,3521.0,,,
ZNF225,False,True,False,1,,,304.0,3795.0,
ZNF226,False,True,False,1,,,262.0,4907.0,
ZNF234,False,True,False,1,,,288.0,4200.0,
ZNF248,True,False,False,1,8.694811180233344,4268.0,,,
ZNF264,False,True,False,1,,,436.0,1941.0,
ZNF274,False,True,False,1,,,370.0,2664.0,
ZNF282,True,True,False,2,8.38318314460413,4749.0,387.0,2457.0,
ZNF3,False,True,False,1,,,300.0,3882.0,
ZNF318,False,True,False,1,,,493.0,1491.0,
ZNF324,False,True,False,1,,,293.0,4060.0,
ZNF324B,False,True,False,1,,,288.0,4195.0,
ZNF329,False,True,False,1,,,292.0,4093.0,
ZNF335,True,True,False,2,8.684525457358932,4283.0,484.0,1551.0,
ZNF347,False,True,False,1,,,287.0,4221.0,
ZNF358,True,False,False,1,10.25377618375892,2518.0,,,
ZNF365,True,False,False,1,8.531740982866156,4525.0,,,
ZNF366,True,False,False,1,8.793856903088109,4132.0,,,
ZNF382,False,True,False,1,,,297.0,3961.0,
ZNF383,False,True,False,1,,,389.0,2433.0,
ZNF384,True,False,False,1,8.655810803177797,4326.0,,,
ZNF385B,True,False,False,1,9.521379050363857,3232.0,,,
ZNF417,False,True,False,1,,,413.0,2173.0,
ZNF423,True,False,False,1,8.4598424978744,4646.0,,,
ZNF44,False,True,False,1,,,498.0,1460.0,
ZNF440,False,True,False,1,,,338.0,3143.0,
ZNF444,True,True,False,2,8.84686231541702,4068.0,460.0,1719.0,
ZNF445,False,True,False,1,,,709.0,651.0,
ZNF446,False,True,False,1,,,460.0,1717.0,
ZNF45,False,True,False,1,,,335.0,3177.0,
ZNF451,False,True,False,1,,,383.0,2503.0,
ZNF460,True,False,False,1,8.596388740794119,4416.0,,,
ZNF461,False,True,False,1,,,311.0,3648.0,
ZNF467,True,False,False,1,8.359127756673177,4798.0,,,
ZNF469,True,False,False,1,11.07807492136341,1941.0,,,
ZNF483,False,True,False,1,,,445.0,1860.0,
ZNF491,False,True,False,1,,,319.0,3483.0,
ZNF507,False,True,False,1,,,325.0,3374.0,
ZNF510,False,True,False,1,,,299.0,3899.0,
ZNF512B,True,True,False,2,11.393026241290151,1742.0,316.0,3535.0,
ZNF513,True,True,False,2,9.64954673664101,3085.0,587.0,993.0,
ZNF514,False,True,False,1,,,709.0,647.0,
ZNF517,False,True,False,1,,,534.0,1236.0,
ZNF519,False,True,False,1,,,334.0,3201.0,
ZNF521,True,False,False,1,9.36677417185363,3382.0,,,
ZNF529,False,True,False,1,,,548.0,1184.0,
ZNF540,False,True,False,1,,,408.0,2220.0,
ZNF546,False,True,False,1,,,323.0,3418.0,
ZNF548,False,True,False,1,,,335.0,3185.0,
ZNF549,False,True,False,1,,,609.0,913.0,
ZNF554,False,True,False,1,,,395.0,2362.0,
ZNF556,False,True,False,1,,,762.0,553.0,
ZNF561,False,True,False,1,,,343.0,3062.0,
ZNF566,False,True,False,1,,,264.0,4845.0,
ZNF571,False,True,False,1,,,512.0,1369.0,
ZNF574,True,False,False,1,8.341281436883438,4837.0,,,
ZNF586,False,True,False,1,,,419.0,2119.0,
ZNF592,False,True,False,1,,,430.0,1997.0,
ZNF594,False,True,False,1,,,396.0,2350.0,
ZNF598,True,True,False,2,9.814539537340623,2903.0,357.0,2846.0,
ZNF606,False,True,False,1,,,368.0,2689.0,
ZNF608,True,False,False,1,8.863160741333255,4049.0,,,
ZNF609,False,True,False,1,,,281.0,4357.0,
ZNF615,False,True,False,1,,,264.0,4849.0,
ZNF621,False,True,False,1,,,505.0,1424.0,
ZNF629,True,True,False,2,9.024142688456074,3819.0,409.0,2210.0,
ZNF638,False,True,False,1,,,375.0,2592.0,
ZNF644,False,True,False,1,,,325.0,3370.0,
ZNF653,False,True,False,1,,,369.0,2677.0,
ZNF668,True,False,False,1,9.246072367830417,3522.0,,,
ZNF670-ZNF695,False,True,False,1,,,535.0,1232.0,
ZNF679,False,True,False,1,,,429.0,2013.0,
ZNF692,True,True,False,2,9.14143029193274,3661.0,271.0,4648.0,
ZNF7,False,True,False,1,,,416.0,2145.0,
ZNF703,True,False,False,1,9.816323767460045,2901.0,,,
ZNF704,True,False,False,1,12.049193156397548,1392.0,,,
ZNF707,False,True,False,1,,,334.0,3212.0,
ZNF710,True,False,False,1,9.538217230338642,3203.0,,,
ZNF711,True,False,False,1,11.580878534130006,1630.0,,,
ZNF713,False,True,False,1,,,280.0,4387.0,
ZNF727,False,True,False,1,,,417.0,2141.0,
ZNF74,False,True,False,1,,,264.0,4844.0,
ZNF75D,False,True,False,1,,,305.0,3764.0,
ZNF76,True,True,False,2,9.420345249134613,3335.0,627.0,856.0,
ZNF765,False,True,False,1,,,280.0,4388.0,
ZNF768,True,True,False,2,11.965295863019156,1429.0,479.0,1597.0,
ZNF773,False,True,False,1,,,297.0,3960.0,
ZNF776,False,True,False,1,,,371.0,2643.0,
ZNF777,True,False,False,1,8.75959911359989,4187.0,,,
ZNF780A,False,True,False,1,,,425.0,2060.0,
ZNF780B,False,True,False,1,,,271.0,4661.0,
ZNF782,False,True,False,1,,,473.0,1631.0,
ZNF783,False,True,False,1,,,380.0,2542.0,
ZNF787,True,False,False,1,9.19265342685346,3595.0,,,
ZNF789,False,True,False,1,,,447.0,1845.0,
ZNF81,False,True,False,1,,,367.0,2700.0,
ZNF814,False,True,False,1,,,390.0,2421.0,
ZNF83,False,True,False,1,,,295.0,4023.0,
ZNF831,False,True,False,1,,,379.0,2549.0,
ZNF84,False,True,False,1,,,344.0,3050.0,
ZNF846,False,True,False,1,,,350.0,2954.0,
ZNF852,False,True,False,1,,,346.0,3017.0,
ZNF853,True,True,False,2,10.807553590259644,2120.0,268.0,4720.0,
ZNF862,True,True,False,2,8.615198589585777,4389.0,427.0,2034.0,
ZNF865,True,False,False,1,11.844967471717348,1489.0,,,
ZNF875,False,True,False,1,,,353.0,2916.0,
ZNF891,False,True,False,1,,,509.0,1396.0,
ZP4,False,True,False,1,,,415.0,2149.0,
ZPBP2,False,True,False,1,,,476.0,1614.0,
ZSCAN10,False,True,False,1,,,281.0,4346.0,
ZSCAN25,False,True,False,1,,,460.0,1721.0,
ZSCAN29,False,True,False,1,,,348.0,2984.0,
ZSCAN30,False,True,False,1,,,568.0,1083.0,
ZSWIM4,True,False,False,1,11.300231788242954,1806.0,,,
ZSWIM8,True,True,False,2,10.281151064580248,2493.0,569.0,1079.0,
ZWINT,True,False,False,1,8.34263215159718,4835.0,,,
ZXDC,False,True,False,1,,,360.0,2790.0,
ZYX,True,False,False,1,12.260516545756152,1306.0,,,
ZZEF1,True,True,False,2,8.87858196985585,4027.0,557.0,1139.0,
ZZZ3,False,True,False,1,,,277.0,4465.0,
